order_id,order_date,ship_date,segment,city,region,category,product,quantity,unit_price,discount,sales,profit,ship_mode
10000,2021-01-24,2021-01-27,Loyalty Member,Cape Town,Western Cape,Footwear,Slippers,2,390.15,0,780.3,68.0,Standard
10001,2021-09-07,2021-09-13,Regular,Richards Bay,KwaZulu-Natal,Kids Clothing,Winter Jackets,1,475.99,0,475.99,117.83,Standard
10002,2022-04-25,2022-04-28,Regular,Stellenbosch,Western Cape,Footwear,Slippers,5,500.64,0.3,1752.24,365.68,Click and Collect
10003,2024-02-18,2024-02-21,Loyalty Member,Mthatha,Eastern Cape,Kids Clothing,Summer Dresses,2,112.37,0.05,213.5,56.69,Click and Collect
10004,2022-02-13,2022-02-16,Regular,Sandton,Gauteng,Kids Clothing,Pyjama Sets,5,446.93,0,2234.65,505.46,Standard
10005,2022-03-15,2022-03-19,Loyalty Member,Pretoria,Gauteng,Footwear,School Shoes,4,508.12,0.15,1727.61,304.54,Standard
10006,2023-04-21,2023-04-25,Regular,Soweto,Gauteng,Kids Clothing,Pyjama Sets,9,363.88,0.2,2619.94,774.13,Standard
10007,2022-03-17,2022-03-21,Loyalty Member,Cape Town,Western Cape,Kids Clothing,Summer Dresses,7,393.17,0.2,2201.75,377.8,Click and Collect
10008,2023-09-28,2023-09-28,Loyalty Member,Durban,KwaZulu-Natal,Kids Clothing,Winter Jackets,6,145.89,0.2,700.27,82.6,Standard
10009,2023-09-25,2023-09-27,Loyalty Member,Johannesburg,Gauteng,Kids Clothing,Pyjama Sets,9,399.57,0,3596.13,610.4,Standard
10010,2021-10-11,2021-10-15,Loyalty Member,Stellenbosch,Western Cape,Footwear,Sneakers,4,118.54,0,474.16,47.68,Standard
10011,2021-09-25,2021-09-27,Wholesale,Stellenbosch,Western Cape,Kids Clothing,Denim Jeans,10,304.8,0.05,2895.6,877.19,Express
10012,2022-12-10,2022-12-14,Regular,Mokopane,Limpopo,Accessories,Hair Accessories,2,215.43,0,430.86,69.43,Standard
10013,2022-10-08,2022-10-09,Regular,Paarl,Western Cape,Kids Clothing,School Uniforms,6,125.14,0.05,713.3,104.74,Standard
10014,2022-12-19,2022-12-24,Loyalty Member,Soweto,Gauteng,Kids Clothing,School Uniforms,7,269.69,0.2,1510.26,290.1,Express
10015,2021-01-13,2021-01-19,Regular,Johannesburg,Gauteng,Kids Clothing,Casual T-Shirts,3,304.16,0.1,821.23,156.88,Click and Collect
10016,2021-08-26,2021-08-28,Regular,Port Elizabeth,Eastern Cape,Accessories,School Bags,2,561.45,0.05,1066.76,127.92,Standard
10017,2022-07-02,2022-07-04,Regular,Soweto,Gauteng,Footwear,Boots,5,304.73,0.3,1066.56,124.95,Standard
10018,2021-10-24,2021-10-28,Regular,Stellenbosch,Western Cape,Kids Clothing,Denim Jeans,9,169.29,0,1523.61,433.2,Standard
10019,2021-11-28,2021-11-28,Loyalty Member,Pretoria,Gauteng,Kids Clothing,School Uniforms,7,424.26,0.15,2524.35,768.23,Standard
10020,2023-04-09,2023-04-13,Regular,Paarl,Western Cape,Kids Clothing,Swimwear,2,93.75,0,187.5,18.3,Standard
10021,2023-03-12,2023-03-13,Regular,East London,Eastern Cape,Kids Clothing,Denim Jeans,5,400.96,0,2004.8,481.73,Standard
10022,2021-03-09,2021-03-10,Loyalty Member,Mthatha,Eastern Cape,Kids Clothing,Denim Jeans,4,454.98,0.05,1728.92,423.58,Click and Collect
10023,2024-05-28,2024-05-28,Loyalty Member,Stellenbosch,Western Cape,Kids Clothing,Winter Jackets,3,413.93,0.1,1117.61,132.75,Standard
10024,2024-09-01,2024-09-02,Wholesale,Paarl,Western Cape,Kids Clothing,Swimwear,6,386.08,0,2316.48,424.26,Standard
10025,2023-01-12,2023-01-14,Regular,Richards Bay,KwaZulu-Natal,Footwear,Boots,10,471.23,0.05,4476.69,1287.07,Click and Collect
10026,2022-07-01,2022-07-03,Loyalty Member,Pietermaritzburg,KwaZulu-Natal,Kids Clothing,Pyjama Sets,4,225.07,0,900.28,154.68,Standard
10027,2024-04-07,2024-04-14,Regular,East London,Eastern Cape,Footwear,Sandals,4,101.07,0.05,384.07,67.45,Standard
10028,2021-05-12,2021-05-18,Wholesale,Sandton,Gauteng,Kids Clothing,Winter Jackets,3,385.1,0.1,1039.77,92.73,Standard
10029,2023-12-26,2023-12-28,Regular,Johannesburg,Gauteng,Kids Clothing,Winter Jackets,1,450.48,0,450.48,92.25,Express
10030,2022-06-14,2022-06-15,Loyalty Member,Tzaneen,Limpopo,Footwear,School Shoes,5,347.63,0.2,1390.52,220.1,Express
10031,2022-04-14,2022-04-20,Loyalty Member,Mokopane,Limpopo,Kids Clothing,Denim Jeans,5,296.1,0,1480.5,226.41,Standard
10032,2023-08-15,2023-08-19,Regular,Richards Bay,KwaZulu-Natal,Accessories,Sun Hats,2,233.73,0.15,397.34,40.69,Click and Collect
10033,2022-11-10,2022-11-12,Regular,Port Elizabeth,Eastern Cape,Kids Clothing,Casual T-Shirts,10,522.37,0,5223.7,988.85,Click and Collect
10034,2022-12-23,2022-12-27,Regular,Pretoria,Gauteng,Footwear,School Shoes,7,200.61,0.3,982.99,90.49,Standard
10035,2021-08-05,2021-08-12,Wholesale,Sandton,Gauteng,Accessories,Belts,9,306.64,0.3,1931.83,570.53,Express
10036,2024-08-09,2024-08-16,Regular,Paarl,Western Cape,Footwear,Boots,4,229.04,0,916.16,230.19,Standard
10037,2023-06-18,2023-06-19,Regular,Cape Town,Western Cape,Kids Clothing,Summer Dresses,2,300.58,0.15,510.99,107.42,Standard
10038,2022-07-13,2022-07-20,Loyalty Member,Johannesburg,Gauteng,Footwear,Boots,8,92.01,0.15,625.67,94.89,Standard
10039,2024-09-24,2024-09-28,Regular,Pretoria,Gauteng,Kids Clothing,Casual T-Shirts,1,287.32,0.2,229.86,58.34,Express
10040,2022-10-18,2022-10-19,Loyalty Member,Mthatha,Eastern Cape,Kids Clothing,Pyjama Sets,7,158.21,0.3,775.23,95.83,Standard
10041,2023-04-15,2023-04-18,Regular,Soweto,Gauteng,Accessories,Hair Accessories,5,514.8,0.3,1801.8,152.53,Standard
10042,2023-04-21,2023-04-22,Regular,Richards Bay,KwaZulu-Natal,Kids Clothing,Summer Dresses,4,517.01,0,2068.04,283.84,Standard
10043,2021-10-07,2021-10-11,Regular,Pietermaritzburg,KwaZulu-Natal,Footwear,School Shoes,3,581.01,0,1743.03,381.52,Click and Collect
10044,2024-07-23,2024-07-25,Loyalty Member,Paarl,Western Cape,Kids Clothing,Pyjama Sets,5,522.65,0,2613.25,708.44,Standard
10045,2021-06-18,2021-06-22,Regular,Durban,KwaZulu-Natal,Kids Clothing,Swimwear,7,508.39,0,3558.73,654.97,Standard
10046,2024-12-05,2024-12-09,Wholesale,Paarl,Western Cape,Kids Clothing,Swimwear,9,484.07,0.3,3049.64,562.77,Express
10047,2023-06-28,2023-06-28,Regular,Port Elizabeth,Eastern Cape,Kids Clothing,Swimwear,8,379.62,0.2,2429.57,390.52,Standard
10048,2023-03-16,2023-03-18,Regular,Sandton,Gauteng,Accessories,Scarves,9,94.18,0.05,805.24,80.96,Express
10049,2024-09-25,2024-09-27,Loyalty Member,Richards Bay,KwaZulu-Natal,Kids Clothing,School Uniforms,2,239.06,0.2,382.5,94.11,Standard
10050,2023-08-18,2023-08-23,Regular,Sandton,Gauteng,Kids Clothing,Winter Jackets,5,206.57,0.05,981.21,152.81,Express
10051,2022-04-07,2022-04-13,Wholesale,Sandton,Gauteng,Footwear,Sneakers,4,273.05,0.1,982.98,81.98,Standard
10052,2023-01-02,2023-01-07,Loyalty Member,Pretoria,Gauteng,Footwear,School Shoes,1,381.77,0.3,267.24,52.08,Standard
10053,2021-05-28,2021-05-28,Regular,Cape Town,Western Cape,Kids Clothing,Pyjama Sets,1,166.38,0.1,149.74,15.04,Standard
10054,2024-10-20,2024-10-27,Regular,Richards Bay,KwaZulu-Natal,Accessories,Scarves,10,593.92,0.1,5345.28,1157.1,Standard
10055,2021-04-21,2021-04-23,Regular,Johannesburg,Gauteng,Kids Clothing,School Uniforms,3,90.36,0.3,189.76,46.58,Standard
10056,2021-04-10,2021-04-16,Regular,Soweto,Gauteng,Kids Clothing,Winter Jackets,10,426.2,0.05,4048.9,737.03,Standard
10057,2022-05-27,2022-05-28,Loyalty Member,Cape Town,Western Cape,Kids Clothing,Swimwear,10,558.81,0.3,3911.67,429.68,Express
10058,2024-05-17,2024-05-22,Loyalty Member,Johannesburg,Gauteng,Accessories,Scarves,10,216.69,0,2166.9,292.41,Express
10059,2021-11-27,2021-11-28,Regular,Pretoria,Gauteng,Footwear,Sneakers,3,597.44,0.2,1433.86,333.15,Standard
10060,2021-08-12,2021-08-16,Loyalty Member,Johannesburg,Gauteng,Kids Clothing,Pyjama Sets,8,235.99,0.2,1510.34,415.73,Standard
10061,2024-02-11,2024-02-14,Loyalty Member,Soweto,Gauteng,Footwear,School Shoes,9,324.61,0,2921.49,365.24,Standard
10062,2024-11-15,2024-11-22,Regular,Stellenbosch,Western Cape,Accessories,Hair Accessories,8,150.93,0.05,1147.07,287.17,Standard
10063,2021-09-14,2021-09-15,Regular,Cape Town,Western Cape,Kids Clothing,Swimwear,3,343.17,0.1,926.56,187.28,Standard
10064,2024-08-08,2024-08-12,Regular,Soweto,Gauteng,Kids Clothing,Pyjama Sets,3,529.65,0.1,1430.05,379.6,Click and Collect
10065,2023-09-09,2023-09-16,Regular,Paarl,Western Cape,Kids Clothing,Pyjama Sets,8,530.28,0.3,2969.57,621.41,Standard
10066,2024-08-11,2024-08-18,Regular,Paarl,Western Cape,Kids Clothing,Swimwear,7,111.26,0.3,545.17,135.89,Express
10067,2024-11-26,2024-11-28,Regular,Durban,KwaZulu-Natal,Kids Clothing,Denim Jeans,10,258.32,0,2583.2,748.63,Standard
10068,2024-01-24,2024-01-26,Regular,Pretoria,Gauteng,Footwear,Sneakers,6,406.86,0.2,1952.93,460.81,Click and Collect
10069,2024-06-21,2024-06-27,Loyalty Member,East London,Eastern Cape,Kids Clothing,School Uniforms,4,410.89,0.1,1479.2,472.43,Express
10070,2024-02-25,2024-02-28,Regular,Durban,KwaZulu-Natal,Footwear,School Shoes,1,254.43,0,254.43,38.27,Standard
10071,2022-04-17,2022-04-21,Regular,Pretoria,Gauteng,Kids Clothing,Swimwear,7,405.05,0.05,2693.58,537.21,Standard
10072,2022-08-21,2022-08-24,Loyalty Member,Johannesburg,Gauteng,Kids Clothing,Winter Jackets,9,169.57,0.3,1068.29,327.81,Click and Collect
10073,2023-11-14,2023-11-20,Regular,Sandton,Gauteng,Kids Clothing,Casual T-Shirts,2,209.97,0.15,356.95,77.8,Click and Collect
10074,2023-01-27,2023-01-28,Loyalty Member,Johannesburg,Gauteng,Footwear,School Shoes,10,469.04,0.1,4221.36,1123.63,Standard
10075,2023-04-21,2023-04-23,Loyalty Member,Richards Bay,KwaZulu-Natal,Footwear,Sandals,2,549.74,0,1099.48,169.48,Standard
10076,2023-12-05,2023-12-06,Loyalty Member,East London,Eastern Cape,Kids Clothing,Summer Dresses,9,535.99,0.15,4100.32,850.43,Click and Collect
10077,2022-05-27,2022-05-28,Loyalty Member,Tzaneen,Limpopo,Kids Clothing,School Uniforms,8,580.08,0,4640.64,1211.19,Standard
10078,2024-09-12,2024-09-13,Regular,Durban,KwaZulu-Natal,Kids Clothing,Winter Jackets,5,387.13,0.15,1645.3,174.41,Standard
10079,2021-10-18,2021-10-21,Loyalty Member,Port Elizabeth,Eastern Cape,Footwear,Boots,5,420.11,0,2100.55,238.51,Click and Collect
10080,2023-08-04,2023-08-05,Regular,Paarl,Western Cape,Kids Clothing,Pyjama Sets,9,302.75,0,2724.75,796.99,Express
10081,2024-10-14,2024-10-17,Regular,Stellenbosch,Western Cape,Kids Clothing,Summer Dresses,6,139.67,0.15,712.32,150.07,Click and Collect
10082,2023-01-13,2023-01-16,Wholesale,Cape Town,Western Cape,Footwear,School Shoes,4,416.27,0,1665.08,153.42,Standard
10083,2022-10-07,2022-10-08,Regular,Mthatha,Eastern Cape,Kids Clothing,Swimwear,4,256.57,0,1026.28,276.35,Standard
10084,2023-03-05,2023-03-10,Regular,Pretoria,Gauteng,Accessories,Sun Hats,1,271.7,0.05,258.11,57.13,Standard
10085,2023-01-05,2023-01-11,Loyalty Member,Johannesburg,Gauteng,Kids Clothing,Swimwear,6,350.75,0,2104.5,396.66,Standard
10086,2021-12-26,2021-12-28,Regular,Pietermaritzburg,KwaZulu-Natal,Accessories,School Bags,8,521.12,0.2,3335.17,815.99,Standard
10087,2024-02-03,2024-02-06,Regular,Durban,KwaZulu-Natal,Footwear,Slippers,9,452.2,0.2,3255.84,1037.67,Standard
10088,2024-09-20,2024-09-24,Regular,Paarl,Western Cape,Footwear,Slippers,4,308.34,0.05,1171.69,210.1,Express
10089,2024-07-24,2024-07-25,Loyalty Member,Sandton,Gauteng,Kids Clothing,Summer Dresses,8,123.24,0,985.92,100.93,Standard
10090,2023-03-18,2023-03-19,Loyalty Member,Sandton,Gauteng,Kids Clothing,Swimwear,7,531.73,0,3722.11,1162.85,Express
10091,2023-02-19,2023-02-24,Regular,Paarl,Western Cape,Footwear,Sneakers,9,276.46,0.1,2239.33,487.69,Express
10092,2021-10-22,2021-10-28,Regular,Durban,KwaZulu-Natal,Footwear,Sneakers,6,268.02,0,1608.12,464.37,Standard
10093,2024-02-05,2024-02-11,Regular,Durban,KwaZulu-Natal,Kids Clothing,Casual T-Shirts,7,320.36,0,2242.52,378.57,Express
10094,2021-01-05,2021-01-07,Loyalty Member,Durban,KwaZulu-Natal,Kids Clothing,Pyjama Sets,7,336.69,0.3,1649.78,295.98,Standard
10095,2021-06-14,2021-06-15,Regular,Soweto,Gauteng,Kids Clothing,Summer Dresses,7,591.07,0,4137.49,338.63,Standard
10096,2022-03-25,2022-03-28,Regular,Johannesburg,Gauteng,Footwear,Sandals,3,282.91,0.05,806.29,161.31,Express
10097,2023-02-13,2023-02-20,Regular,Pietermaritzburg,KwaZulu-Natal,Accessories,Scarves,10,307.93,0.2,2463.44,616.55,Standard
10098,2021-07-01,2021-07-04,Regular,Paarl,Western Cape,Footwear,Sneakers,2,311.72,0,623.44,86.28,Standard
10099,2021-07-28,2021-07-28,Regular,Durban,KwaZulu-Natal,Kids Clothing,Denim Jeans,2,359.61,0.05,683.26,203.22,Standard
10100,2022-04-04,2022-04-06,Loyalty Member,Pretoria,Gauteng,Footwear,School Shoes,3,574.16,0.3,1205.74,230.72,Standard
10101,2024-11-19,2024-11-25,Regular,Richards Bay,KwaZulu-Natal,Accessories,Scarves,3,313.28,0.3,657.89,122.45,Standard
10102,2023-10-02,2023-10-05,Regular,Sandton,Gauteng,Kids Clothing,Winter Jackets,5,128.13,0,640.65,145.81,Standard
10103,2024-10-18,2024-10-25,Regular,Durban,KwaZulu-Natal,Footwear,Sandals,6,397.55,0,2385.3,739.09,Standard
10104,2023-12-03,2023-12-08,Regular,Durban,KwaZulu-Natal,Kids Clothing,Casual T-Shirts,9,355.6,0,3200.4,535.54,Click and Collect
10105,2024-07-25,2024-07-28,Loyalty Member,Durban,KwaZulu-Natal,Footwear,School Shoes,6,137.2,0.2,658.56,97.6,Express
10106,2022-06-03,2022-06-08,Regular,Pietermaritzburg,KwaZulu-Natal,Footwear,Boots,3,392.47,0,1177.41,181.67,Standard
10107,2023-03-22,2023-03-28,Wholesale,Mthatha,Eastern Cape,Accessories,School Bags,7,348.33,0,2438.31,407.25,Standard
10108,2022-06-25,2022-06-28,Regular,Cape Town,Western Cape,Kids Clothing,Swimwear,2,347.92,0,695.84,166.21,Click and Collect
10109,2022-10-13,2022-10-15,Loyalty Member,Paarl,Western Cape,Footwear,Sandals,8,111.28,0.15,756.7,183.37,Standard
10110,2024-10-10,2024-10-17,Regular,Pietermaritzburg,KwaZulu-Natal,Kids Clothing,Swimwear,8,550.03,0.05,4180.23,703.46,Click and Collect
10111,2024-08-25,2024-08-28,Regular,Richards Bay,KwaZulu-Natal,Accessories,Sun Hats,10,159.58,0.1,1436.22,132.88,Standard
10112,2023-09-04,2023-09-10,Regular,Port Elizabeth,Eastern Cape,Footwear,Sneakers,8,550.71,0,4405.68,1231.17,Standard
10113,2022-08-12,2022-08-13,Regular,Soweto,Gauteng,Kids Clothing,School Uniforms,6,203.51,0.15,1037.9,314.9,Express
10114,2023-03-05,2023-03-06,Loyalty Member,Soweto,Gauteng,Kids Clothing,Pyjama Sets,8,317.79,0,2542.32,756.1,Standard
10115,2022-03-18,2022-03-24,Regular,Pietermaritzburg,KwaZulu-Natal,Kids Clothing,Winter Jackets,2,113.35,0.2,181.36,42.32,Express
10116,2021-02-27,2021-02-28,Loyalty Member,Johannesburg,Gauteng,Kids Clothing,Pyjama Sets,3,237.55,0,712.65,162.17,Standard
10117,2024-03-22,2024-03-28,Regular,Stellenbosch,Western Cape,Kids Clothing,Denim Jeans,9,371.62,0.2,2675.66,774.87,Standard
10118,2024-06-09,2024-06-15,Regular,Cape Town,Western Cape,Footwear,School Shoes,10,463.95,0.15,3943.57,441.75,Standard
10119,2023-11-06,2023-11-13,Wholesale,Pietermaritzburg,KwaZulu-Natal,Kids Clothing,Summer Dresses,3,121.18,0.3,254.48,22.62,Standard
10120,2022-01-11,2022-01-14,Regular,Soweto,Gauteng,Footwear,Sandals,5,271.06,0,1355.3,390.04,Standard
10121,2021-06-14,2021-06-18,Regular,Pietermaritzburg,KwaZulu-Natal,Kids Clothing,Pyjama Sets,8,276.35,0.1,1989.72,541.75,Express
10122,2021-07-20,2021-07-27,Regular,Stellenbosch,Western Cape,Kids Clothing,Pyjama Sets,5,245.31,0.2,981.24,117.74,Standard
10123,2024-01-24,2024-01-28,Wholesale,Mthatha,Eastern Cape,Kids Clothing,Swimwear,1,127.27,0.2,101.82,17.02,Express
10124,2022-01-05,2022-01-12,Regular,Pietermaritzburg,KwaZulu-Natal,Kids Clothing,Swimwear,6,273.7,0,1642.2,369.86,Express
10125,2023-06-15,2023-06-22,Regular,Cape Town,Western Cape,Kids Clothing,Pyjama Sets,5,216.3,0,1081.5,93.25,Standard
10126,2024-09-04,2024-09-07,Regular,Richards Bay,KwaZulu-Natal,Accessories,Scarves,8,191.09,0,1528.72,435.19,Standard
10127,2024-02-26,2024-02-28,Loyalty Member,Tzaneen,Limpopo,Footwear,Slippers,9,237.08,0.1,1920.35,546.01,Express
10128,2022-06-17,2022-06-19,Loyalty Member,Cape Town,Western Cape,Kids Clothing,Casual T-Shirts,1,273.06,0.15,232.1,44.6,Click and Collect
10129,2022-10-03,2022-10-04,Regular,Soweto,Gauteng,Footwear,Slippers,2,152.92,0.15,259.96,60.87,Standard
10130,2023-03-27,2023-03-28,Loyalty Member,Pretoria,Gauteng,Kids Clothing,Denim Jeans,1,513.01,0,513.01,78.49,Standard
10131,2022-06-17,2022-06-20,Regular,East London,Eastern Cape,Accessories,Scarves,3,407.76,0,1223.28,245.41,Standard
10132,2022-03-22,2022-03-27,Regular,Richards Bay,KwaZulu-Natal,Accessories,School Bags,1,130.42,0.1,117.38,27.73,Express
10133,2024-10-21,2024-10-22,Loyalty Member,Sandton,Gauteng,Kids Clothing,Summer Dresses,7,240.69,0,1684.83,413.23,Standard
10134,2024-08-15,2024-08-17,Regular,Pretoria,Gauteng,Footwear,Sneakers,7,155.69,0.15,926.36,188.6,Standard
10135,2022-08-04,2022-08-07,Regular,Pretoria,Gauteng,Kids Clothing,Casual T-Shirts,10,302.25,0,3022.5,831.9,Click and Collect
10136,2023-04-25,2023-04-27,Regular,Soweto,Gauteng,Kids Clothing,School Uniforms,2,571.07,0.3,799.5,249.45,Standard
10137,2023-01-02,2023-01-05,Regular,Soweto,Gauteng,Kids Clothing,School Uniforms,7,157.31,0.1,991.05,252.32,Express
10138,2023-01-13,2023-01-14,Regular,Pretoria,Gauteng,Kids Clothing,Casual T-Shirts,9,318.68,0.1,2581.31,717.8,Express
10139,2021-03-04,2021-03-08,Loyalty Member,Sandton,Gauteng,Kids Clothing,Summer Dresses,4,396.26,0.2,1268.03,253.63,Standard
10140,2022-12-11,2022-12-18,Regular,Soweto,Gauteng,Accessories,Sun Hats,6,564.0,0.15,2876.4,342.29,Click and Collect
10141,2023-10-11,2023-10-16,Regular,Mthatha,Eastern Cape,Kids Clothing,Casual T-Shirts,1,276.86,0,276.86,87.26,Standard
10142,2021-10-16,2021-10-19,Loyalty Member,Mokopane,Limpopo,Footwear,Slippers,8,175.96,0.2,1126.14,130.03,Express
10143,2021-10-23,2021-10-24,Regular,Stellenbosch,Western Cape,Kids Clothing,Pyjama Sets,4,298.29,0.3,835.21,241.77,Express
10144,2021-12-05,2021-12-10,Wholesale,Stellenbosch,Western Cape,Kids Clothing,Casual T-Shirts,6,576.91,0.3,2423.02,724.26,Standard
10145,2023-11-25,2023-11-28,Loyalty Member,Richards Bay,KwaZulu-Natal,Kids Clothing,Casual T-Shirts,4,577.24,0.1,2078.06,444.58,Standard
10146,2023-05-23,2023-05-25,Regular,Pietermaritzburg,KwaZulu-Natal,Kids Clothing,Swimwear,5,235.77,0.2,943.08,278.19,Standard
10147,2023-03-10,2023-03-11,Regular,Johannesburg,Gauteng,Kids Clothing,Winter Jackets,8,198.13,0.1,1426.54,433.56,Express
10148,2022-02-20,2022-02-26,Regular,Pretoria,Gauteng,Accessories,Sun Hats,4,115.77,0.2,370.46,59.0,Standard
10149,2022-01-18,2022-01-20,Regular,Soweto,Gauteng,Kids Clothing,Winter Jackets,6,234.56,0,1407.36,419.26,Standard
10150,2022-09-24,2022-09-28,Wholesale,Port Elizabeth,Eastern Cape,Kids Clothing,Swimwear,3,565.3,0,1695.9,541.54,Standard
10151,2024-03-24,2024-03-28,Regular,Polokwane,Limpopo,Kids Clothing,School Uniforms,6,234.13,0.3,983.35,288.54,Standard
10152,2024-05-07,2024-05-14,Loyalty Member,Cape Town,Western Cape,Footwear,Sandals,1,464.68,0.1,418.21,90.45,Express
10153,2022-10-28,2022-10-28,Regular,East London,Eastern Cape,Kids Clothing,Pyjama Sets,2,183.24,0,366.48,71.31,Click and Collect
10154,2021-05-13,2021-05-15,Wholesale,Sandton,Gauteng,Kids Clothing,Pyjama Sets,10,94.83,0.15,806.05,198.5,Standard
10155,2021-08-10,2021-08-12,Loyalty Member,Sandton,Gauteng,Footwear,Sneakers,6,402.46,0.05,2294.02,710.61,Standard
10156,2024-12-20,2024-12-23,Loyalty Member,Soweto,Gauteng,Footwear,Sandals,4,435.97,0,1743.88,359.45,Standard
10157,2023-02-19,2023-02-20,Wholesale,Paarl,Western Cape,Kids Clothing,Denim Jeans,3,172.91,0.3,363.11,39.18,Standard
10158,2024-02-17,2024-02-21,Regular,East London,Eastern Cape,Kids Clothing,Denim Jeans,1,373.99,0.1,336.59,85.35,Standard
10159,2021-12-07,2021-12-12,Regular,Stellenbosch,Western Cape,Kids Clothing,School Uniforms,2,591.93,0.3,828.7,72.61,Standard
10160,2022-11-24,2022-11-28,Wholesale,Tzaneen,Limpopo,Kids Clothing,Swimwear,7,280.58,0,1964.06,465.18,Standard
10161,2022-09-13,2022-09-18,Loyalty Member,Cape Town,Western Cape,Footwear,Sneakers,8,432.48,0.2,2767.87,574.79,Express
10162,2022-08-12,2022-08-14,Regular,Johannesburg,Gauteng,Footwear,Slippers,1,211.74,0,211.74,22.07,Standard
10163,2021-04-24,2021-04-25,Regular,Pretoria,Gauteng,Footwear,School Shoes,3,345.99,0.1,934.17,127.23,Click and Collect
10164,2023-10-20,2023-10-27,Regular,Pietermaritzburg,KwaZulu-Natal,Accessories,Belts,4,299.92,0.1,1079.71,102.17,Click and Collect
10165,2022-11-22,2022-11-26,Wholesale,Johannesburg,Gauteng,Accessories,Hair Accessories,9,251.55,0.2,1811.16,322.35,Standard
10166,2022-09-16,2022-09-18,Loyalty Member,East London,Eastern Cape,Kids Clothing,Casual T-Shirts,1,375.82,0.2,300.66,64.27,Standard
10167,2022-05-07,2022-05-10,Loyalty Member,Pietermaritzburg,KwaZulu-Natal,Kids Clothing,Pyjama Sets,4,115.28,0.2,368.9,89.16,Express
10168,2021-04-26,2021-04-28,Regular,Pretoria,Gauteng,Accessories,Scarves,5,577.08,0,2885.4,377.51,Standard
10169,2021-12-25,2021-12-28,Loyalty Member,Mthatha,Eastern Cape,Kids Clothing,Summer Dresses,9,253.02,0.1,2049.46,351.19,Standard
10170,2023-05-09,2023-05-12,Regular,Soweto,Gauteng,Footwear,Boots,6,555.31,0.15,2832.08,439.26,Standard
10171,2022-12-05,2022-12-06,Regular,Soweto,Gauteng,Kids Clothing,Summer Dresses,7,379.59,0.05,2524.27,504.43,Express
10172,2023-05-25,2023-05-28,Regular,Soweto,Gauteng,Footwear,Sneakers,3,160.38,0.3,336.8,41.82,Click and Collect
10173,2021-09-02,2021-09-09,Regular,Mthatha,Eastern Cape,Kids Clothing,Summer Dresses,4,123.66,0,494.64,40.66,Standard
10174,2023-01-20,2023-01-26,Wholesale,Richards Bay,KwaZulu-Natal,Footwear,School Shoes,1,360.43,0.2,288.34,23.89,Standard
10175,2023-09-10,2023-09-11,Loyalty Member,Soweto,Gauteng,Accessories,School Bags,2,356.44,0.05,677.24,85.38,Standard
10176,2023-05-26,2023-05-28,Regular,Stellenbosch,Western Cape,Kids Clothing,Pyjama Sets,4,241.99,0,967.96,229.31,Click and Collect
10177,2021-02-13,2021-02-17,Regular,Soweto,Gauteng,Kids Clothing,Summer Dresses,2,343.93,0.2,550.29,129.2,Standard
10178,2021-09-02,2021-09-04,Loyalty Member,Paarl,Western Cape,Kids Clothing,School Uniforms,2,438.06,0.1,788.51,233.27,Standard
10179,2021-03-28,2021-03-28,Loyalty Member,Cape Town,Western Cape,Footwear,Boots,2,241.63,0.05,459.1,99.17,Express
10180,2023-07-25,2023-07-28,Loyalty Member,Paarl,Western Cape,Kids Clothing,Winter Jackets,1,138.82,0.05,131.88,37.1,Standard
10181,2024-06-01,2024-06-07,Regular,Soweto,Gauteng,Kids Clothing,Casual T-Shirts,7,183.73,0.2,1028.89,103.47,Express
10182,2022-12-03,2022-12-04,Loyalty Member,Soweto,Gauteng,Footwear,Boots,6,272.96,0,1637.76,133.06,Standard
10183,2023-05-04,2023-05-06,Regular,Stellenbosch,Western Cape,Kids Clothing,Casual T-Shirts,2,102.39,0.15,174.06,37.08,Standard
10184,2023-07-01,2023-07-04,Loyalty Member,Johannesburg,Gauteng,Kids Clothing,Summer Dresses,10,354.76,0.2,2838.08,342.5,Standard
10185,2023-08-05,2023-08-06,Regular,Stellenbosch,Western Cape,Kids Clothing,School Uniforms,6,217.37,0.05,1239.01,313.49,Standard
10186,2022-08-04,2022-08-06,Regular,Soweto,Gauteng,Footwear,Sneakers,8,259.72,0,2077.76,316.04,Express
10187,2022-08-11,2022-08-13,Regular,Tzaneen,Limpopo,Footwear,Boots,10,487.81,0.15,4146.39,705.94,Express
10188,2024-06-04,2024-06-09,Regular,Paarl,Western Cape,Footwear,School Shoes,8,569.92,0.05,4331.39,802.3,Standard
10189,2021-07-22,2021-07-26,Regular,Stellenbosch,Western Cape,Footwear,Boots,7,126.72,0.3,620.93,136.44,Standard
10190,2024-09-02,2024-09-09,Loyalty Member,Mokopane,Limpopo,Kids Clothing,Pyjama Sets,2,144.78,0.05,275.08,65.42,Standard
10191,2021-10-21,2021-10-27,Wholesale,Pietermaritzburg,KwaZulu-Natal,Kids Clothing,School Uniforms,2,220.96,0.05,419.82,78.5,Standard
10192,2022-06-01,2022-06-05,Wholesale,Stellenbosch,Western Cape,Kids Clothing,Swimwear,3,266.65,0.15,679.96,128.7,Standard
10193,2024-06-16,2024-06-17,Regular,Soweto,Gauteng,Kids Clothing,Swimwear,2,100.52,0.15,170.88,40.24,Express
10194,2022-12-08,2022-12-13,Regular,Cape Town,Western Cape,Kids Clothing,Casual T-Shirts,4,495.86,0,1983.44,247.4,Express
10195,2024-01-24,2024-01-28,Loyalty Member,East London,Eastern Cape,Kids Clothing,Pyjama Sets,4,193.95,0,775.8,169.56,Express
10196,2022-06-11,2022-06-13,Loyalty Member,Sandton,Gauteng,Kids Clothing,Pyjama Sets,6,393.46,0.2,1888.61,417.16,Standard
10197,2024-10-06,2024-10-13,Wholesale,Pietermaritzburg,KwaZulu-Natal,Kids Clothing,Pyjama Sets,3,248.72,0.05,708.85,108.66,Standard
10198,2022-09-13,2022-09-17,Regular,Soweto,Gauteng,Kids Clothing,Denim Jeans,3,372.01,0.3,781.22,116.65,Standard
10199,2024-10-02,2024-10-09,Regular,Johannesburg,Gauteng,Kids Clothing,Casual T-Shirts,9,346.77,0.3,2184.65,389.29,Standard
10200,2024-08-06,2024-08-07,Regular,Pretoria,Gauteng,Kids Clothing,Denim Jeans,5,174.79,0.3,611.76,131.99,Express
10201,2024-09-17,2024-09-18,Loyalty Member,Sandton,Gauteng,Footwear,Sneakers,9,508.53,0,4576.77,1200.95,Standard
10202,2022-07-04,2022-07-10,Regular,Port Elizabeth,Eastern Cape,Accessories,Hair Accessories,5,266.77,0,1333.85,247.26,Click and Collect
10203,2022-04-26,2022-04-28,Loyalty Member,Sandton,Gauteng,Footwear,Boots,3,403.24,0.05,1149.23,316.32,Express
10204,2023-09-09,2023-09-14,Wholesale,Sandton,Gauteng,Kids Clothing,Denim Jeans,5,574.72,0,2873.6,323.4,Express
10205,2024-01-09,2024-01-16,Loyalty Member,Richards Bay,KwaZulu-Natal,Kids Clothing,Pyjama Sets,6,511.53,0.2,2455.34,484.86,Standard
10206,2023-11-14,2023-11-18,Regular,Johannesburg,Gauteng,Footwear,Sneakers,8,573.63,0.15,3900.68,856.86,Click and Collect
10207,2021-12-15,2021-12-21,Loyalty Member,Pietermaritzburg,KwaZulu-Natal,Footwear,Boots,4,582.75,0.05,2214.45,440.08,Standard
10208,2023-06-18,2023-06-23,Loyalty Member,Stellenbosch,Western Cape,Accessories,School Bags,1,139.78,0.3,97.85,8.21,Click and Collect
10209,2022-08-15,2022-08-16,Regular,Tzaneen,Limpopo,Footwear,Sandals,5,170.08,0.1,765.36,78.37,Standard
10210,2021-06-22,2021-06-28,Loyalty Member,Stellenbosch,Western Cape,Footwear,Sandals,7,423.3,0,2963.1,237.82,Standard
10211,2022-10-08,2022-10-13,Regular,Durban,KwaZulu-Natal,Kids Clothing,School Uniforms,7,442.96,0.3,2170.5,210.54,Standard
10212,2021-02-11,2021-02-14,Regular,Port Elizabeth,Eastern Cape,Footwear,Sandals,3,123.89,0,371.67,84.17,Standard
10213,2023-12-07,2023-12-13,Loyalty Member,Pietermaritzburg,KwaZulu-Natal,Kids Clothing,Summer Dresses,2,546.26,0,1092.52,284.7,Standard
10214,2024-06-14,2024-06-17,Regular,Durban,KwaZulu-Natal,Kids Clothing,Denim Jeans,10,395.0,0.1,3555.0,949.02,Express
10215,2023-04-17,2023-04-22,Regular,Soweto,Gauteng,Kids Clothing,Swimwear,4,341.39,0,1365.56,188.26,Express
10216,2021-09-01,2021-09-04,Regular,Polokwane,Limpopo,Footwear,Boots,6,367.64,0,2205.84,580.26,Click and Collect
10217,2021-01-19,2021-01-20,Regular,Cape Town,Western Cape,Kids Clothing,Swimwear,7,347.37,0.2,1945.27,353.37,Standard
10218,2022-05-03,2022-05-06,Wholesale,Cape Town,Western Cape,Kids Clothing,Winter Jackets,7,388.08,0,2716.56,419.55,Standard
10219,2022-01-08,2022-01-09,Regular,Polokwane,Limpopo,Footwear,Sneakers,3,149.92,0,449.76,111.7,Standard
10220,2023-09-17,2023-09-24,Regular,East London,Eastern Cape,Kids Clothing,Swimwear,5,462.8,0,2314.0,613.54,Standard
10221,2024-05-17,2024-05-18,Regular,Johannesburg,Gauteng,Kids Clothing,School Uniforms,8,527.27,0,4218.16,709.68,Standard
10222,2021-10-22,2021-10-28,Regular,Paarl,Western Cape,Kids Clothing,Swimwear,1,213.72,0.3,149.6,25.04,Click and Collect
10223,2022-01-18,2022-01-25,Loyalty Member,Mthatha,Eastern Cape,Kids Clothing,Summer Dresses,7,556.09,0.15,3308.74,480.1,Standard
10224,2023-02-17,2023-02-23,Regular,Port Elizabeth,Eastern Cape,Kids Clothing,School Uniforms,7,124.15,0.3,608.34,175.11,Express
10225,2023-06-03,2023-06-08,Regular,Sandton,Gauteng,Kids Clothing,Winter Jackets,10,212.72,0.15,1808.12,401.41,Standard
10226,2022-12-18,2022-12-25,Regular,Durban,KwaZulu-Natal,Kids Clothing,Summer Dresses,9,265.68,0,2391.12,737.03,Standard
10227,2024-12-24,2024-12-27,Wholesale,Paarl,Western Cape,Kids Clothing,School Uniforms,3,451.94,0,1355.82,122.75,Standard
10228,2024-12-12,2024-12-16,Loyalty Member,Polokwane,Limpopo,Kids Clothing,Pyjama Sets,7,127.16,0,890.12,164.13,Click and Collect
10229,2022-05-09,2022-05-16,Loyalty Member,Soweto,Gauteng,Footwear,Sneakers,8,227.7,0,1821.6,558.24,Standard
10230,2021-03-04,2021-03-06,Regular,Sandton,Gauteng,Kids Clothing,Swimwear,4,319.48,0.3,894.54,128.46,Standard
10231,2022-11-10,2022-11-17,Regular,Richards Bay,KwaZulu-Natal,Footwear,Sneakers,3,135.52,0.05,386.23,120.66,Standard
10232,2021-11-10,2021-11-13,Regular,Port Elizabeth,Eastern Cape,Kids Clothing,Casual T-Shirts,9,470.52,0.05,4022.95,413.29,Standard
10233,2022-02-01,2022-02-02,Regular,Port Elizabeth,Eastern Cape,Footwear,Sneakers,2,385.99,0.1,694.78,208.56,Standard
10234,2021-04-21,2021-04-25,Wholesale,Port Elizabeth,Eastern Cape,Footwear,Sneakers,2,110.78,0.3,155.09,14.29,Click and Collect
10235,2024-12-13,2024-12-17,Regular,Paarl,Western Cape,Kids Clothing,Summer Dresses,5,231.73,0,1158.65,102.33,Express
10236,2022-11-10,2022-11-14,Regular,Soweto,Gauteng,Kids Clothing,Summer Dresses,7,190.72,0.05,1268.29,293.46,Express
10237,2021-07-26,2021-07-28,Regular,Soweto,Gauteng,Kids Clothing,Winter Jackets,7,226.92,0,1588.44,248.64,Standard
10238,2023-01-26,2023-01-28,Wholesale,Pretoria,Gauteng,Kids Clothing,Pyjama Sets,4,224.93,0,899.72,236.96,Click and Collect
10239,2024-06-27,2024-06-28,Loyalty Member,Cape Town,Western Cape,Footwear,Sneakers,10,103.39,0.15,878.82,270.16,Standard
10240,2022-08-18,2022-08-21,Regular,Cape Town,Western Cape,Kids Clothing,Summer Dresses,1,357.49,0,357.49,57.06,Express
10241,2022-06-23,2022-06-25,Regular,East London,Eastern Cape,Kids Clothing,Pyjama Sets,3,483.93,0.15,1234.02,383.21,Standard
10242,2024-10-04,2024-10-07,Wholesale,Pretoria,Gauteng,Footwear,Boots,8,420.08,0,3360.64,839.23,Standard
10243,2023-04-22,2023-04-27,Regular,East London,Eastern Cape,Footwear,Sandals,3,460.7,0.2,1105.68,314.21,Express
10244,2021-03-20,2021-03-23,Regular,Mokopane,Limpopo,Kids Clothing,Casual T-Shirts,3,257.9,0,773.7,106.09,Click and Collect
10245,2022-11-03,2022-11-10,Loyalty Member,Richards Bay,KwaZulu-Natal,Kids Clothing,School Uniforms,5,195.94,0,979.7,160.78,Express
10246,2021-01-13,2021-01-17,Loyalty Member,Durban,KwaZulu-Natal,Kids Clothing,Casual T-Shirts,6,367.47,0,2204.82,614.95,Express
10247,2022-03-15,2022-03-16,Regular,Durban,KwaZulu-Natal,Kids Clothing,School Uniforms,2,263.32,0.2,421.31,49.97,Standard
10248,2021-06-20,2021-06-25,Regular,Mthatha,Eastern Cape,Accessories,Sun Hats,10,542.77,0,5427.7,503.98,Standard
10249,2022-07-23,2022-07-28,Regular,Richards Bay,KwaZulu-Natal,Footwear,Sneakers,4,137.92,0.2,441.34,95.87,Express
10250,2022-01-12,2022-01-13,Loyalty Member,Sandton,Gauteng,Footwear,Boots,4,138.46,0.05,526.15,63.66,Standard
10251,2021-08-28,2021-08-28,Regular,Soweto,Gauteng,Accessories,Scarves,2,416.35,0.2,666.16,82.85,Click and Collect
10252,2023-03-15,2023-03-16,Regular,Soweto,Gauteng,Footwear,Slippers,1,166.08,0,166.08,16.7,Standard
10253,2024-10-08,2024-10-13,Loyalty Member,Stellenbosch,Western Cape,Kids Clothing,Denim Jeans,8,381.08,0.05,2896.21,562.74,Standard
10254,2021-09-19,2021-09-24,Wholesale,Mthatha,Eastern Cape,Kids Clothing,Swimwear,8,177.17,0,1417.36,444.09,Express
10255,2022-01-14,2022-01-15,Regular,Tzaneen,Limpopo,Footwear,Sandals,10,220.52,0,2205.2,222.48,Standard
10256,2023-05-17,2023-05-21,Loyalty Member,Port Elizabeth,Eastern Cape,Footwear,Slippers,7,146.38,0,1024.66,118.42,Standard
10257,2021-02-19,2021-02-26,Loyalty Member,Stellenbosch,Western Cape,Accessories,Hair Accessories,5,284.35,0.3,995.22,216.25,Standard
10258,2022-05-13,2022-05-15,Loyalty Member,Richards Bay,KwaZulu-Natal,Kids Clothing,Winter Jackets,4,114.14,0.3,319.59,96.2,Click and Collect
10259,2021-06-27,2021-06-28,Loyalty Member,Sandton,Gauteng,Accessories,School Bags,4,157.54,0.3,441.11,117.23,Standard
10260,2024-10-21,2024-10-22,Wholesale,Cape Town,Western Cape,Kids Clothing,Casual T-Shirts,9,531.27,0,4781.43,973.81,Standard
10261,2023-12-17,2023-12-21,Loyalty Member,Paarl,Western Cape,Kids Clothing,Summer Dresses,4,515.86,0.05,1960.27,172.38,Standard
10262,2023-12-07,2023-12-10,Regular,Soweto,Gauteng,Footwear,School Shoes,1,212.39,0.3,148.67,33.09,Standard
10263,2024-10-18,2024-10-21,Loyalty Member,Sandton,Gauteng,Footwear,Sneakers,1,286.15,0,286.15,81.53,Express
10264,2022-04-21,2022-04-23,Loyalty Member,Pietermaritzburg,KwaZulu-Natal,Kids Clothing,Swimwear,1,330.79,0,330.79,77.86,Express
10265,2021-04-09,2021-04-14,Loyalty Member,East London,Eastern Cape,Footwear,Sneakers,7,545.7,0.15,3246.92,617.43,Standard
10266,2023-11-17,2023-11-24,Regular,Richards Bay,KwaZulu-Natal,Kids Clothing,Pyjama Sets,6,375.34,0.1,2026.84,307.34,Standard
10267,2021-06-09,2021-06-15,Regular,Sandton,Gauteng,Footwear,Sneakers,4,165.46,0.05,628.75,186.06,Express
10268,2024-11-11,2024-11-17,Loyalty Member,Cape Town,Western Cape,Accessories,Scarves,7,295.35,0,2067.45,454.69,Click and Collect
10269,2022-06-24,2022-06-28,Loyalty Member,Paarl,Western Cape,Kids Clothing,Pyjama Sets,6,347.73,0,2086.38,587.84,Click and Collect
10270,2022-05-04,2022-05-08,Loyalty Member,Stellenbosch,Western Cape,Kids Clothing,Summer Dresses,6,422.76,0.05,2409.73,398.25,Express
10271,2023-07-26,2023-07-28,Regular,Sandton,Gauteng,Kids Clothing,School Uniforms,10,384.96,0,3849.6,744.25,Standard
10272,2021-11-13,2021-11-18,Loyalty Member,Johannesburg,Gauteng,Kids Clothing,Summer Dresses,6,297.69,0.3,1250.3,143.0,Click and Collect
10273,2022-02-16,2022-02-19,Regular,Durban,KwaZulu-Natal,Kids Clothing,Casual T-Shirts,5,195.79,0,978.95,213.71,Standard
10274,2021-03-20,2021-03-24,Regular,Pietermaritzburg,KwaZulu-Natal,Kids Clothing,School Uniforms,1,361.23,0.15,307.05,94.58,Click and Collect
10275,2022-01-22,2022-01-23,Regular,Durban,KwaZulu-Natal,Accessories,Scarves,3,141.38,0.1,381.73,45.84,Express
10276,2023-05-15,2023-05-21,Regular,Sandton,Gauteng,Footwear,Sandals,6,597.03,0.3,2507.53,416.8,Standard
10277,2024-01-08,2024-01-10,Regular,Durban,KwaZulu-Natal,Kids Clothing,Denim Jeans,3,151.81,0,455.43,77.44,Express
10278,2021-10-02,2021-10-08,Regular,Cape Town,Western Cape,Kids Clothing,Casual T-Shirts,7,152.03,0.1,957.79,185.67,Standard
10279,2021-05-14,2021-05-20,Regular,Paarl,Western Cape,Footwear,Sandals,7,512.63,0,3588.41,727.66,Express
10280,2023-02-26,2023-02-27,Loyalty Member,Pretoria,Gauteng,Footwear,Sandals,6,447.75,0.1,2417.85,286.49,Standard
10281,2022-12-16,2022-12-19,Loyalty Member,Cape Town,Western Cape,Accessories,Belts,8,165.06,0,1320.48,352.68,Standard
10282,2021-05-21,2021-05-23,Regular,Sandton,Gauteng,Kids Clothing,Swimwear,3,534.81,0.1,1443.99,240.35,Express
10283,2024-12-04,2024-12-05,Regular,Port Elizabeth,Eastern Cape,Kids Clothing,Pyjama Sets,3,256.62,0.3,538.9,166.64,Standard
10284,2021-06-27,2021-06-28,Regular,Stellenbosch,Western Cape,Kids Clothing,Swimwear,7,440.85,0.3,2160.16,587.51,Express
10285,2022-02-05,2022-02-11,Regular,Durban,KwaZulu-Natal,Accessories,Hair Accessories,10,434.98,0,4349.8,986.18,Express
10286,2021-11-27,2021-11-28,Regular,Polokwane,Limpopo,Kids Clothing,Casual T-Shirts,8,112.45,0.1,809.64,192.04,Standard
10287,2022-11-28,2022-11-28,Regular,Johannesburg,Gauteng,Footwear,Boots,6,427.49,0.2,2051.95,237.36,Express
10288,2021-01-21,2021-01-23,Loyalty Member,Soweto,Gauteng,Accessories,School Bags,8,252.52,0.15,1717.14,537.18,Standard
10289,2022-09-21,2022-09-25,Regular,Pretoria,Gauteng,Kids Clothing,Denim Jeans,8,133.89,0.3,749.78,140.43,Standard
10290,2024-12-21,2024-12-22,Regular,Stellenbosch,Western Cape,Kids Clothing,Swimwear,2,492.81,0.1,887.06,260.46,Standard
10291,2024-06-12,2024-06-19,Loyalty Member,Cape Town,Western Cape,Kids Clothing,Swimwear,10,394.98,0.15,3357.33,845.44,Standard
10292,2022-01-11,2022-01-14,Regular,East London,Eastern Cape,Kids Clothing,School Uniforms,1,546.41,0.3,382.49,43.49,Express
10293,2024-02-09,2024-02-14,Wholesale,Cape Town,Western Cape,Kids Clothing,Casual T-Shirts,4,454.56,0,1818.24,475.86,Standard
10294,2021-08-15,2021-08-21,Wholesale,Pretoria,Gauteng,Kids Clothing,Pyjama Sets,1,371.15,0.2,296.92,83.53,Standard
10295,2022-12-19,2022-12-21,Regular,Durban,KwaZulu-Natal,Footwear,Slippers,6,346.1,0.2,1661.28,299.83,Express
10296,2022-05-13,2022-05-16,Loyalty Member,Tzaneen,Limpopo,Kids Clothing,Denim Jeans,9,241.45,0.15,1847.09,463.34,Click and Collect
10297,2022-04-07,2022-04-12,Regular,Richards Bay,KwaZulu-Natal,Footwear,Sandals,9,365.67,0.15,2797.38,700.7,Express
10298,2024-10-19,2024-10-25,Loyalty Member,Richards Bay,KwaZulu-Natal,Footwear,Sneakers,7,501.24,0,3508.68,301.98,Standard
10299,2021-04-09,2021-04-16,Loyalty Member,Pietermaritzburg,KwaZulu-Natal,Kids Clothing,School Uniforms,5,193.04,0,965.2,160.3,Standard
10300,2022-12-21,2022-12-26,Loyalty Member,Sandton,Gauteng,Kids Clothing,Casual T-Shirts,7,301.45,0.15,1793.63,559.25,Standard
10301,2023-04-20,2023-04-27,Loyalty Member,Pietermaritzburg,KwaZulu-Natal,Accessories,Scarves,10,367.77,0.05,3493.81,930.32,Click and Collect
10302,2023-08-06,2023-08-12,Loyalty Member,Cape Town,Western Cape,Kids Clothing,School Uniforms,7,231.35,0.1,1457.51,162.1,Standard
10303,2023-01-11,2023-01-15,Regular,Durban,KwaZulu-Natal,Accessories,Belts,1,483.57,0.1,435.21,86.06,Standard
10304,2023-02-26,2023-02-28,Wholesale,Pretoria,Gauteng,Kids Clothing,Swimwear,9,170.28,0.2,1226.02,125.14,Standard
10305,2022-11-11,2022-11-14,Wholesale,Pretoria,Gauteng,Footwear,Boots,9,509.08,0,4581.72,492.69,Standard
10306,2022-11-20,2022-11-25,Loyalty Member,Cape Town,Western Cape,Kids Clothing,Swimwear,2,285.8,0.1,514.44,44.21,Standard
10307,2023-09-26,2023-09-28,Regular,Johannesburg,Gauteng,Footwear,Sneakers,9,131.0,0,1179.0,141.69,Click and Collect
10308,2021-11-03,2021-11-05,Loyalty Member,Durban,KwaZulu-Natal,Kids Clothing,School Uniforms,4,363.25,0.2,1162.4,273.37,Click and Collect
10309,2022-01-15,2022-01-21,Regular,Johannesburg,Gauteng,Kids Clothing,Winter Jackets,9,124.93,0.05,1068.15,318.99,Standard
10310,2024-11-13,2024-11-17,Loyalty Member,Soweto,Gauteng,Kids Clothing,Pyjama Sets,10,121.25,0,1212.5,300.96,Standard
10311,2021-05-26,2021-05-28,Regular,Johannesburg,Gauteng,Accessories,Hair Accessories,7,508.28,0,3557.96,689.38,Standard
10312,2022-12-13,2022-12-20,Regular,Richards Bay,KwaZulu-Natal,Footwear,Sneakers,6,577.27,0,3463.62,737.22,Standard
10313,2021-01-01,2021-01-06,Regular,Johannesburg,Gauteng,Footwear,Sneakers,4,299.45,0,1197.8,142.09,Standard
10314,2023-04-04,2023-04-06,Loyalty Member,Richards Bay,KwaZulu-Natal,Accessories,Belts,8,417.78,0,3342.24,500.52,Standard
10315,2021-04-24,2021-04-28,Regular,Sandton,Gauteng,Footwear,Sandals,2,234.42,0,468.84,138.79,Standard
10316,2024-06-20,2024-06-26,Loyalty Member,Pretoria,Gauteng,Kids Clothing,Winter Jackets,7,175.01,0.15,1041.31,144.83,Standard
10317,2024-05-27,2024-05-28,Regular,Paarl,Western Cape,Kids Clothing,Casual T-Shirts,6,484.13,0.3,2033.35,431.89,Standard
10318,2021-05-28,2021-05-28,Regular,Paarl,Western Cape,Footwear,School Shoes,2,543.97,0,1087.94,299.22,Standard
10319,2022-01-18,2022-01-21,Loyalty Member,Soweto,Gauteng,Kids Clothing,Casual T-Shirts,4,543.63,0.1,1957.07,219.45,Standard
10320,2021-07-12,2021-07-17,Loyalty Member,Cape Town,Western Cape,Footwear,Slippers,3,475.18,0,1425.54,266.71,Standard
10321,2022-12-24,2022-12-28,Regular,Polokwane,Limpopo,Kids Clothing,School Uniforms,5,277.41,0,1387.05,333.53,Standard
10322,2023-07-16,2023-07-20,Wholesale,Port Elizabeth,Eastern Cape,Kids Clothing,Pyjama Sets,9,412.12,0.1,3338.17,935.92,Standard
10323,2022-07-21,2022-07-25,Regular,Johannesburg,Gauteng,Kids Clothing,Summer Dresses,9,295.98,0.15,2264.25,445.71,Standard
10324,2021-09-05,2021-09-09,Regular,Cape Town,Western Cape,Kids Clothing,Summer Dresses,3,169.25,0,507.75,121.18,Standard
10325,2023-12-04,2023-12-08,Regular,Pietermaritzburg,KwaZulu-Natal,Kids Clothing,Swimwear,7,100.45,0,703.15,77.83,Standard
10326,2022-11-17,2022-11-18,Regular,Port Elizabeth,Eastern Cape,Kids Clothing,Summer Dresses,9,577.7,0,5199.3,1512.18,Express
10327,2023-02-07,2023-02-11,Loyalty Member,Pietermaritzburg,KwaZulu-Natal,Kids Clothing,Swimwear,7,395.43,0,2768.01,635.45,Standard
10328,2022-12-22,2022-12-25,Loyalty Member,Mokopane,Limpopo,Kids Clothing,Casual T-Shirts,3,144.37,0.05,411.45,84.53,Click and Collect
10329,2024-03-20,2024-03-21,Loyalty Member,Paarl,Western Cape,Accessories,Belts,9,472.72,0,4254.48,832.76,Standard
10330,2021-11-21,2021-11-25,Loyalty Member,Sandton,Gauteng,Footwear,Boots,4,567.6,0.3,1589.28,428.3,Standard
10331,2021-07-05,2021-07-08,Wholesale,Pretoria,Gauteng,Kids Clothing,Denim Jeans,9,297.41,0.05,2542.86,206.77,Express
10332,2021-10-17,2021-10-18,Loyalty Member,Soweto,Gauteng,Footwear,Sneakers,7,273.76,0,1916.32,349.26,Standard
10333,2023-09-14,2023-09-19,Wholesale,Sandton,Gauteng,Kids Clothing,Summer Dresses,7,370.57,0.3,1815.79,223.15,Standard
10334,2024-05-10,2024-05-15,Loyalty Member,Soweto,Gauteng,Accessories,School Bags,4,316.76,0,1267.04,131.86,Standard
10335,2023-09-20,2023-09-26,Regular,Durban,KwaZulu-Natal,Accessories,School Bags,2,508.86,0.3,712.4,215.29,Standard
10336,2021-05-08,2021-05-11,Loyalty Member,Cape Town,Western Cape,Accessories,Hair Accessories,10,423.65,0.1,3812.85,956.21,Standard
10337,2022-11-16,2022-11-20,Wholesale,Paarl,Western Cape,Kids Clothing,Summer Dresses,1,488.82,0.05,464.38,105.71,Express
10338,2023-04-21,2023-04-22,Wholesale,Polokwane,Limpopo,Footwear,Sneakers,7,295.78,0.05,1966.94,401.76,Express
10339,2021-02-18,2021-02-21,Wholesale,Richards Bay,KwaZulu-Natal,Kids Clothing,Swimwear,5,204.41,0.05,970.95,183.65,Standard
10340,2021-05-06,2021-05-10,Regular,Johannesburg,Gauteng,Kids Clothing,School Uniforms,9,576.92,0.1,4673.05,1152.4,Click and Collect
10341,2024-04-25,2024-04-28,Loyalty Member,Tzaneen,Limpopo,Accessories,School Bags,8,148.3,0,1186.4,203.87,Express
10342,2022-11-23,2022-11-25,Wholesale,East London,Eastern Cape,Kids Clothing,School Uniforms,5,215.61,0,1078.05,189.46,Express
10343,2023-02-18,2023-02-20,Regular,Sandton,Gauteng,Kids Clothing,Summer Dresses,4,343.49,0.05,1305.26,177.99,Standard
10344,2023-04-08,2023-04-10,Regular,Mthatha,Eastern Cape,Footwear,School Shoes,2,433.66,0.3,607.12,138.01,Express
10345,2021-08-12,2021-08-17,Regular,Sandton,Gauteng,Accessories,Belts,5,291.92,0,1459.6,135.74,Express
10346,2024-09-02,2024-09-07,Regular,Pretoria,Gauteng,Kids Clothing,Denim Jeans,8,249.98,0,1999.84,165.66,Standard
10347,2021-06-12,2021-06-17,Regular,Port Elizabeth,Eastern Cape,Kids Clothing,Casual T-Shirts,10,263.98,0,2639.8,527.18,Standard
10348,2023-06-28,2023-06-28,Loyalty Member,Pretoria,Gauteng,Accessories,Sun Hats,2,456.62,0.05,867.58,185.04,Click and Collect
10349,2022-03-26,2022-03-28,Regular,Cape Town,Western Cape,Kids Clothing,Swimwear,9,361.33,0.15,2764.17,742.12,Standard
10350,2021-07-04,2021-07-10,Loyalty Member,Cape Town,Western Cape,Kids Clothing,Pyjama Sets,2,318.43,0.15,541.33,77.06,Standard
10351,2023-06-01,2023-06-05,Wholesale,Paarl,Western Cape,Kids Clothing,Denim Jeans,9,178.01,0.1,1441.88,238.24,Express
10352,2024-12-15,2024-12-16,Regular,Sandton,Gauteng,Accessories,Sun Hats,6,304.13,0.2,1459.82,414.2,Standard
10353,2022-06-08,2022-06-11,Loyalty Member,Sandton,Gauteng,Footwear,Boots,5,541.72,0.15,2302.31,597.44,Standard
10354,2024-07-06,2024-07-08,Loyalty Member,Port Elizabeth,Eastern Cape,Footwear,School Shoes,4,174.12,0,696.48,71.69,Click and Collect
10355,2024-09-02,2024-09-03,Loyalty Member,Richards Bay,KwaZulu-Natal,Kids Clothing,Winter Jackets,10,168.19,0.2,1345.52,207.55,Standard
10356,2023-08-21,2023-08-23,Regular,Cape Town,Western Cape,Footwear,Sneakers,8,327.27,0.1,2356.34,498.72,Standard
10357,2022-10-20,2022-10-24,Loyalty Member,Richards Bay,KwaZulu-Natal,Kids Clothing,Pyjama Sets,9,246.93,0.15,1889.01,369.48,Standard
10358,2021-08-10,2021-08-13,Regular,Pretoria,Gauteng,Kids Clothing,Swimwear,3,264.38,0.3,555.2,115.72,Express
10359,2024-08-10,2024-08-11,Loyalty Member,Pietermaritzburg,KwaZulu-Natal,Footwear,Slippers,6,185.17,0.2,888.82,155.31,Standard
10360,2024-07-08,2024-07-11,Regular,Paarl,Western Cape,Footwear,Slippers,5,234.19,0.1,1053.86,188.74,Click and Collect
10361,2022-03-10,2022-03-11,Regular,Richards Bay,KwaZulu-Natal,Footwear,Boots,4,252.53,0,1010.12,92.84,Standard
10362,2022-02-10,2022-02-13,Loyalty Member,Stellenbosch,Western Cape,Kids Clothing,Summer Dresses,1,340.73,0.15,289.62,52.38,Express
10363,2024-06-15,2024-06-21,Regular,Pietermaritzburg,KwaZulu-Natal,Footwear,Sandals,1,224.92,0.2,179.94,17.48,Standard
10364,2022-05-27,2022-05-28,Wholesale,Port Elizabeth,Eastern Cape,Footwear,Boots,8,215.05,0,1720.4,219.87,Express
10365,2021-09-22,2021-09-24,Wholesale,Sandton,Gauteng,Kids Clothing,Pyjama Sets,1,468.81,0,468.81,66.01,Express
10366,2022-06-02,2022-06-09,Regular,Durban,KwaZulu-Natal,Kids Clothing,School Uniforms,3,494.14,0,1482.42,259.41,Standard
10367,2021-10-26,2021-10-28,Regular,Pretoria,Gauteng,Kids Clothing,Summer Dresses,8,135.61,0.15,922.15,279.78,Click and Collect
10368,2021-01-12,2021-01-18,Loyalty Member,Paarl,Western Cape,Kids Clothing,Summer Dresses,6,589.65,0.15,3007.21,821.95,Standard
10369,2022-01-23,2022-01-27,Regular,Pretoria,Gauteng,Kids Clothing,Pyjama Sets,8,374.1,0.3,2094.96,263.01,Standard
10370,2023-06-24,2023-06-28,Regular,Pretoria,Gauteng,Kids Clothing,Winter Jackets,5,365.22,0.3,1278.27,102.48,Express
10371,2024-12-06,2024-12-07,Loyalty Member,Pietermaritzburg,KwaZulu-Natal,Kids Clothing,Pyjama Sets,2,424.73,0.2,679.57,85.33,Express
10372,2022-10-10,2022-10-13,Regular,Sandton,Gauteng,Kids Clothing,School Uniforms,1,514.95,0,514.95,63.27,Standard
10373,2021-08-07,2021-08-08,Loyalty Member,Paarl,Western Cape,Footwear,Slippers,10,446.67,0.1,4020.03,368.96,Standard
10374,2021-01-07,2021-01-13,Regular,Johannesburg,Gauteng,Footwear,Sneakers,9,468.17,0.2,3370.82,934.68,Express
10375,2021-10-09,2021-10-14,Loyalty Member,Cape Town,Western Cape,Kids Clothing,Summer Dresses,9,138.53,0.05,1184.43,245.89,Standard
10376,2022-10-21,2022-10-23,Loyalty Member,Soweto,Gauteng,Footwear,Slippers,6,432.99,0.2,2078.35,606.62,Standard
10377,2022-09-13,2022-09-18,Regular,Pretoria,Gauteng,Kids Clothing,Winter Jackets,6,369.54,0.15,1884.65,532.91,Standard
10378,2024-12-11,2024-12-16,Regular,Paarl,Western Cape,Footwear,Sneakers,6,579.44,0.3,2433.65,755.3,Standard
10379,2021-05-20,2021-05-21,Regular,Sandton,Gauteng,Accessories,Sun Hats,6,100.07,0.1,540.38,162.43,Standard
10380,2022-02-02,2022-02-06,Regular,Pretoria,Gauteng,Accessories,Sun Hats,4,219.68,0.1,790.85,80.71,Standard
10381,2022-12-03,2022-12-09,Regular,Soweto,Gauteng,Footwear,Slippers,2,392.57,0.1,706.63,62.87,Express
10382,2024-02-25,2024-02-26,Regular,Tzaneen,Limpopo,Footwear,Boots,2,532.59,0.05,1011.92,262.54,Express
10383,2021-11-25,2021-11-28,Regular,Sandton,Gauteng,Kids Clothing,Denim Jeans,3,255.68,0.05,728.69,85.09,Express
10384,2024-08-25,2024-08-28,Regular,Johannesburg,Gauteng,Kids Clothing,Casual T-Shirts,3,156.42,0,469.26,91.13,Express
10385,2024-05-03,2024-05-07,Loyalty Member,Pretoria,Gauteng,Kids Clothing,Summer Dresses,8,290.61,0.05,2208.64,474.15,Click and Collect
10386,2022-04-03,2022-04-06,Loyalty Member,Pietermaritzburg,KwaZulu-Natal,Kids Clothing,School Uniforms,7,305.01,0.15,1814.81,228.15,Standard
10387,2021-05-06,2021-05-09,Loyalty Member,Pietermaritzburg,KwaZulu-Natal,Kids Clothing,Swimwear,4,190.84,0.15,648.86,76.2,Express
10388,2021-02-24,2021-02-25,Wholesale,Paarl,Western Cape,Accessories,Scarves,1,264.07,0,264.07,40.46,Standard
10389,2023-04-24,2023-04-28,Regular,Paarl,Western Cape,Kids Clothing,Casual T-Shirts,10,461.26,0,4612.6,1138.47,Express
10390,2024-10-22,2024-10-27,Regular,Cape Town,Western Cape,Kids Clothing,Pyjama Sets,10,227.35,0.3,1591.45,377.4,Standard
10391,2024-11-09,2024-11-15,Regular,Mthatha,Eastern Cape,Kids Clothing,Winter Jackets,7,206.9,0.2,1158.64,234.1,Express
10392,2023-08-28,2023-08-28,Regular,Pretoria,Gauteng,Accessories,Belts,1,109.27,0.1,98.34,15.74,Standard
10393,2022-01-12,2022-01-18,Regular,Sandton,Gauteng,Accessories,Belts,5,503.07,0.1,2263.82,658.51,Click and Collect
10394,2021-09-09,2021-09-11,Loyalty Member,Stellenbosch,Western Cape,Kids Clothing,Casual T-Shirts,9,578.91,0.05,4949.68,891.73,Standard
10395,2024-05-20,2024-05-23,Regular,Pretoria,Gauteng,Kids Clothing,Denim Jeans,4,528.92,0.1,1904.11,466.98,Click and Collect
10396,2022-07-25,2022-07-27,Wholesale,Richards Bay,KwaZulu-Natal,Kids Clothing,Denim Jeans,9,572.79,0,5155.11,640.23,Express
10397,2022-12-01,2022-12-08,Wholesale,Soweto,Gauteng,Kids Clothing,Pyjama Sets,5,166.5,0.05,790.88,83.54,Standard
10398,2023-10-19,2023-10-24,Regular,Cape Town,Western Cape,Kids Clothing,School Uniforms,8,157.38,0.3,881.33,221.11,Standard
10399,2024-08-16,2024-08-18,Regular,Cape Town,Western Cape,Footwear,School Shoes,5,573.6,0.05,2724.6,703.4,Click and Collect
10400,2022-02-06,2022-02-10,Loyalty Member,East London,Eastern Cape,Accessories,Sun Hats,7,295.48,0,2068.36,467.25,Express
10401,2023-07-20,2023-07-26,Regular,Johannesburg,Gauteng,Kids Clothing,Swimwear,1,536.67,0.05,509.84,104.26,Standard
10402,2021-09-13,2021-09-18,Regular,Durban,KwaZulu-Natal,Kids Clothing,Winter Jackets,5,324.29,0.2,1297.16,195.43,Click and Collect
10403,2022-08-27,2022-08-28,Regular,Johannesburg,Gauteng,Kids Clothing,Pyjama Sets,9,158.01,0.2,1137.67,179.33,Standard
10404,2024-10-23,2024-10-25,Regular,Port Elizabeth,Eastern Cape,Footwear,Sandals,2,135.51,0.3,189.71,44.05,Standard
10405,2024-12-26,2024-12-28,Regular,Durban,KwaZulu-Natal,Kids Clothing,Swimwear,3,554.25,0,1662.75,197.72,Standard
10406,2021-07-10,2021-07-13,Regular,Pietermaritzburg,KwaZulu-Natal,Kids Clothing,Summer Dresses,4,90.8,0.1,326.88,27.11,Standard
10407,2024-09-26,2024-09-27,Regular,Pietermaritzburg,KwaZulu-Natal,Kids Clothing,Casual T-Shirts,8,298.18,0,2385.44,535.04,Standard
10408,2023-10-21,2023-10-26,Regular,Port Elizabeth,Eastern Cape,Kids Clothing,Pyjama Sets,6,107.73,0,646.38,155.18,Express
10409,2023-06-03,2023-06-04,Regular,Cape Town,Western Cape,Kids Clothing,Pyjama Sets,10,380.86,0,3808.6,1187.94,Express
10410,2023-01-03,2023-01-10,Loyalty Member,Sandton,Gauteng,Footwear,Boots,9,122.11,0.3,769.29,86.38,Express
10411,2023-06-17,2023-06-21,Loyalty Member,Pretoria,Gauteng,Kids Clothing,Pyjama Sets,9,592.47,0.3,3732.56,947.24,Express
10412,2023-07-20,2023-07-27,Wholesale,Sandton,Gauteng,Footwear,Boots,9,460.88,0.3,2903.54,575.48,Standard
10413,2022-12-10,2022-12-12,Regular,Cape Town,Western Cape,Footwear,Sandals,10,598.48,0.2,4787.84,435.3,Standard
10414,2022-01-21,2022-01-23,Loyalty Member,Pietermaritzburg,KwaZulu-Natal,Kids Clothing,Denim Jeans,9,254.2,0,2287.8,245.53,Standard
10415,2024-12-19,2024-12-24,Regular,Polokwane,Limpopo,Footwear,Boots,8,495.6,0,3964.8,775.35,Express
10416,2023-08-26,2023-08-28,Loyalty Member,Johannesburg,Gauteng,Kids Clothing,Pyjama Sets,6,372.14,0,2232.84,290.23,Express
10417,2023-02-05,2023-02-08,Wholesale,East London,Eastern Cape,Footwear,Sandals,10,397.9,0,3979.0,886.7,Click and Collect
10418,2023-12-28,2023-12-28,Regular,Pietermaritzburg,KwaZulu-Natal,Kids Clothing,Summer Dresses,6,319.47,0.1,1725.14,227.5,Standard
10419,2021-06-26,2021-06-27,Regular,Durban,KwaZulu-Natal,Kids Clothing,Casual T-Shirts,9,167.58,0.15,1281.99,386.74,Express
10420,2023-06-05,2023-06-12,Loyalty Member,Mthatha,Eastern Cape,Kids Clothing,Pyjama Sets,1,323.28,0,323.28,26.18,Click and Collect
10421,2021-06-15,2021-06-16,Loyalty Member,Paarl,Western Cape,Kids Clothing,Swimwear,5,414.81,0.05,1970.35,309.37,Standard
10422,2023-09-11,2023-09-18,Regular,Johannesburg,Gauteng,Kids Clothing,School Uniforms,1,577.73,0,577.73,74.86,Standard
10423,2023-05-05,2023-05-11,Regular,Mthatha,Eastern Cape,Kids Clothing,Denim Jeans,6,364.69,0,2188.14,243.36,Standard
10424,2021-02-13,2021-02-14,Regular,Stellenbosch,Western Cape,Kids Clothing,Denim Jeans,8,403.32,0.1,2903.9,463.93,Standard
10425,2021-08-19,2021-08-21,Regular,Paarl,Western Cape,Kids Clothing,Pyjama Sets,8,328.98,0.05,2500.25,286.26,Click and Collect
10426,2023-06-13,2023-06-15,Regular,Richards Bay,KwaZulu-Natal,Accessories,Scarves,8,337.63,0,2701.04,524.22,Standard
10427,2024-03-10,2024-03-17,Regular,Pretoria,Gauteng,Kids Clothing,Pyjama Sets,2,255.19,0,510.38,137.9,Standard
10428,2024-10-14,2024-10-16,Regular,Richards Bay,KwaZulu-Natal,Kids Clothing,School Uniforms,6,195.2,0.2,936.96,251.33,Standard
10429,2023-09-23,2023-09-25,Regular,Paarl,Western Cape,Accessories,Belts,8,147.3,0.3,824.88,130.41,Standard
10430,2024-03-10,2024-03-14,Loyalty Member,Cape Town,Western Cape,Kids Clothing,Swimwear,7,255.98,0,1791.86,182.28,Express
10431,2021-03-22,2021-03-24,Regular,Sandton,Gauteng,Kids Clothing,Summer Dresses,4,436.57,0.15,1484.34,225.53,Express
10432,2023-07-23,2023-07-26,Regular,Mokopane,Limpopo,Accessories,Hair Accessories,3,523.78,0,1571.34,264.95,Standard
10433,2021-01-23,2021-01-28,Regular,East London,Eastern Cape,Kids Clothing,School Uniforms,4,309.17,0.2,989.34,227.6,Express
10434,2024-07-14,2024-07-19,Regular,Cape Town,Western Cape,Kids Clothing,Casual T-Shirts,6,517.38,0,3104.28,463.26,Click and Collect
10435,2022-03-01,2022-03-02,Loyalty Member,Durban,KwaZulu-Natal,Kids Clothing,Casual T-Shirts,3,132.18,0.2,317.23,90.87,Click and Collect
10436,2024-10-06,2024-10-10,Regular,Soweto,Gauteng,Kids Clothing,Casual T-Shirts,10,92.79,0.3,649.53,183.97,Standard
10437,2023-07-18,2023-07-23,Loyalty Member,Johannesburg,Gauteng,Footwear,School Shoes,10,334.58,0,3345.8,381.76,Express
10438,2023-08-17,2023-08-18,Regular,Johannesburg,Gauteng,Footwear,School Shoes,9,496.03,0.1,4017.84,912.57,Click and Collect
10439,2021-08-15,2021-08-20,Loyalty Member,Mthatha,Eastern Cape,Kids Clothing,Swimwear,5,236.5,0,1182.5,291.86,Standard
10440,2023-12-26,2023-12-28,Loyalty Member,Soweto,Gauteng,Kids Clothing,Pyjama Sets,5,501.54,0,2507.7,373.24,Standard
10441,2021-05-09,2021-05-11,Loyalty Member,Pietermaritzburg,KwaZulu-Natal,Kids Clothing,School Uniforms,10,178.05,0,1780.5,424.11,Standard
10442,2022-05-26,2022-05-28,Loyalty Member,Cape Town,Western Cape,Accessories,Scarves,2,582.35,0,1164.7,327.31,Express
10443,2024-07-08,2024-07-14,Regular,Pretoria,Gauteng,Footwear,Sneakers,1,416.55,0,416.55,38.57,Standard
10444,2024-05-16,2024-05-22,Regular,Mokopane,Limpopo,Footwear,Boots,8,222.94,0.2,1426.82,118.21,Click and Collect
10445,2024-07-22,2024-07-25,Wholesale,Mokopane,Limpopo,Kids Clothing,Denim Jeans,6,576.65,0.2,2767.92,626.98,Express
10446,2023-06-09,2023-06-12,Loyalty Member,East London,Eastern Cape,Kids Clothing,Swimwear,4,463.5,0.05,1761.3,360.69,Express
10447,2022-06-18,2022-06-19,Regular,Durban,KwaZulu-Natal,Kids Clothing,School Uniforms,8,268.27,0.1,1931.54,271.29,Standard
10448,2021-01-20,2021-01-26,Wholesale,Port Elizabeth,Eastern Cape,Footwear,School Shoes,2,525.78,0,1051.56,179.01,Express
10449,2022-02-23,2022-02-25,Loyalty Member,Soweto,Gauteng,Kids Clothing,Casual T-Shirts,5,481.37,0.15,2045.82,290.02,Express
10450,2023-01-13,2023-01-17,Regular,Johannesburg,Gauteng,Footwear,Sandals,8,124.39,0.05,945.36,214.1,Standard
10451,2024-02-05,2024-02-10,Loyalty Member,Durban,KwaZulu-Natal,Kids Clothing,Casual T-Shirts,5,141.68,0,708.4,68.64,Express
10452,2024-01-16,2024-01-18,Wholesale,Durban,KwaZulu-Natal,Footwear,Sneakers,3,446.03,0.2,1070.47,233.27,Standard
10453,2024-08-14,2024-08-18,Regular,Port Elizabeth,Eastern Cape,Kids Clothing,Pyjama Sets,8,150.81,0.15,1025.51,164.11,Standard
10454,2021-11-21,2021-11-22,Regular,Sandton,Gauteng,Kids Clothing,Swimwear,5,419.37,0,2096.85,446.78,Click and Collect
10455,2022-05-23,2022-05-27,Loyalty Member,Mthatha,Eastern Cape,Kids Clothing,Pyjama Sets,8,464.02,0,3712.16,328.78,Standard
10456,2022-08-13,2022-08-14,Regular,Richards Bay,KwaZulu-Natal,Kids Clothing,Swimwear,8,581.95,0,4655.6,413.84,Standard
10457,2021-07-04,2021-07-06,Regular,Mthatha,Eastern Cape,Accessories,Belts,3,466.94,0.05,1330.78,401.84,Standard
10458,2022-08-21,2022-08-22,Regular,Johannesburg,Gauteng,Footwear,School Shoes,3,411.66,0.1,1111.48,307.85,Standard
10459,2022-10-03,2022-10-10,Regular,Port Elizabeth,Eastern Cape,Footwear,Sandals,2,499.27,0.2,798.83,128.58,Express
10460,2024-06-04,2024-06-10,Regular,Pretoria,Gauteng,Accessories,Sun Hats,1,391.47,0.15,332.75,31.67,Standard
10461,2024-03-23,2024-03-26,Regular,Soweto,Gauteng,Kids Clothing,Summer Dresses,2,492.44,0.2,787.9,210.08,Standard
10462,2024-02-01,2024-02-02,Loyalty Member,Cape Town,Western Cape,Kids Clothing,Winter Jackets,7,442.69,0.3,2169.18,533.98,Standard
10463,2023-09-15,2023-09-19,Loyalty Member,Cape Town,Western Cape,Kids Clothing,Summer Dresses,8,401.15,0,3209.2,739.8,Express
10464,2023-07-01,2023-07-06,Wholesale,Cape Town,Western Cape,Accessories,Belts,6,528.99,0.05,3015.24,577.15,Express
10465,2022-05-02,2022-05-04,Loyalty Member,Cape Town,Western Cape,Accessories,Hair Accessories,8,178.93,0,1431.44,133.08,Standard
10466,2022-07-09,2022-07-12,Regular,Pietermaritzburg,KwaZulu-Natal,Footwear,Slippers,3,169.6,0,508.8,99.94,Standard
10467,2022-12-15,2022-12-20,Regular,Soweto,Gauteng,Footwear,Sneakers,4,486.28,0.15,1653.35,222.65,Standard
10468,2024-04-13,2024-04-15,Regular,Paarl,Western Cape,Accessories,Sun Hats,4,562.22,0.3,1574.22,193.21,Standard
10469,2024-12-07,2024-12-13,Regular,Sandton,Gauteng,Kids Clothing,Pyjama Sets,10,119.42,0,1194.2,127.38,Standard
10470,2024-03-25,2024-03-28,Loyalty Member,Stellenbosch,Western Cape,Footwear,Slippers,3,383.84,0.05,1093.94,110.22,Click and Collect
10471,2024-04-19,2024-04-23,Regular,East London,Eastern Cape,Kids Clothing,Swimwear,4,215.39,0.2,689.25,151.0,Click and Collect
10472,2022-10-01,2022-10-05,Wholesale,Polokwane,Limpopo,Footwear,Slippers,1,306.11,0.2,244.89,47.76,Express
10473,2021-08-16,2021-08-18,Loyalty Member,Cape Town,Western Cape,Kids Clothing,Summer Dresses,3,271.79,0.05,774.6,182.37,Standard
10474,2024-11-10,2024-11-12,Loyalty Member,Richards Bay,KwaZulu-Natal,Kids Clothing,Casual T-Shirts,8,482.64,0.2,3088.9,384.22,Click and Collect
10475,2024-12-21,2024-12-22,Regular,Port Elizabeth,Eastern Cape,Footwear,Slippers,1,240.26,0.1,216.23,53.52,Express
10476,2022-11-03,2022-11-08,Wholesale,Mthatha,Eastern Cape,Kids Clothing,Pyjama Sets,6,541.87,0,3251.22,558.91,Standard
10477,2021-06-12,2021-06-14,Regular,Richards Bay,KwaZulu-Natal,Footwear,Sandals,3,589.44,0.05,1679.9,351.96,Express
10478,2022-12-25,2022-12-27,Regular,Sandton,Gauteng,Kids Clothing,School Uniforms,2,279.14,0.3,390.8,76.87,Standard
10479,2021-08-23,2021-08-28,Loyalty Member,Richards Bay,KwaZulu-Natal,Kids Clothing,Winter Jackets,2,185.06,0.3,259.08,26.16,Standard
10480,2022-05-03,2022-05-04,Loyalty Member,Cape Town,Western Cape,Kids Clothing,Swimwear,4,354.55,0,1418.2,213.24,Click and Collect
10481,2022-08-12,2022-08-16,Regular,Johannesburg,Gauteng,Kids Clothing,Swimwear,4,514.82,0.15,1750.39,312.98,Standard
10482,2023-08-19,2023-08-25,Regular,Richards Bay,KwaZulu-Natal,Kids Clothing,Summer Dresses,5,176.59,0.1,794.66,106.82,Standard
10483,2023-01-05,2023-01-08,Loyalty Member,Pretoria,Gauteng,Kids Clothing,Denim Jeans,5,181.96,0,909.8,256.05,Express
10484,2022-03-08,2022-03-09,Loyalty Member,Stellenbosch,Western Cape,Kids Clothing,Winter Jackets,3,193.63,0,580.89,139.26,Click and Collect
10485,2022-06-15,2022-06-20,Regular,Mokopane,Limpopo,Accessories,Hair Accessories,8,480.94,0.3,2693.26,815.18,Standard
10486,2023-11-23,2023-11-26,Wholesale,Sandton,Gauteng,Footwear,Slippers,3,496.78,0.3,1043.24,168.26,Standard
10487,2024-01-05,2024-01-11,Regular,Sandton,Gauteng,Footwear,Sandals,8,271.27,0.15,1844.64,171.94,Express
10488,2022-05-07,2022-05-08,Loyalty Member,Stellenbosch,Western Cape,Accessories,Belts,7,188.17,0.15,1119.61,251.64,Standard
10489,2021-11-12,2021-11-16,Regular,Stellenbosch,Western Cape,Kids Clothing,Winter Jackets,6,268.19,0.3,1126.4,326.47,Standard
10490,2024-12-14,2024-12-21,Loyalty Member,Pretoria,Gauteng,Accessories,Hair Accessories,7,160.18,0,1121.26,128.35,Standard
10491,2023-02-19,2023-02-26,Regular,Johannesburg,Gauteng,Accessories,Hair Accessories,3,372.47,0,1117.41,142.83,Express
10492,2023-09-16,2023-09-17,Loyalty Member,East London,Eastern Cape,Kids Clothing,Denim Jeans,8,203.51,0,1628.08,190.43,Standard
10493,2024-02-21,2024-02-27,Regular,East London,Eastern Cape,Accessories,Sun Hats,1,149.87,0.1,134.88,26.75,Click and Collect
10494,2023-10-16,2023-10-21,Loyalty Member,Sandton,Gauteng,Kids Clothing,Pyjama Sets,2,279.33,0,558.66,158.03,Standard
10495,2021-03-11,2021-03-15,Regular,Port Elizabeth,Eastern Cape,Kids Clothing,Winter Jackets,7,413.49,0.15,2460.27,225.59,Standard
10496,2021-09-07,2021-09-14,Loyalty Member,Durban,KwaZulu-Natal,Kids Clothing,Winter Jackets,6,510.68,0.1,2757.67,400.28,Express
10497,2023-02-18,2023-02-23,Regular,Pretoria,Gauteng,Kids Clothing,Winter Jackets,8,299.12,0,2392.96,250.26,Standard
10498,2022-04-26,2022-04-28,Loyalty Member,Richards Bay,KwaZulu-Natal,Footwear,School Shoes,7,323.85,0,2266.95,244.78,Standard
10499,2021-08-12,2021-08-15,Loyalty Member,Durban,KwaZulu-Natal,Accessories,Belts,9,478.43,0.15,3659.99,444.07,Standard
10500,2021-04-05,2021-04-12,Regular,Richards Bay,KwaZulu-Natal,Kids Clothing,Summer Dresses,2,305.65,0,611.3,60.31,Express
10501,2024-01-07,2024-01-08,Regular,Paarl,Western Cape,Kids Clothing,School Uniforms,5,111.07,0.1,499.81,120.06,Express
10502,2021-10-07,2021-10-12,Loyalty Member,Port Elizabeth,Eastern Cape,Kids Clothing,Summer Dresses,5,572.88,0.15,2434.74,400.58,Click and Collect
10503,2022-09-19,2022-09-20,Loyalty Member,Paarl,Western Cape,Kids Clothing,Pyjama Sets,4,580.77,0,2323.08,688.56,Standard
10504,2021-04-17,2021-04-24,Loyalty Member,Pietermaritzburg,KwaZulu-Natal,Kids Clothing,Pyjama Sets,2,181.23,0.15,308.09,97.21,Standard
10505,2022-07-04,2022-07-11,Regular,Polokwane,Limpopo,Kids Clothing,Casual T-Shirts,6,448.41,0,2690.46,268.35,Standard
10506,2024-05-15,2024-05-20,Wholesale,Richards Bay,KwaZulu-Natal,Kids Clothing,Denim Jeans,7,237.2,0.2,1328.32,166.45,Standard
10507,2024-11-12,2024-11-14,Regular,Paarl,Western Cape,Kids Clothing,Casual T-Shirts,9,424.86,0,3823.74,415.31,Standard
10508,2021-12-06,2021-12-07,Regular,Pretoria,Gauteng,Kids Clothing,Casual T-Shirts,2,207.76,0.2,332.42,84.45,Standard
10509,2023-11-13,2023-11-16,Wholesale,Soweto,Gauteng,Kids Clothing,Summer Dresses,8,144.1,0.1,1037.52,204.85,Standard
10510,2022-01-04,2022-01-10,Regular,Cape Town,Western Cape,Kids Clothing,Summer Dresses,7,397.34,0.15,2364.17,275.8,Express
10511,2021-02-22,2021-02-28,Loyalty Member,Soweto,Gauteng,Kids Clothing,Pyjama Sets,8,339.03,0.1,2441.02,513.07,Express
10512,2021-01-14,2021-01-15,Loyalty Member,Sandton,Gauteng,Kids Clothing,School Uniforms,1,179.2,0.1,161.28,47.15,Standard
10513,2024-03-10,2024-03-16,Loyalty Member,Johannesburg,Gauteng,Kids Clothing,Denim Jeans,9,380.83,0.3,2399.23,515.69,Standard
10514,2021-07-09,2021-07-13,Loyalty Member,Soweto,Gauteng,Kids Clothing,Winter Jackets,6,120.33,0,721.98,79.97,Standard
10515,2021-11-11,2021-11-15,Wholesale,Stellenbosch,Western Cape,Kids Clothing,School Uniforms,4,215.28,0.1,775.01,172.21,Click and Collect
10516,2021-05-04,2021-05-07,Regular,Paarl,Western Cape,Kids Clothing,Swimwear,7,378.71,0.2,2120.78,305.37,Express
10517,2021-06-13,2021-06-18,Loyalty Member,Johannesburg,Gauteng,Kids Clothing,Pyjama Sets,4,260.34,0.15,885.16,106.21,Standard
10518,2024-04-16,2024-04-22,Loyalty Member,Port Elizabeth,Eastern Cape,Kids Clothing,Winter Jackets,5,113.24,0.2,452.96,123.71,Express
10519,2021-12-28,2021-12-28,Regular,Stellenbosch,Western Cape,Kids Clothing,Denim Jeans,8,306.82,0.15,2086.38,565.32,Express
10520,2023-09-26,2023-09-28,Regular,Sandton,Gauteng,Kids Clothing,Denim Jeans,9,320.15,0,2881.35,839.67,Express
10521,2022-10-16,2022-10-18,Wholesale,Richards Bay,KwaZulu-Natal,Kids Clothing,Pyjama Sets,9,501.56,0.2,3611.23,1098.94,Express
10522,2021-09-07,2021-09-10,Regular,Pretoria,Gauteng,Footwear,Sneakers,7,298.23,0,2087.61,484.62,Express
10523,2023-05-21,2023-05-23,Regular,Pretoria,Gauteng,Kids Clothing,Summer Dresses,1,214.25,0.1,192.83,36.91,Standard
10524,2024-07-21,2024-07-22,Regular,Stellenbosch,Western Cape,Kids Clothing,Swimwear,5,424.92,0,2124.6,498.5,Standard
10525,2024-01-02,2024-01-09,Loyalty Member,East London,Eastern Cape,Accessories,Hair Accessories,6,431.55,0,2589.3,453.79,Express
10526,2022-04-04,2022-04-09,Regular,Durban,KwaZulu-Natal,Footwear,Slippers,5,342.19,0,1710.95,234.64,Standard
10527,2023-06-27,2023-06-28,Loyalty Member,Richards Bay,KwaZulu-Natal,Accessories,Sun Hats,3,143.48,0.05,408.92,127.9,Standard
10528,2023-10-02,2023-10-06,Regular,Johannesburg,Gauteng,Kids Clothing,Pyjama Sets,4,580.29,0,2321.16,387.91,Express
10529,2023-01-21,2023-01-26,Loyalty Member,Paarl,Western Cape,Accessories,Sun Hats,5,370.89,0.1,1669.0,389.46,Express
10530,2021-09-28,2021-09-28,Regular,East London,Eastern Cape,Accessories,Scarves,5,135.03,0.05,641.39,97.09,Click and Collect
10531,2022-08-21,2022-08-24,Regular,Mthatha,Eastern Cape,Kids Clothing,Swimwear,2,508.83,0.3,712.36,137.53,Standard
10532,2023-12-14,2023-12-21,Loyalty Member,Cape Town,Western Cape,Kids Clothing,Winter Jackets,7,396.08,0.15,2356.68,444.9,Standard
10533,2021-11-21,2021-11-23,Regular,Richards Bay,KwaZulu-Natal,Kids Clothing,Pyjama Sets,5,249.0,0,1245.0,132.72,Standard
10534,2022-10-22,2022-10-26,Regular,Pietermaritzburg,KwaZulu-Natal,Accessories,Sun Hats,5,177.47,0.15,754.25,205.07,Standard
10535,2024-06-06,2024-06-10,Regular,Mthatha,Eastern Cape,Accessories,Belts,10,408.58,0,4085.8,1282.09,Standard
10536,2022-01-13,2022-01-18,Regular,Sandton,Gauteng,Accessories,Sun Hats,10,148.85,0.2,1190.8,316.28,Click and Collect
10537,2024-02-08,2024-02-14,Regular,Stellenbosch,Western Cape,Kids Clothing,Summer Dresses,7,525.73,0.05,3496.1,1114.73,Standard
10538,2022-07-06,2022-07-10,Regular,Durban,KwaZulu-Natal,Kids Clothing,Denim Jeans,8,551.74,0.15,3751.83,825.02,Express
10539,2021-01-16,2021-01-18,Regular,Mthatha,Eastern Cape,Kids Clothing,Casual T-Shirts,7,464.41,0.1,2925.78,285.36,Standard
10540,2021-06-08,2021-06-12,Wholesale,Mthatha,Eastern Cape,Accessories,Belts,1,91.73,0.2,73.38,11.2,Standard
10541,2023-03-18,2023-03-19,Regular,Sandton,Gauteng,Kids Clothing,Winter Jackets,8,156.28,0.15,1062.7,266.17,Standard
10542,2023-02-11,2023-02-12,Loyalty Member,Tzaneen,Limpopo,Footwear,Sneakers,7,233.29,0.1,1469.73,333.78,Express
10543,2023-09-11,2023-09-15,Loyalty Member,East London,Eastern Cape,Kids Clothing,Summer Dresses,9,524.05,0.3,3301.51,306.29,Standard
10544,2022-03-02,2022-03-06,Regular,Soweto,Gauteng,Accessories,Hair Accessories,1,314.18,0.3,219.93,41.76,Standard
10545,2022-02-12,2022-02-13,Regular,Stellenbosch,Western Cape,Kids Clothing,Denim Jeans,5,376.26,0.05,1787.23,393.28,Click and Collect
10546,2022-07-03,2022-07-05,Regular,Richards Bay,KwaZulu-Natal,Kids Clothing,Winter Jackets,2,290.03,0,580.06,162.92,Standard
10547,2021-08-27,2021-08-28,Loyalty Member,Pietermaritzburg,KwaZulu-Natal,Kids Clothing,Pyjama Sets,1,257.01,0,257.01,61.04,Click and Collect
10548,2023-12-24,2023-12-28,Loyalty Member,Pretoria,Gauteng,Footwear,Sneakers,6,496.05,0,2976.3,628.94,Express
10549,2021-07-09,2021-07-11,Regular,Stellenbosch,Western Cape,Accessories,Sun Hats,7,486.54,0.1,3065.2,721.3,Click and Collect
10550,2022-02-10,2022-02-14,Loyalty Member,Mthatha,Eastern Cape,Kids Clothing,Pyjama Sets,10,155.96,0,1559.6,436.21,Standard
10551,2024-08-13,2024-08-17,Regular,Soweto,Gauteng,Kids Clothing,Winter Jackets,10,184.04,0.2,1472.32,150.63,Standard
10552,2024-11-08,2024-11-14,Wholesale,Durban,KwaZulu-Natal,Kids Clothing,Pyjama Sets,9,131.82,0.3,830.47,153.61,Click and Collect
10553,2024-05-05,2024-05-07,Loyalty Member,Pietermaritzburg,KwaZulu-Natal,Kids Clothing,Winter Jackets,10,113.34,0,1133.4,340.19,Standard
10554,2024-07-04,2024-07-08,Loyalty Member,Richards Bay,KwaZulu-Natal,Kids Clothing,Denim Jeans,2,481.01,0,962.02,103.27,Express
10555,2022-03-27,2022-03-28,Loyalty Member,Stellenbosch,Western Cape,Kids Clothing,Denim Jeans,8,475.25,0.3,2661.4,611.36,Standard
10556,2022-04-06,2022-04-07,Regular,Richards Bay,KwaZulu-Natal,Footwear,Boots,9,98.14,0.2,706.61,76.32,Standard
10557,2024-08-23,2024-08-27,Loyalty Member,Mthatha,Eastern Cape,Kids Clothing,Denim Jeans,10,272.97,0.2,2183.76,596.41,Standard
10558,2022-01-07,2022-01-08,Wholesale,Mthatha,Eastern Cape,Accessories,Sun Hats,8,419.8,0.05,3190.48,588.93,Express
10559,2022-02-10,2022-02-17,Regular,Soweto,Gauteng,Kids Clothing,Summer Dresses,8,580.57,0.3,3251.19,275.41,Standard
10560,2022-04-10,2022-04-15,Regular,East London,Eastern Cape,Kids Clothing,Pyjama Sets,7,588.54,0.3,2883.85,740.86,Standard
10561,2023-01-16,2023-01-20,Regular,Soweto,Gauteng,Kids Clothing,School Uniforms,7,382.97,0,2680.79,386.79,Express
10562,2024-02-16,2024-02-21,Regular,Tzaneen,Limpopo,Kids Clothing,Summer Dresses,5,459.37,0.3,1607.79,261.3,Standard
10563,2022-10-22,2022-10-25,Loyalty Member,Mokopane,Limpopo,Kids Clothing,Winter Jackets,7,578.5,0.15,3442.07,932.92,Express
10564,2022-10-07,2022-10-10,Loyalty Member,Durban,KwaZulu-Natal,Kids Clothing,Summer Dresses,3,397.93,0,1193.79,322.84,Click and Collect
10565,2024-05-08,2024-05-10,Regular,Johannesburg,Gauteng,Kids Clothing,Pyjama Sets,3,178.1,0,534.3,146.2,Standard
10566,2021-10-08,2021-10-09,Regular,Soweto,Gauteng,Kids Clothing,Winter Jackets,1,481.75,0.1,433.57,127.95,Click and Collect
10567,2021-12-02,2021-12-06,Wholesale,Durban,KwaZulu-Natal,Footwear,Slippers,2,509.04,0,1018.08,205.4,Standard
10568,2021-04-12,2021-04-14,Regular,Richards Bay,KwaZulu-Natal,Kids Clothing,Pyjama Sets,2,167.69,0.15,285.07,45.7,Standard
10569,2022-08-14,2022-08-21,Loyalty Member,Durban,KwaZulu-Natal,Kids Clothing,Winter Jackets,9,176.34,0.1,1428.35,241.94,Express
10570,2023-11-22,2023-11-24,Regular,Paarl,Western Cape,Kids Clothing,Swimwear,7,299.84,0.2,1679.1,496.23,Click and Collect
10571,2023-01-15,2023-01-17,Loyalty Member,Richards Bay,KwaZulu-Natal,Accessories,School Bags,6,249.55,0,1497.3,275.77,Standard
10572,2021-11-21,2021-11-23,Wholesale,Port Elizabeth,Eastern Cape,Accessories,Belts,5,302.85,0.1,1362.83,345.03,Standard
10573,2023-01-27,2023-01-28,Wholesale,Mthatha,Eastern Cape,Footwear,Boots,4,541.67,0.3,1516.68,375.22,Click and Collect
10574,2024-04-10,2024-04-11,Regular,Stellenbosch,Western Cape,Footwear,Sandals,9,594.88,0.1,4818.53,632.66,Standard
10575,2023-09-11,2023-09-18,Regular,Durban,KwaZulu-Natal,Footwear,Slippers,5,212.08,0.1,954.36,242.75,Click and Collect
10576,2021-12-02,2021-12-09,Regular,Sandton,Gauteng,Footwear,School Shoes,8,240.96,0,1927.68,363.86,Click and Collect
10577,2022-06-10,2022-06-13,Loyalty Member,Richards Bay,KwaZulu-Natal,Kids Clothing,Casual T-Shirts,9,465.13,0,4186.17,664.28,Standard
10578,2023-08-04,2023-08-06,Regular,Pietermaritzburg,KwaZulu-Natal,Kids Clothing,Summer Dresses,8,198.54,0,1588.32,267.84,Standard
10579,2024-05-19,2024-05-23,Loyalty Member,Pietermaritzburg,KwaZulu-Natal,Accessories,Hair Accessories,3,162.62,0,487.86,95.79,Standard
10580,2021-12-07,2021-12-11,Wholesale,Pretoria,Gauteng,Kids Clothing,School Uniforms,10,523.68,0,5236.8,570.85,Standard
10581,2021-09-05,2021-09-06,Regular,Sandton,Gauteng,Kids Clothing,Swimwear,3,161.49,0.2,387.58,35.53,Click and Collect
10582,2023-04-06,2023-04-13,Regular,Durban,KwaZulu-Natal,Kids Clothing,Swimwear,1,301.96,0.1,271.76,58.64,Click and Collect
10583,2024-08-27,2024-08-28,Loyalty Member,Port Elizabeth,Eastern Cape,Kids Clothing,Casual T-Shirts,8,429.28,0,3434.24,988.8,Standard
10584,2024-07-08,2024-07-12,Wholesale,Johannesburg,Gauteng,Accessories,Scarves,2,530.64,0,1061.28,230.59,Express
10585,2023-09-21,2023-09-22,Regular,Durban,KwaZulu-Natal,Footwear,Slippers,1,577.22,0.05,548.36,142.65,Standard
10586,2021-02-22,2021-02-27,Regular,Cape Town,Western Cape,Kids Clothing,Swimwear,10,315.56,0.15,2682.26,473.24,Standard
10587,2021-06-14,2021-06-16,Regular,Sandton,Gauteng,Kids Clothing,School Uniforms,9,174.76,0,1572.84,194.78,Express
10588,2022-05-14,2022-05-20,Wholesale,Paarl,Western Cape,Kids Clothing,Pyjama Sets,1,240.99,0,240.99,37.79,Standard
10589,2023-05-13,2023-05-20,Regular,Port Elizabeth,Eastern Cape,Footwear,Slippers,4,340.42,0.2,1089.34,335.35,Standard
10590,2023-08-18,2023-08-22,Regular,Cape Town,Western Cape,Kids Clothing,School Uniforms,5,371.58,0,1857.9,258.46,Standard
10591,2022-05-19,2022-05-23,Loyalty Member,Pretoria,Gauteng,Kids Clothing,Denim Jeans,3,487.83,0.2,1170.79,363.79,Standard
10592,2021-01-27,2021-01-28,Regular,Mokopane,Limpopo,Accessories,School Bags,1,565.09,0.3,395.56,57.59,Standard
10593,2024-06-27,2024-06-28,Regular,Paarl,Western Cape,Kids Clothing,Denim Jeans,10,124.67,0,1246.7,218.01,Standard
10594,2022-12-18,2022-12-21,Loyalty Member,Port Elizabeth,Eastern Cape,Accessories,Scarves,6,412.94,0.3,1734.35,252.39,Express
10595,2023-06-07,2023-06-11,Regular,Tzaneen,Limpopo,Footwear,School Shoes,10,332.03,0,3320.3,801.68,Standard
10596,2024-07-18,2024-07-19,Loyalty Member,Richards Bay,KwaZulu-Natal,Kids Clothing,Swimwear,8,431.85,0.15,2936.58,920.0,Standard
10597,2023-07-06,2023-07-13,Wholesale,Richards Bay,KwaZulu-Natal,Kids Clothing,Winter Jackets,4,315.73,0.05,1199.77,309.97,Express
10598,2023-04-03,2023-04-10,Loyalty Member,Pietermaritzburg,KwaZulu-Natal,Kids Clothing,Casual T-Shirts,6,107.77,0.3,452.63,134.47,Express
10599,2022-01-07,2022-01-14,Loyalty Member,Durban,KwaZulu-Natal,Kids Clothing,Casual T-Shirts,3,370.41,0,1111.23,106.33,Standard
10600,2021-03-09,2021-03-14,Loyalty Member,Mthatha,Eastern Cape,Kids Clothing,Swimwear,1,594.9,0.1,535.41,130.3,Click and Collect
10601,2021-07-21,2021-07-27,Loyalty Member,Polokwane,Limpopo,Kids Clothing,Swimwear,7,228.76,0.3,1120.92,222.99,Standard
10602,2021-12-08,2021-12-09,Regular,Soweto,Gauteng,Kids Clothing,Casual T-Shirts,4,259.7,0,1038.8,329.99,Standard
10603,2024-02-08,2024-02-10,Regular,Stellenbosch,Western Cape,Footwear,School Shoes,8,309.29,0,2474.32,549.81,Express
10604,2023-05-08,2023-05-09,Loyalty Member,Sandton,Gauteng,Footwear,Slippers,4,570.21,0.3,1596.59,420.52,Express
10605,2021-02-02,2021-02-03,Loyalty Member,Johannesburg,Gauteng,Kids Clothing,Swimwear,8,116.94,0.2,748.42,71.69,Express
10606,2021-05-28,2021-05-28,Regular,Soweto,Gauteng,Kids Clothing,Pyjama Sets,10,94.41,0.2,755.28,144.57,Standard
10607,2021-06-21,2021-06-27,Regular,Pietermaritzburg,KwaZulu-Natal,Kids Clothing,School Uniforms,2,95.27,0,190.54,42.36,Express
10608,2022-11-17,2022-11-20,Loyalty Member,Soweto,Gauteng,Kids Clothing,Summer Dresses,3,495.48,0,1486.44,164.46,Standard
10609,2023-05-19,2023-05-24,Regular,Durban,KwaZulu-Natal,Footwear,Sneakers,6,583.84,0,3503.04,328.43,Standard
10610,2021-07-12,2021-07-14,Wholesale,Mokopane,Limpopo,Footwear,Sneakers,4,429.61,0.3,1202.91,269.38,Standard
10611,2023-10-10,2023-10-14,Regular,Johannesburg,Gauteng,Footwear,School Shoes,8,200.9,0,1607.2,374.97,Express
10612,2024-10-07,2024-10-09,Loyalty Member,Sandton,Gauteng,Kids Clothing,Casual T-Shirts,3,510.3,0,1530.9,255.78,Standard
10613,2021-09-04,2021-09-06,Loyalty Member,Pretoria,Gauteng,Accessories,Scarves,1,586.41,0.05,557.09,71.02,Standard
10614,2023-12-06,2023-12-09,Regular,Port Elizabeth,Eastern Cape,Kids Clothing,Swimwear,5,553.43,0,2767.15,773.55,Standard
10615,2021-06-07,2021-06-10,Loyalty Member,Sandton,Gauteng,Footwear,Slippers,10,538.65,0,5386.5,584.1,Click and Collect
10616,2022-04-07,2022-04-12,Regular,Sandton,Gauteng,Kids Clothing,Pyjama Sets,4,558.72,0.05,2123.14,605.23,Standard
10617,2022-06-08,2022-06-09,Loyalty Member,Pietermaritzburg,KwaZulu-Natal,Accessories,Belts,8,195.71,0,1565.68,420.1,Express
10618,2021-03-17,2021-03-21,Loyalty Member,Richards Bay,KwaZulu-Natal,Kids Clothing,Denim Jeans,8,180.29,0.15,1225.97,252.69,Standard
10619,2024-08-09,2024-08-14,Regular,Johannesburg,Gauteng,Accessories,Hair Accessories,4,290.91,0.1,1047.28,190.61,Standard
10620,2022-06-09,2022-06-14,Regular,Cape Town,Western Cape,Kids Clothing,Summer Dresses,10,109.98,0.15,934.83,170.39,Standard
10621,2024-06-26,2024-06-28,Regular,Soweto,Gauteng,Kids Clothing,Winter Jackets,2,272.14,0,544.28,82.01,Standard
10622,2021-05-08,2021-05-09,Regular,Stellenbosch,Western Cape,Kids Clothing,Summer Dresses,6,216.51,0.1,1169.15,147.03,Express
10623,2022-12-24,2022-12-28,Loyalty Member,Port Elizabeth,Eastern Cape,Kids Clothing,Winter Jackets,7,571.37,0,3999.59,773.04,Standard
10624,2022-07-08,2022-07-10,Regular,Durban,KwaZulu-Natal,Kids Clothing,Swimwear,9,475.39,0.3,2994.96,484.46,Standard
10625,2022-07-25,2022-07-28,Regular,Soweto,Gauteng,Kids Clothing,Winter Jackets,3,383.53,0,1150.59,176.43,Express
10626,2024-11-27,2024-11-28,Regular,Soweto,Gauteng,Footwear,Slippers,5,255.3,0,1276.5,276.0,Standard
10627,2022-03-11,2022-03-16,Wholesale,Richards Bay,KwaZulu-Natal,Kids Clothing,Casual T-Shirts,7,193.14,0.2,1081.58,103.06,Standard
10628,2024-02-11,2024-02-16,Loyalty Member,Mokopane,Limpopo,Kids Clothing,School Uniforms,9,179.59,0.3,1131.42,97.8,Standard
10629,2024-05-07,2024-05-09,Regular,Johannesburg,Gauteng,Kids Clothing,School Uniforms,3,255.65,0.2,613.56,106.68,Click and Collect
10630,2022-09-14,2022-09-18,Wholesale,Pietermaritzburg,KwaZulu-Natal,Accessories,Sun Hats,4,246.98,0.3,691.54,81.68,Standard
10631,2023-10-07,2023-10-12,Regular,Pietermaritzburg,KwaZulu-Natal,Kids Clothing,Summer Dresses,8,121.62,0.2,778.37,175.26,Standard
10632,2023-10-16,2023-10-20,Loyalty Member,Johannesburg,Gauteng,Kids Clothing,Casual T-Shirts,6,446.16,0.1,2409.26,418.88,Express
10633,2022-07-08,2022-07-10,Regular,Mthatha,Eastern Cape,Kids Clothing,Pyjama Sets,3,445.25,0,1335.75,233.02,Click and Collect
10634,2022-03-09,2022-03-15,Loyalty Member,Johannesburg,Gauteng,Footwear,Sandals,8,298.75,0,2390.0,762.11,Standard
10635,2021-09-25,2021-09-28,Regular,Soweto,Gauteng,Kids Clothing,School Uniforms,8,102.63,0.3,574.73,98.55,Express
10636,2022-07-02,2022-07-03,Regular,Pretoria,Gauteng,Footwear,Boots,8,123.8,0.05,940.88,236.41,Standard
10637,2024-05-27,2024-05-28,Loyalty Member,Cape Town,Western Cape,Kids Clothing,School Uniforms,9,467.14,0,4204.26,414.63,Express
10638,2023-03-15,2023-03-18,Regular,Paarl,Western Cape,Footwear,Sandals,8,444.34,0,3554.72,617.63,Standard
10639,2021-10-01,2021-10-02,Wholesale,Durban,KwaZulu-Natal,Kids Clothing,Summer Dresses,4,135.61,0.2,433.95,37.63,Standard
10640,2022-11-22,2022-11-23,Loyalty Member,Cape Town,Western Cape,Footwear,Sandals,3,111.45,0,334.35,92.2,Standard
10641,2022-10-07,2022-10-12,Regular,Soweto,Gauteng,Kids Clothing,Winter Jackets,6,177.55,0.2,852.24,201.95,Standard
10642,2022-08-08,2022-08-09,Loyalty Member,Pietermaritzburg,KwaZulu-Natal,Kids Clothing,School Uniforms,4,298.66,0.3,836.25,264.21,Standard
10643,2022-05-04,2022-05-09,Loyalty Member,Soweto,Gauteng,Accessories,Sun Hats,6,178.42,0.15,909.94,286.38,Express
10644,2021-06-01,2021-06-06,Regular,East London,Eastern Cape,Footwear,Sandals,9,388.61,0,3497.49,475.05,Express
10645,2021-05-08,2021-05-14,Loyalty Member,Pretoria,Gauteng,Kids Clothing,Winter Jackets,8,240.27,0,1922.16,327.11,Express
10646,2022-12-20,2022-12-24,Regular,Pietermaritzburg,KwaZulu-Natal,Kids Clothing,Swimwear,1,354.65,0.2,283.72,66.82,Standard
10647,2021-04-28,2021-04-28,Regular,Pretoria,Gauteng,Kids Clothing,Pyjama Sets,4,497.74,0.05,1891.41,427.34,Standard
10648,2023-03-15,2023-03-21,Regular,Stellenbosch,Western Cape,Kids Clothing,Pyjama Sets,3,567.52,0,1702.56,173.7,Standard
10649,2022-04-17,2022-04-18,Regular,Soweto,Gauteng,Footwear,Sandals,7,178.98,0.05,1190.22,181.8,Standard
10650,2022-05-28,2022-05-28,Regular,Sandton,Gauteng,Kids Clothing,Casual T-Shirts,7,346.7,0.2,1941.52,509.61,Express
10651,2024-01-25,2024-01-28,Loyalty Member,Johannesburg,Gauteng,Accessories,Belts,9,166.93,0,1502.37,212.96,Standard
10652,2024-05-13,2024-05-18,Regular,Durban,KwaZulu-Natal,Footwear,Sandals,3,556.23,0,1668.69,138.64,Standard
10653,2023-08-13,2023-08-17,Regular,Mokopane,Limpopo,Kids Clothing,Pyjama Sets,10,125.33,0,1253.3,398.79,Standard
10654,2022-04-25,2022-04-28,Regular,Mokopane,Limpopo,Footwear,Sneakers,1,420.96,0.2,336.77,86.4,Standard
10655,2021-06-21,2021-06-27,Loyalty Member,Richards Bay,KwaZulu-Natal,Kids Clothing,Denim Jeans,8,570.58,0,4564.64,643.75,Express
10656,2022-01-04,2022-01-11,Wholesale,Paarl,Western Cape,Kids Clothing,Denim Jeans,2,353.45,0.05,671.55,194.91,Standard
10657,2024-05-23,2024-05-26,Loyalty Member,Soweto,Gauteng,Footwear,School Shoes,2,413.45,0.15,702.87,193.58,Standard
10658,2022-12-13,2022-12-19,Loyalty Member,Pretoria,Gauteng,Kids Clothing,School Uniforms,7,356.73,0.1,2247.4,575.18,Standard
10659,2023-03-23,2023-03-25,Regular,Cape Town,Western Cape,Kids Clothing,Denim Jeans,4,183.68,0,734.72,191.01,Express
10660,2022-05-28,2022-05-28,Loyalty Member,Johannesburg,Gauteng,Kids Clothing,Winter Jackets,2,281.64,0.1,506.95,48.37,Standard
10661,2022-08-16,2022-08-22,Regular,Durban,KwaZulu-Natal,Footwear,School Shoes,10,491.5,0,4915.0,507.43,Standard
10662,2021-07-20,2021-07-25,Wholesale,Tzaneen,Limpopo,Kids Clothing,Winter Jackets,10,308.02,0.15,2618.17,637.91,Standard
10663,2023-04-12,2023-04-18,Wholesale,Johannesburg,Gauteng,Accessories,School Bags,1,322.03,0.2,257.62,65.45,Click and Collect
10664,2022-01-20,2022-01-21,Wholesale,East London,Eastern Cape,Footwear,Sandals,6,319.48,0.3,1341.82,273.17,Express
10665,2021-11-27,2021-11-28,Loyalty Member,Stellenbosch,Western Cape,Accessories,Scarves,8,208.11,0.3,1165.42,205.16,Express
10666,2021-06-14,2021-06-18,Wholesale,Mokopane,Limpopo,Footwear,Sneakers,10,188.49,0,1884.9,544.3,Click and Collect
10667,2021-03-16,2021-03-23,Wholesale,Paarl,Western Cape,Accessories,Hair Accessories,3,546.17,0,1638.51,320.69,Standard
10668,2022-04-06,2022-04-13,Regular,Mokopane,Limpopo,Kids Clothing,Pyjama Sets,1,170.72,0.15,145.11,43.04,Express
10669,2022-12-09,2022-12-15,Loyalty Member,Johannesburg,Gauteng,Accessories,Hair Accessories,2,494.73,0.15,841.04,243.28,Click and Collect
10670,2021-11-11,2021-11-15,Loyalty Member,Mthatha,Eastern Cape,Kids Clothing,Pyjama Sets,9,581.79,0.2,4188.89,1147.87,Standard
10671,2021-05-03,2021-05-04,Loyalty Member,Paarl,Western Cape,Kids Clothing,School Uniforms,10,276.55,0.15,2350.67,726.3,Standard
10672,2021-05-02,2021-05-07,Wholesale,Soweto,Gauteng,Kids Clothing,Winter Jackets,3,354.07,0.05,1009.1,106.54,Standard
10673,2024-06-05,2024-06-12,Regular,Polokwane,Limpopo,Kids Clothing,Denim Jeans,5,163.39,0,816.95,182.78,Standard
10674,2021-05-28,2021-05-28,Regular,Pretoria,Gauteng,Footwear,Boots,1,589.38,0.15,500.97,58.44,Express
10675,2022-12-24,2022-12-25,Loyalty Member,Polokwane,Limpopo,Footwear,Sneakers,3,594.44,0.2,1426.66,229.66,Express
10676,2023-07-13,2023-07-14,Regular,Sandton,Gauteng,Accessories,Belts,7,138.63,0.15,824.85,214.91,Standard
10677,2021-12-10,2021-12-14,Regular,Richards Bay,KwaZulu-Natal,Footwear,Sneakers,3,195.98,0.05,558.54,143.25,Standard
10678,2021-11-26,2021-11-28,Loyalty Member,Stellenbosch,Western Cape,Kids Clothing,School Uniforms,2,270.35,0.3,378.49,46.6,Standard
10679,2023-10-14,2023-10-16,Regular,Pietermaritzburg,KwaZulu-Natal,Kids Clothing,Casual T-Shirts,8,243.37,0,1946.96,460.79,Standard
10680,2021-08-28,2021-08-28,Loyalty Member,Pietermaritzburg,KwaZulu-Natal,Kids Clothing,School Uniforms,2,148.48,0,296.96,58.62,Express
10681,2022-01-19,2022-01-24,Regular,Tzaneen,Limpopo,Footwear,Slippers,3,284.82,0.2,683.57,103.63,Standard
10682,2023-02-23,2023-02-28,Regular,Durban,KwaZulu-Natal,Footwear,Boots,9,505.91,0.3,3187.23,303.88,Express
10683,2021-04-22,2021-04-23,Loyalty Member,Paarl,Western Cape,Kids Clothing,Casual T-Shirts,6,151.75,0,910.5,198.51,Express
10684,2021-09-09,2021-09-16,Wholesale,Durban,KwaZulu-Natal,Kids Clothing,Winter Jackets,9,176.52,0,1588.68,221.78,Standard
10685,2023-11-18,2023-11-22,Loyalty Member,Stellenbosch,Western Cape,Kids Clothing,Winter Jackets,10,363.49,0.05,3453.15,846.38,Express
10686,2021-04-02,2021-04-04,Wholesale,Cape Town,Western Cape,Footwear,Sandals,10,272.12,0,2721.2,693.87,Standard
10687,2023-05-13,2023-05-19,Regular,East London,Eastern Cape,Accessories,Hair Accessories,3,362.31,0,1086.93,251.19,Standard
10688,2022-12-12,2022-12-17,Loyalty Member,Richards Bay,KwaZulu-Natal,Kids Clothing,Summer Dresses,6,595.15,0.2,2856.72,488.35,Click and Collect
10689,2022-02-09,2022-02-10,Regular,Soweto,Gauteng,Footwear,Sneakers,6,485.82,0,2914.92,841.03,Standard
10690,2021-02-13,2021-02-15,Loyalty Member,Johannesburg,Gauteng,Kids Clothing,Denim Jeans,5,389.3,0.3,1362.55,140.25,Standard
10691,2023-09-09,2023-09-14,Regular,Cape Town,Western Cape,Accessories,Hair Accessories,3,265.04,0.2,636.1,123.69,Standard
10692,2021-11-17,2021-11-23,Regular,Cape Town,Western Cape,Kids Clothing,Winter Jackets,1,557.41,0.15,473.8,118.36,Standard
10693,2024-12-15,2024-12-17,Loyalty Member,Sandton,Gauteng,Kids Clothing,Winter Jackets,7,354.5,0.05,2357.42,361.26,Click and Collect
10694,2023-07-25,2023-07-28,Regular,Mthatha,Eastern Cape,Footwear,School Shoes,3,382.41,0,1147.23,296.47,Standard
10695,2024-01-14,2024-01-20,Regular,Pretoria,Gauteng,Kids Clothing,Pyjama Sets,9,444.92,0.2,3203.42,266.96,Standard
10696,2021-12-14,2021-12-20,Regular,Sandton,Gauteng,Footwear,Slippers,10,110.6,0.3,774.2,241.18,Express
10697,2022-03-03,2022-03-06,Regular,Mthatha,Eastern Cape,Kids Clothing,Casual T-Shirts,7,175.95,0,1231.65,198.43,Express
10698,2021-05-10,2021-05-14,Regular,Pretoria,Gauteng,Footwear,Boots,4,559.76,0,2239.04,681.79,Click and Collect
10699,2024-01-12,2024-01-13,Regular,Pietermaritzburg,KwaZulu-Natal,Kids Clothing,Winter Jackets,3,294.05,0,882.15,92.03,Standard
10700,2021-09-17,2021-09-19,Regular,Soweto,Gauteng,Footwear,Sneakers,4,329.06,0.15,1118.8,169.87,Standard
10701,2022-09-26,2022-09-28,Loyalty Member,Stellenbosch,Western Cape,Kids Clothing,Summer Dresses,6,470.02,0,2820.12,468.75,Click and Collect
10702,2022-02-07,2022-02-10,Regular,Stellenbosch,Western Cape,Kids Clothing,School Uniforms,3,428.76,0.3,900.4,279.42,Click and Collect
10703,2021-07-16,2021-07-21,Regular,Pretoria,Gauteng,Footwear,Boots,9,459.26,0.2,3306.67,368.83,Click and Collect
10704,2021-03-05,2021-03-08,Regular,Pretoria,Gauteng,Footwear,Boots,10,465.09,0.2,3720.72,726.46,Standard
10705,2021-07-08,2021-07-13,Regular,Paarl,Western Cape,Kids Clothing,School Uniforms,5,596.07,0.05,2831.33,679.29,Standard
10706,2024-12-26,2024-12-28,Regular,Paarl,Western Cape,Kids Clothing,Swimwear,10,409.74,0,4097.4,553.36,Standard
10707,2021-05-07,2021-05-09,Regular,Pretoria,Gauteng,Kids Clothing,Casual T-Shirts,9,245.29,0.05,2097.23,279.41,Standard
10708,2021-09-14,2021-09-20,Regular,Cape Town,Western Cape,Kids Clothing,Winter Jackets,7,214.95,0,1504.65,186.01,Standard
10709,2023-04-10,2023-04-14,Regular,Johannesburg,Gauteng,Kids Clothing,Casual T-Shirts,6,259.48,0,1556.88,160.75,Standard
10710,2022-06-12,2022-06-18,Loyalty Member,Mthatha,Eastern Cape,Kids Clothing,Winter Jackets,4,420.63,0.05,1598.39,352.03,Standard
10711,2021-03-21,2021-03-27,Loyalty Member,Durban,KwaZulu-Natal,Accessories,Sun Hats,4,448.38,0,1793.52,175.71,Standard
10712,2023-05-24,2023-05-28,Regular,Polokwane,Limpopo,Kids Clothing,Summer Dresses,4,302.29,0.1,1088.24,319.92,Express
10713,2023-06-15,2023-06-21,Regular,Pietermaritzburg,KwaZulu-Natal,Kids Clothing,Denim Jeans,1,174.14,0.1,156.73,38.75,Standard
10714,2021-10-02,2021-10-09,Loyalty Member,Polokwane,Limpopo,Kids Clothing,Pyjama Sets,9,532.83,0,4795.47,574.13,Express
10715,2024-09-25,2024-09-28,Regular,Sandton,Gauteng,Kids Clothing,Denim Jeans,4,390.98,0,1563.92,455.1,Express
10716,2024-09-23,2024-09-28,Loyalty Member,Sandton,Gauteng,Kids Clothing,Winter Jackets,9,149.74,0.05,1280.28,116.44,Standard
10717,2021-11-05,2021-11-08,Loyalty Member,Tzaneen,Limpopo,Kids Clothing,Summer Dresses,4,361.64,0,1446.56,340.92,Express
10718,2023-06-03,2023-06-09,Loyalty Member,East London,Eastern Cape,Kids Clothing,Denim Jeans,5,254.56,0,1272.8,293.04,Standard
10719,2023-04-24,2023-04-27,Regular,Cape Town,Western Cape,Accessories,Belts,2,457.53,0.2,732.05,224.71,Standard
10720,2022-08-08,2022-08-11,Regular,Soweto,Gauteng,Kids Clothing,Pyjama Sets,7,277.01,0.3,1357.35,139.11,Standard
10721,2022-03-07,2022-03-12,Loyalty Member,Pretoria,Gauteng,Kids Clothing,Summer Dresses,3,505.92,0.05,1441.87,139.38,Standard
10722,2022-08-21,2022-08-25,Regular,Paarl,Western Cape,Footwear,School Shoes,10,139.86,0.2,1118.88,95.07,Express
10723,2021-03-08,2021-03-15,Wholesale,Cape Town,Western Cape,Kids Clothing,Swimwear,1,577.39,0,577.39,121.35,Express
10724,2021-04-05,2021-04-09,Loyalty Member,Pietermaritzburg,KwaZulu-Natal,Kids Clothing,Casual T-Shirts,3,213.34,0.1,576.02,132.83,Standard
10725,2021-02-18,2021-02-21,Regular,Stellenbosch,Western Cape,Accessories,School Bags,4,306.84,0,1227.36,202.26,Standard
10726,2024-11-23,2024-11-28,Regular,East London,Eastern Cape,Kids Clothing,School Uniforms,5,271.23,0.15,1152.73,124.96,Click and Collect
10727,2021-01-20,2021-01-22,Regular,Paarl,Western Cape,Kids Clothing,Casual T-Shirts,3,544.49,0.1,1470.12,338.04,Standard
10728,2021-05-16,2021-05-22,Loyalty Member,Sandton,Gauteng,Footwear,School Shoes,1,528.47,0,528.47,140.93,Standard
10729,2022-07-15,2022-07-21,Loyalty Member,Pietermaritzburg,KwaZulu-Natal,Kids Clothing,Casual T-Shirts,5,162.78,0.15,691.81,220.51,Standard
10730,2024-06-11,2024-06-15,Loyalty Member,Soweto,Gauteng,Footwear,Sandals,4,284.42,0.3,796.38,166.68,Standard
10731,2022-07-03,2022-07-08,Loyalty Member,Richards Bay,KwaZulu-Natal,Footwear,Sandals,2,208.95,0,417.9,53.82,Click and Collect
10732,2023-09-16,2023-09-18,Wholesale,Polokwane,Limpopo,Kids Clothing,Swimwear,3,239.3,0,717.9,201.34,Standard
10733,2024-04-07,2024-04-14,Regular,Paarl,Western Cape,Accessories,Sun Hats,7,462.87,0.2,2592.07,438.59,Express
10734,2021-08-27,2021-08-28,Regular,Port Elizabeth,Eastern Cape,Kids Clothing,Summer Dresses,2,95.36,0.2,152.58,17.69,Standard
10735,2022-12-17,2022-12-23,Regular,Tzaneen,Limpopo,Kids Clothing,Swimwear,1,235.25,0,235.25,22.21,Express
10736,2022-09-06,2022-09-07,Loyalty Member,Soweto,Gauteng,Accessories,Belts,5,557.77,0.1,2509.97,628.11,Standard
10737,2022-05-03,2022-05-08,Loyalty Member,Pretoria,Gauteng,Kids Clothing,School Uniforms,4,289.07,0,1156.28,319.1,Standard
10738,2023-11-21,2023-11-25,Regular,Port Elizabeth,Eastern Cape,Kids Clothing,Casual T-Shirts,4,226.66,0,906.64,89.46,Express
10739,2023-01-08,2023-01-11,Regular,Cape Town,Western Cape,Kids Clothing,Swimwear,5,184.75,0.05,877.56,204.66,Standard
10740,2023-02-19,2023-02-24,Regular,Stellenbosch,Western Cape,Kids Clothing,Winter Jackets,1,589.08,0.1,530.17,164.4,Standard
10741,2023-07-24,2023-07-27,Loyalty Member,Mokopane,Limpopo,Kids Clothing,Pyjama Sets,9,140.51,0,1264.59,108.36,Express
10742,2024-10-28,2024-10-28,Regular,Cape Town,Western Cape,Kids Clothing,Pyjama Sets,2,574.94,0.05,1092.39,319.26,Express
10743,2022-12-06,2022-12-11,Regular,Sandton,Gauteng,Kids Clothing,Winter Jackets,6,406.97,0.2,1953.46,175.04,Express
10744,2024-04-07,2024-04-12,Loyalty Member,Durban,KwaZulu-Natal,Accessories,School Bags,1,161.74,0.1,145.57,30.76,Click and Collect
10745,2021-08-04,2021-08-08,Regular,Sandton,Gauteng,Kids Clothing,Winter Jackets,6,134.51,0,807.06,202.21,Standard
10746,2024-05-25,2024-05-28,Wholesale,Durban,KwaZulu-Natal,Accessories,Hair Accessories,1,274.37,0.1,246.93,43.52,Click and Collect
10747,2022-08-12,2022-08-17,Regular,East London,Eastern Cape,Footwear,Slippers,8,223.04,0,1784.32,408.52,Express
10748,2022-12-27,2022-12-28,Regular,Cape Town,Western Cape,Kids Clothing,Casual T-Shirts,2,202.76,0.3,283.86,68.3,Standard
10749,2024-11-18,2024-11-25,Regular,Johannesburg,Gauteng,Kids Clothing,Casual T-Shirts,7,190.73,0.15,1134.84,108.35,Standard
10750,2024-04-23,2024-04-28,Regular,Sandton,Gauteng,Kids Clothing,Casual T-Shirts,3,415.51,0.15,1059.55,229.25,Click and Collect
10751,2024-01-26,2024-01-28,Regular,Pietermaritzburg,KwaZulu-Natal,Kids Clothing,School Uniforms,7,226.62,0,1586.34,158.73,Standard
10752,2024-02-10,2024-02-17,Regular,Pietermaritzburg,KwaZulu-Natal,Footwear,Sneakers,3,512.58,0,1537.74,453.31,Standard
10753,2023-03-07,2023-03-10,Regular,Tzaneen,Limpopo,Footwear,Sandals,7,269.89,0.2,1511.38,419.44,Standard
10754,2022-02-24,2022-02-28,Regular,Pretoria,Gauteng,Accessories,Scarves,1,165.76,0.3,116.03,35.29,Standard
10755,2023-02-26,2023-02-28,Wholesale,Johannesburg,Gauteng,Accessories,Sun Hats,8,414.85,0,3318.8,294.57,Express
10756,2022-07-23,2022-07-28,Regular,Richards Bay,KwaZulu-Natal,Kids Clothing,Summer Dresses,10,576.1,0.15,4896.85,1348.14,Standard
10757,2023-09-27,2023-09-28,Loyalty Member,Stellenbosch,Western Cape,Kids Clothing,Casual T-Shirts,6,268.63,0.2,1289.42,265.05,Express
10758,2021-03-15,2021-03-19,Regular,Pretoria,Gauteng,Kids Clothing,Swimwear,7,412.39,0,2886.73,920.54,Express
10759,2021-02-21,2021-02-22,Regular,Pietermaritzburg,KwaZulu-Natal,Footwear,Slippers,9,139.85,0.3,881.05,176.92,Express
10760,2023-07-07,2023-07-09,Regular,Richards Bay,KwaZulu-Natal,Kids Clothing,Casual T-Shirts,2,267.81,0.3,374.93,67.15,Express
10761,2024-01-12,2024-01-19,Regular,Stellenbosch,Western Cape,Footwear,Sneakers,7,432.38,0,3026.66,896.03,Standard
10762,2021-01-05,2021-01-12,Regular,Sandton,Gauteng,Accessories,Hair Accessories,4,372.43,0.2,1191.78,150.45,Express
10763,2021-10-14,2021-10-16,Wholesale,Tzaneen,Limpopo,Kids Clothing,Winter Jackets,9,169.81,0.05,1451.88,150.85,Express
10764,2021-11-19,2021-11-26,Loyalty Member,Sandton,Gauteng,Kids Clothing,Winter Jackets,4,136.56,0,546.24,101.04,Express
10765,2022-01-20,2022-01-26,Loyalty Member,Johannesburg,Gauteng,Kids Clothing,Pyjama Sets,3,590.54,0.15,1505.88,187.89,Express
10766,2022-05-07,2022-05-12,Loyalty Member,Mthatha,Eastern Cape,Footwear,Sneakers,1,229.23,0,229.23,52.86,Express
10767,2021-02-15,2021-02-20,Regular,Cape Town,Western Cape,Accessories,School Bags,2,341.06,0.15,579.8,173.39,Standard
10768,2021-08-26,2021-08-27,Wholesale,Soweto,Gauteng,Kids Clothing,Pyjama Sets,7,280.38,0.15,1668.26,387.12,Standard
10769,2022-03-10,2022-03-11,Loyalty Member,Mthatha,Eastern Cape,Footwear,School Shoes,2,586.72,0.15,997.42,195.63,Express
10770,2021-03-17,2021-03-23,Regular,Johannesburg,Gauteng,Kids Clothing,School Uniforms,9,349.99,0,3149.91,415.52,Standard
10771,2022-01-11,2022-01-13,Loyalty Member,Paarl,Western Cape,Kids Clothing,Winter Jackets,8,190.61,0,1524.88,249.55,Standard
10772,2023-08-24,2023-08-28,Wholesale,Soweto,Gauteng,Kids Clothing,Summer Dresses,5,579.55,0,2897.75,637.72,Express
10773,2023-03-26,2023-03-28,Regular,Tzaneen,Limpopo,Kids Clothing,Denim Jeans,5,505.11,0,2525.55,570.15,Standard
10774,2023-06-21,2023-06-28,Loyalty Member,Cape Town,Western Cape,Accessories,Scarves,10,298.0,0.15,2533.0,444.78,Standard
10775,2023-07-26,2023-07-28,Regular,Johannesburg,Gauteng,Kids Clothing,Summer Dresses,6,151.37,0.15,771.99,189.28,Express
10776,2022-08-19,2022-08-26,Loyalty Member,Pretoria,Gauteng,Kids Clothing,Denim Jeans,4,357.9,0,1431.6,307.26,Express
10777,2021-10-21,2021-10-25,Regular,Pietermaritzburg,KwaZulu-Natal,Kids Clothing,Summer Dresses,1,498.39,0.3,348.87,31.83,Standard
10778,2021-02-15,2021-02-17,Regular,Richards Bay,KwaZulu-Natal,Kids Clothing,Winter Jackets,1,417.27,0,417.27,124.68,Standard
10779,2024-01-18,2024-01-23,Regular,Paarl,Western Cape,Kids Clothing,Swimwear,7,457.86,0.1,2884.52,450.35,Standard
10780,2021-09-25,2021-09-28,Regular,Johannesburg,Gauteng,Footwear,Boots,8,521.82,0,4174.56,1178.64,Click and Collect
10781,2021-01-08,2021-01-09,Regular,Port Elizabeth,Eastern Cape,Kids Clothing,Pyjama Sets,7,204.43,0,1431.01,180.13,Click and Collect
10782,2023-09-01,2023-09-07,Loyalty Member,East London,Eastern Cape,Kids Clothing,School Uniforms,5,127.27,0.15,540.9,132.58,Express
10783,2024-05-23,2024-05-25,Regular,Mokopane,Limpopo,Kids Clothing,Swimwear,3,473.05,0.2,1135.32,264.37,Express
10784,2022-10-16,2022-10-22,Regular,Sandton,Gauteng,Footwear,Sandals,2,223.54,0.1,402.37,100.89,Standard
10785,2022-11-21,2022-11-27,Regular,Mthatha,Eastern Cape,Accessories,School Bags,4,95.7,0.05,363.66,69.95,Standard
10786,2024-02-11,2024-02-13,Regular,Mthatha,Eastern Cape,Kids Clothing,Winter Jackets,8,423.2,0,3385.6,1013.61,Standard
10787,2023-07-15,2023-07-22,Loyalty Member,Durban,KwaZulu-Natal,Kids Clothing,Winter Jackets,7,172.74,0.1,1088.26,335.57,Standard
10788,2021-03-15,2021-03-16,Regular,Durban,KwaZulu-Natal,Kids Clothing,Winter Jackets,1,331.88,0.3,232.32,38.21,Standard
10789,2021-06-14,2021-06-16,Regular,Paarl,Western Cape,Kids Clothing,Casual T-Shirts,5,277.59,0,1387.95,327.1,Express
10790,2024-04-10,2024-04-12,Regular,Sandton,Gauteng,Kids Clothing,Casual T-Shirts,2,436.39,0.05,829.14,257.16,Standard
10791,2021-01-19,2021-01-22,Regular,Paarl,Western Cape,Kids Clothing,Denim Jeans,7,288.87,0,2022.09,268.48,Express
10792,2023-08-07,2023-08-09,Loyalty Member,Pietermaritzburg,KwaZulu-Natal,Footwear,Sneakers,1,137.06,0.3,95.94,24.69,Click and Collect
10793,2022-03-11,2022-03-17,Regular,Cape Town,Western Cape,Kids Clothing,School Uniforms,8,307.24,0,2457.92,301.35,Standard
10794,2021-03-22,2021-03-28,Regular,Mthatha,Eastern Cape,Kids Clothing,School Uniforms,8,534.34,0.3,2992.3,317.94,Express
10795,2023-04-17,2023-04-22,Loyalty Member,Cape Town,Western Cape,Kids Clothing,Swimwear,6,319.83,0.15,1631.13,517.97,Standard
10796,2024-05-12,2024-05-16,Regular,Stellenbosch,Western Cape,Kids Clothing,Denim Jeans,10,336.02,0.1,3024.18,739.68,Express
10797,2021-03-14,2021-03-21,Regular,Cape Town,Western Cape,Kids Clothing,Denim Jeans,7,272.3,0,1906.1,241.16,Click and Collect
10798,2021-05-21,2021-05-27,Wholesale,Soweto,Gauteng,Accessories,Sun Hats,5,553.27,0.15,2351.4,689.24,Standard
10799,2024-05-10,2024-05-12,Loyalty Member,Paarl,Western Cape,Footwear,School Shoes,7,494.62,0.15,2942.99,439.15,Click and Collect
10800,2024-11-05,2024-11-09,Wholesale,Richards Bay,KwaZulu-Natal,Footwear,Sandals,5,337.28,0,1686.4,458.61,Standard
10801,2021-04-10,2021-04-17,Regular,Johannesburg,Gauteng,Kids Clothing,Winter Jackets,1,114.45,0,114.45,18.78,Standard
10802,2022-02-23,2022-02-26,Regular,Paarl,Western Cape,Kids Clothing,School Uniforms,5,200.62,0.3,702.17,213.39,Standard
10803,2024-07-13,2024-07-14,Loyalty Member,East London,Eastern Cape,Kids Clothing,Casual T-Shirts,6,499.23,0,2995.38,730.86,Standard
10804,2022-07-18,2022-07-20,Regular,Johannesburg,Gauteng,Accessories,Hair Accessories,9,182.52,0.2,1314.14,135.42,Standard
10805,2023-09-22,2023-09-28,Regular,Sandton,Gauteng,Kids Clothing,Casual T-Shirts,8,103.11,0,824.88,255.55,Standard
10806,2022-10-10,2022-10-17,Regular,Paarl,Western Cape,Footwear,Slippers,5,116.3,0.2,465.2,51.28,Express
10807,2024-09-15,2024-09-22,Regular,Cape Town,Western Cape,Accessories,School Bags,6,392.11,0.1,2117.39,456.73,Express
10808,2021-02-24,2021-02-28,Loyalty Member,Richards Bay,KwaZulu-Natal,Footwear,Slippers,3,375.65,0.3,788.86,88.93,Click and Collect
10809,2022-05-21,2022-05-24,Loyalty Member,Durban,KwaZulu-Natal,Footwear,Sandals,2,123.24,0,246.48,55.44,Standard
10810,2021-04-07,2021-04-08,Regular,Soweto,Gauteng,Accessories,Scarves,7,335.7,0,2349.9,650.61,Express
10811,2023-10-22,2023-10-26,Regular,Mthatha,Eastern Cape,Kids Clothing,School Uniforms,3,161.26,0.05,459.59,55.6,Express
10812,2022-08-16,2022-08-19,Wholesale,Johannesburg,Gauteng,Kids Clothing,Pyjama Sets,5,288.51,0,1442.55,276.03,Express
10813,2022-01-10,2022-01-14,Regular,Stellenbosch,Western Cape,Kids Clothing,Pyjama Sets,10,315.68,0.15,2683.28,834.69,Standard
10814,2024-05-01,2024-05-03,Regular,Pretoria,Gauteng,Footwear,Boots,9,121.01,0,1089.09,179.1,Express
10815,2023-08-23,2023-08-28,Loyalty Member,Pietermaritzburg,KwaZulu-Natal,Footwear,Boots,2,556.24,0.3,778.74,132.67,Standard
10816,2022-10-23,2022-10-28,Regular,Richards Bay,KwaZulu-Natal,Footwear,Slippers,10,266.53,0.2,2132.24,205.16,Standard
10817,2022-04-04,2022-04-10,Regular,Paarl,Western Cape,Footwear,Sandals,2,547.9,0,1095.8,279.17,Standard
10818,2024-02-02,2024-02-07,Loyalty Member,Johannesburg,Gauteng,Kids Clothing,Swimwear,6,398.33,0,2389.98,720.94,Standard
10819,2024-07-05,2024-07-11,Regular,Pretoria,Gauteng,Kids Clothing,Pyjama Sets,5,204.0,0,1020.0,187.86,Standard
10820,2022-02-19,2022-02-20,Regular,Richards Bay,KwaZulu-Natal,Kids Clothing,Summer Dresses,1,272.38,0.2,217.9,47.15,Click and Collect
10821,2023-03-22,2023-03-28,Loyalty Member,Mokopane,Limpopo,Kids Clothing,Swimwear,4,379.89,0.3,1063.69,212.96,Standard
10822,2022-02-15,2022-02-19,Loyalty Member,Durban,KwaZulu-Natal,Kids Clothing,Denim Jeans,5,140.47,0.3,491.64,66.54,Express
10823,2023-01-08,2023-01-15,Regular,Tzaneen,Limpopo,Kids Clothing,Swimwear,3,582.74,0,1748.22,364.09,Standard
10824,2023-07-20,2023-07-21,Loyalty Member,Johannesburg,Gauteng,Accessories,Scarves,1,105.46,0.2,84.37,12.03,Standard
10825,2021-03-07,2021-03-12,Wholesale,East London,Eastern Cape,Footwear,School Shoes,4,340.71,0,1362.84,222.15,Standard
10826,2024-10-24,2024-10-28,Regular,Mokopane,Limpopo,Kids Clothing,Pyjama Sets,1,142.07,0.3,99.45,20.07,Express
10827,2024-08-10,2024-08-17,Regular,Port Elizabeth,Eastern Cape,Kids Clothing,Swimwear,4,361.43,0.2,1156.58,281.82,Express
10828,2024-01-13,2024-01-20,Regular,Pretoria,Gauteng,Kids Clothing,Summer Dresses,2,312.36,0.15,531.01,87.31,Standard
10829,2021-04-08,2021-04-09,Regular,Pretoria,Gauteng,Footwear,Slippers,10,112.35,0,1123.5,325.34,Standard
10830,2021-02-02,2021-02-04,Regular,Sandton,Gauteng,Kids Clothing,Pyjama Sets,4,598.03,0,2392.12,539.35,Standard
10831,2021-11-03,2021-11-04,Regular,Pretoria,Gauteng,Footwear,Sneakers,4,315.21,0.1,1134.76,347.17,Express
10832,2023-11-08,2023-11-13,Loyalty Member,East London,Eastern Cape,Kids Clothing,School Uniforms,6,548.22,0.3,2302.52,338.81,Standard
10833,2022-09-08,2022-09-11,Regular,Durban,KwaZulu-Natal,Footwear,Sandals,1,587.73,0.3,411.41,97.08,Standard
10834,2021-01-16,2021-01-23,Loyalty Member,Stellenbosch,Western Cape,Kids Clothing,School Uniforms,1,231.34,0.2,185.07,36.81,Click and Collect
10835,2024-08-02,2024-08-04,Loyalty Member,Cape Town,Western Cape,Kids Clothing,Pyjama Sets,5,104.97,0.15,446.12,136.04,Click and Collect
10836,2023-05-26,2023-05-28,Regular,Johannesburg,Gauteng,Footwear,Boots,7,488.13,0,3416.91,935.47,Standard
10837,2023-09-15,2023-09-19,Regular,Sandton,Gauteng,Kids Clothing,Pyjama Sets,4,156.26,0,625.04,92.11,Express
10838,2023-02-08,2023-02-15,Loyalty Member,Sandton,Gauteng,Kids Clothing,Winter Jackets,6,226.06,0.1,1220.72,326.89,Express
10839,2021-02-10,2021-02-15,Loyalty Member,Pietermaritzburg,KwaZulu-Natal,Kids Clothing,School Uniforms,8,93.52,0,748.16,233.29,Standard
10840,2022-07-02,2022-07-07,Loyalty Member,Tzaneen,Limpopo,Kids Clothing,School Uniforms,8,180.7,0.1,1301.04,185.12,Standard
10841,2022-11-06,2022-11-08,Regular,Mthatha,Eastern Cape,Kids Clothing,School Uniforms,3,438.07,0.3,919.95,201.63,Standard
10842,2022-01-23,2022-01-26,Loyalty Member,Polokwane,Limpopo,Accessories,Scarves,9,455.34,0.05,3893.16,638.23,Standard
10843,2024-02-17,2024-02-18,Loyalty Member,Stellenbosch,Western Cape,Footwear,Boots,2,416.36,0.1,749.45,85.69,Standard
10844,2023-06-14,2023-06-20,Loyalty Member,Sandton,Gauteng,Kids Clothing,School Uniforms,5,563.46,0,2817.3,297.21,Standard
10845,2023-09-23,2023-09-28,Loyalty Member,Richards Bay,KwaZulu-Natal,Accessories,Hair Accessories,10,105.63,0,1056.3,181.11,Click and Collect
10846,2021-02-08,2021-02-13,Regular,Soweto,Gauteng,Kids Clothing,Denim Jeans,1,398.62,0.3,279.03,43.55,Standard
10847,2023-04-11,2023-04-13,Regular,Pietermaritzburg,KwaZulu-Natal,Kids Clothing,School Uniforms,4,315.95,0.2,1011.04,168.69,Standard
10848,2021-06-21,2021-06-25,Loyalty Member,Pietermaritzburg,KwaZulu-Natal,Kids Clothing,Swimwear,3,561.12,0.05,1599.19,425.94,Standard
10849,2022-10-09,2022-10-16,Regular,Sandton,Gauteng,Kids Clothing,Denim Jeans,3,382.77,0.05,1090.89,322.87,Click and Collect
10850,2021-03-04,2021-03-08,Loyalty Member,Soweto,Gauteng,Kids Clothing,School Uniforms,7,101.21,0,708.47,225.0,Standard
10851,2024-07-12,2024-07-14,Loyalty Member,Pretoria,Gauteng,Kids Clothing,Swimwear,6,390.65,0,2343.9,746.75,Standard
10852,2023-08-14,2023-08-20,Regular,Soweto,Gauteng,Kids Clothing,Summer Dresses,3,458.09,0,1374.27,160.16,Standard
10853,2023-11-21,2023-11-25,Regular,Soweto,Gauteng,Footwear,Sneakers,2,207.45,0.3,290.43,47.01,Standard
10854,2024-05-11,2024-05-15,Wholesale,Pretoria,Gauteng,Kids Clothing,Pyjama Sets,4,308.57,0.1,1110.85,242.2,Express
10855,2021-06-10,2021-06-12,Regular,Stellenbosch,Western Cape,Kids Clothing,Summer Dresses,5,567.99,0.1,2555.95,811.04,Express
10856,2022-11-09,2022-11-11,Loyalty Member,Paarl,Western Cape,Footwear,School Shoes,10,549.3,0.05,5218.35,425.82,Express
10857,2021-06-07,2021-06-10,Regular,Mokopane,Limpopo,Kids Clothing,Summer Dresses,8,239.42,0,1915.36,482.48,Click and Collect
10858,2021-08-14,2021-08-18,Wholesale,Pretoria,Gauteng,Footwear,School Shoes,6,498.86,0.05,2843.5,723.86,Standard
10859,2023-05-15,2023-05-21,Loyalty Member,Richards Bay,KwaZulu-Natal,Footwear,Sneakers,1,310.02,0.15,263.52,33.12,Standard
10860,2021-11-21,2021-11-22,Regular,Paarl,Western Cape,Accessories,Sun Hats,5,328.76,0.3,1150.66,316.81,Express
10861,2023-03-07,2023-03-13,Loyalty Member,Mthatha,Eastern Cape,Footwear,School Shoes,7,123.3,0.05,819.94,205.31,Standard
10862,2023-10-13,2023-10-19,Regular,Sandton,Gauteng,Footwear,Sandals,5,517.75,0.1,2329.88,559.9,Standard
10863,2024-10-12,2024-10-17,Regular,Johannesburg,Gauteng,Accessories,Scarves,7,583.37,0.15,3471.05,483.78,Standard
10864,2022-08-11,2022-08-17,Regular,Paarl,Western Cape,Kids Clothing,Casual T-Shirts,8,395.54,0.05,3006.1,261.38,Standard
10865,2022-07-02,2022-07-07,Loyalty Member,Pietermaritzburg,KwaZulu-Natal,Kids Clothing,Swimwear,8,305.85,0.1,2202.12,658.36,Standard
10866,2022-06-21,2022-06-28,Regular,Stellenbosch,Western Cape,Kids Clothing,Summer Dresses,9,194.16,0,1747.44,537.32,Express
10867,2023-03-20,2023-03-25,Regular,Paarl,Western Cape,Kids Clothing,Swimwear,6,554.24,0,3325.44,788.74,Standard
10868,2023-09-07,2023-09-09,Loyalty Member,East London,Eastern Cape,Kids Clothing,Swimwear,3,553.43,0.15,1411.25,252.92,Standard
10869,2022-01-02,2022-01-09,Regular,Paarl,Western Cape,Kids Clothing,Casual T-Shirts,1,169.04,0.1,152.14,13.06,Express
10870,2022-01-09,2022-01-15,Loyalty Member,Stellenbosch,Western Cape,Kids Clothing,Pyjama Sets,5,528.61,0,2643.05,258.31,Express
10871,2024-01-01,2024-01-07,Wholesale,Mthatha,Eastern Cape,Kids Clothing,Denim Jeans,7,188.08,0.1,1184.9,317.96,Standard
10872,2021-05-09,2021-05-13,Wholesale,Stellenbosch,Western Cape,Kids Clothing,Casual T-Shirts,5,308.06,0.05,1463.28,456.62,Standard
10873,2024-05-23,2024-05-28,Regular,Soweto,Gauteng,Kids Clothing,Casual T-Shirts,6,477.98,0,2867.88,540.72,Standard
10874,2021-07-25,2021-07-27,Loyalty Member,Soweto,Gauteng,Footwear,Sneakers,3,501.94,0,1505.82,154.94,Standard
10875,2024-10-08,2024-10-09,Loyalty Member,Paarl,Western Cape,Kids Clothing,Swimwear,10,476.9,0,4769.0,1259.87,Standard
10876,2023-12-11,2023-12-18,Loyalty Member,Stellenbosch,Western Cape,Kids Clothing,Swimwear,1,225.75,0.05,214.46,56.02,Express
10877,2024-06-21,2024-06-23,Regular,Soweto,Gauteng,Accessories,School Bags,2,306.11,0,612.22,104.18,Express
10878,2022-09-24,2022-09-25,Loyalty Member,Stellenbosch,Western Cape,Kids Clothing,Casual T-Shirts,8,176.07,0.3,985.99,111.98,Click and Collect
10879,2024-07-01,2024-07-04,Loyalty Member,Stellenbosch,Western Cape,Accessories,Scarves,9,253.42,0.15,1938.66,417.42,Standard
10880,2023-09-22,2023-09-24,Regular,Mthatha,Eastern Cape,Footwear,Boots,8,196.41,0.15,1335.59,404.01,Express
10881,2022-03-17,2022-03-23,Regular,Port Elizabeth,Eastern Cape,Kids Clothing,Casual T-Shirts,2,595.59,0,1191.18,184.44,Standard
10882,2021-09-15,2021-09-18,Regular,Paarl,Western Cape,Kids Clothing,Winter Jackets,9,539.51,0.15,4127.25,953.05,Click and Collect
10883,2023-05-27,2023-05-28,Regular,Sandton,Gauteng,Footwear,Sneakers,9,364.92,0.05,3120.07,307.62,Standard
10884,2022-05-06,2022-05-09,Loyalty Member,Pretoria,Gauteng,Kids Clothing,Swimwear,7,257.38,0.1,1621.49,505.9,Express
10885,2024-04-06,2024-04-07,Regular,Durban,KwaZulu-Natal,Footwear,Sandals,3,173.06,0,519.18,81.82,Click and Collect
10886,2021-03-17,2021-03-24,Regular,Soweto,Gauteng,Kids Clothing,School Uniforms,4,374.67,0.2,1198.94,318.61,Express
10887,2023-05-27,2023-05-28,Loyalty Member,Johannesburg,Gauteng,Footwear,Sandals,5,451.79,0.2,1807.16,387.67,Standard
10888,2023-11-04,2023-11-09,Regular,Mthatha,Eastern Cape,Kids Clothing,Winter Jackets,8,482.08,0.15,3278.14,835.39,Standard
10889,2022-07-12,2022-07-14,Regular,Polokwane,Limpopo,Kids Clothing,Summer Dresses,1,387.96,0.15,329.77,33.83,Standard
10890,2023-09-01,2023-09-06,Loyalty Member,Sandton,Gauteng,Kids Clothing,Pyjama Sets,5,228.83,0,1144.15,358.2,Express
10891,2024-10-21,2024-10-25,Loyalty Member,Soweto,Gauteng,Footwear,Slippers,2,108.48,0,216.96,49.27,Express
10892,2022-03-03,2022-03-07,Regular,Port Elizabeth,Eastern Cape,Footwear,School Shoes,6,138.71,0.1,749.03,236.71,Standard
10893,2021-06-27,2021-06-28,Loyalty Member,East London,Eastern Cape,Kids Clothing,Denim Jeans,6,352.33,0.2,1691.18,304.3,Express
10894,2021-02-07,2021-02-14,Loyalty Member,Durban,KwaZulu-Natal,Kids Clothing,Casual T-Shirts,1,229.52,0.05,218.04,53.48,Standard
10895,2021-05-09,2021-05-14,Regular,Sandton,Gauteng,Footwear,School Shoes,10,563.44,0,5634.4,607.97,Standard
10896,2021-03-11,2021-03-16,Loyalty Member,Durban,KwaZulu-Natal,Footwear,Sandals,6,323.78,0.05,1845.55,283.97,Express
10897,2022-12-25,2022-12-28,Regular,Cape Town,Western Cape,Kids Clothing,Winter Jackets,3,377.17,0.2,905.21,121.51,Standard
10898,2022-03-10,2022-03-13,Regular,Pietermaritzburg,KwaZulu-Natal,Kids Clothing,Winter Jackets,6,482.91,0.3,2028.22,566.04,Express
10899,2022-01-27,2022-01-28,Wholesale,Pretoria,Gauteng,Kids Clothing,Pyjama Sets,5,194.8,0.1,876.6,89.22,Express
10900,2023-04-15,2023-04-18,Regular,Cape Town,Western Cape,Footwear,Boots,3,327.3,0.15,834.62,141.34,Standard
10901,2021-06-23,2021-06-24,Regular,Durban,KwaZulu-Natal,Kids Clothing,Winter Jackets,2,184.43,0.15,313.53,48.13,Standard
10902,2022-01-15,2022-01-22,Loyalty Member,Richards Bay,KwaZulu-Natal,Kids Clothing,Casual T-Shirts,8,514.39,0.1,3703.61,939.27,Express
10903,2024-11-13,2024-11-16,Loyalty Member,Cape Town,Western Cape,Accessories,Belts,2,303.7,0.1,546.66,168.89,Standard
10904,2021-03-17,2021-03-19,Wholesale,Mokopane,Limpopo,Accessories,Sun Hats,10,472.44,0,4724.4,1130.16,Express
10905,2021-02-10,2021-02-17,Regular,Pietermaritzburg,KwaZulu-Natal,Kids Clothing,School Uniforms,3,191.21,0,573.63,87.37,Standard
10906,2022-04-14,2022-04-15,Loyalty Member,Durban,KwaZulu-Natal,Footwear,Sneakers,1,332.45,0.15,282.58,29.38,Standard
10907,2024-12-07,2024-12-11,Loyalty Member,Pietermaritzburg,KwaZulu-Natal,Footwear,School Shoes,7,154.54,0,1081.78,190.36,Standard
10908,2023-11-24,2023-11-28,Regular,Soweto,Gauteng,Kids Clothing,Pyjama Sets,10,102.72,0,1027.2,271.47,Standard
10909,2023-09-27,2023-09-28,Wholesale,Pietermaritzburg,KwaZulu-Natal,Footwear,Sandals,8,184.86,0.05,1404.94,214.2,Standard
10910,2024-11-06,2024-11-10,Regular,Stellenbosch,Western Cape,Footwear,School Shoes,5,577.84,0.2,2311.36,284.49,Standard
10911,2021-08-26,2021-08-27,Loyalty Member,Johannesburg,Gauteng,Kids Clothing,Swimwear,1,171.05,0,171.05,37.28,Standard
10912,2024-01-16,2024-01-22,Regular,Tzaneen,Limpopo,Kids Clothing,Casual T-Shirts,5,467.45,0,2337.25,525.58,Express
10913,2024-09-12,2024-09-19,Loyalty Member,Sandton,Gauteng,Accessories,School Bags,3,589.17,0.2,1414.01,408.47,Standard
10914,2021-06-23,2021-06-28,Regular,Soweto,Gauteng,Kids Clothing,School Uniforms,2,531.63,0.3,744.28,125.12,Click and Collect
10915,2023-05-14,2023-05-17,Regular,Durban,KwaZulu-Natal,Kids Clothing,Winter Jackets,7,97.93,0.15,582.68,88.24,Standard
10916,2021-06-24,2021-06-25,Regular,Soweto,Gauteng,Kids Clothing,School Uniforms,3,459.66,0.3,965.29,177.1,Standard
10917,2024-12-20,2024-12-22,Loyalty Member,Mthatha,Eastern Cape,Kids Clothing,School Uniforms,2,255.56,0,511.12,58.89,Click and Collect
10918,2021-07-17,2021-07-23,Loyalty Member,Paarl,Western Cape,Kids Clothing,School Uniforms,3,573.68,0.1,1548.94,392.16,Express
10919,2021-07-04,2021-07-11,Wholesale,Stellenbosch,Western Cape,Footwear,Slippers,4,443.07,0,1772.28,300.96,Standard
10920,2024-05-24,2024-05-28,Regular,Pietermaritzburg,KwaZulu-Natal,Kids Clothing,Casual T-Shirts,3,434.89,0.1,1174.2,95.36,Standard
10921,2024-11-05,2024-11-08,Regular,Sandton,Gauteng,Kids Clothing,Pyjama Sets,6,201.74,0.1,1089.4,277.53,Express
10922,2024-10-14,2024-10-20,Regular,Soweto,Gauteng,Kids Clothing,Winter Jackets,6,252.02,0.3,1058.48,123.24,Click and Collect
10923,2024-04-18,2024-04-24,Regular,Stellenbosch,Western Cape,Kids Clothing,Swimwear,10,582.54,0.3,4077.78,875.57,Standard
10924,2022-12-17,2022-12-20,Regular,Sandton,Gauteng,Kids Clothing,Summer Dresses,10,387.32,0.15,3292.22,709.72,Standard
10925,2021-05-18,2021-05-24,Regular,Pretoria,Gauteng,Kids Clothing,Casual T-Shirts,10,572.9,0,5729.0,591.66,Standard
10926,2021-10-10,2021-10-12,Wholesale,Mthatha,Eastern Cape,Kids Clothing,Winter Jackets,4,302.27,0.1,1088.17,170.47,Standard
10927,2021-11-22,2021-11-28,Regular,Pietermaritzburg,KwaZulu-Natal,Kids Clothing,Summer Dresses,7,341.36,0.3,1672.66,248.74,Click and Collect
10928,2022-03-13,2022-03-16,Loyalty Member,Stellenbosch,Western Cape,Footwear,School Shoes,7,384.88,0.2,2155.33,676.38,Standard
10929,2021-10-08,2021-10-10,Wholesale,Richards Bay,KwaZulu-Natal,Kids Clothing,Pyjama Sets,7,571.2,0.15,3398.64,769.3,Standard
10930,2024-11-03,2024-11-06,Loyalty Member,Paarl,Western Cape,Footwear,Slippers,9,529.35,0,4764.15,904.54,Express
10931,2022-03-16,2022-03-22,Regular,Tzaneen,Limpopo,Kids Clothing,School Uniforms,4,383.58,0.3,1074.02,149.09,Express
10932,2022-03-15,2022-03-20,Loyalty Member,Richards Bay,KwaZulu-Natal,Accessories,Sun Hats,4,324.73,0,1298.92,106.06,Standard
10933,2024-09-16,2024-09-23,Wholesale,Soweto,Gauteng,Accessories,Belts,2,454.06,0,908.12,168.22,Express
10934,2021-05-26,2021-05-28,Loyalty Member,Mthatha,Eastern Cape,Kids Clothing,Pyjama Sets,9,409.93,0.3,2582.56,472.25,Standard
10935,2022-05-25,2022-05-28,Loyalty Member,Johannesburg,Gauteng,Kids Clothing,Pyjama Sets,6,161.39,0.05,919.92,249.24,Standard
10936,2021-06-21,2021-06-27,Regular,Paarl,Western Cape,Kids Clothing,Winter Jackets,6,239.6,0.3,1006.32,160.37,Standard
10937,2023-10-09,2023-10-14,Regular,Cape Town,Western Cape,Kids Clothing,Summer Dresses,6,376.41,0.1,2032.61,312.21,Express
10938,2023-08-23,2023-08-27,Loyalty Member,Durban,KwaZulu-Natal,Footwear,Sandals,10,238.09,0.2,1904.72,270.0,Standard
10939,2022-10-10,2022-10-12,Regular,Sandton,Gauteng,Kids Clothing,Swimwear,9,295.98,0,2663.82,834.78,Express
10940,2023-09-12,2023-09-16,Loyalty Member,East London,Eastern Cape,Accessories,Hair Accessories,3,335.84,0.2,806.02,67.23,Click and Collect
10941,2023-04-10,2023-04-12,Loyalty Member,Stellenbosch,Western Cape,Footwear,School Shoes,4,270.82,0.3,758.3,164.29,Express
10942,2021-12-28,2021-12-28,Loyalty Member,Richards Bay,KwaZulu-Natal,Footwear,Sneakers,1,292.23,0,292.23,90.15,Standard
10943,2023-09-18,2023-09-25,Wholesale,Durban,KwaZulu-Natal,Kids Clothing,Denim Jeans,9,215.47,0.1,1745.31,473.58,Standard
10944,2022-04-23,2022-04-28,Wholesale,Johannesburg,Gauteng,Kids Clothing,Winter Jackets,2,467.99,0,935.98,278.43,Standard
10945,2023-01-07,2023-01-09,Regular,Paarl,Western Cape,Kids Clothing,Swimwear,1,251.62,0,251.62,31.99,Standard
10946,2021-08-07,2021-08-08,Loyalty Member,Pretoria,Gauteng,Kids Clothing,School Uniforms,10,308.18,0,3081.8,779.07,Standard
10947,2022-10-26,2022-10-28,Wholesale,Pietermaritzburg,KwaZulu-Natal,Kids Clothing,Casual T-Shirts,10,227.08,0,2270.8,360.77,Standard
10948,2023-11-10,2023-11-13,Regular,Port Elizabeth,Eastern Cape,Footwear,Slippers,5,408.22,0,2041.1,642.0,Click and Collect
10949,2024-01-11,2024-01-16,Regular,Pretoria,Gauteng,Footwear,Sneakers,2,560.9,0.3,785.26,127.36,Express
10950,2022-04-25,2022-04-26,Regular,Durban,KwaZulu-Natal,Kids Clothing,Swimwear,9,329.66,0.1,2670.25,808.05,Standard
10951,2022-06-06,2022-06-08,Loyalty Member,Durban,KwaZulu-Natal,Footwear,Sandals,6,576.92,0.3,2423.06,573.87,Express
10952,2023-04-09,2023-04-13,Regular,Tzaneen,Limpopo,Kids Clothing,Pyjama Sets,6,511.91,0.15,2610.74,490.64,Standard
10953,2024-07-01,2024-07-08,Wholesale,Polokwane,Limpopo,Kids Clothing,Swimwear,3,586.24,0.1,1582.85,134.03,Express
10954,2022-11-23,2022-11-26,Regular,Sandton,Gauteng,Kids Clothing,Casual T-Shirts,6,373.61,0.05,2129.58,577.96,Express
10955,2024-05-04,2024-05-05,Loyalty Member,Stellenbosch,Western Cape,Accessories,Belts,8,574.54,0,4596.32,1229.49,Standard
10956,2024-04-09,2024-04-14,Regular,Johannesburg,Gauteng,Footwear,Sneakers,9,277.42,0.1,2247.1,239.65,Standard
10957,2021-06-25,2021-06-28,Loyalty Member,Pretoria,Gauteng,Kids Clothing,Denim Jeans,4,375.54,0.3,1051.51,146.01,Standard
10958,2023-09-17,2023-09-24,Regular,Johannesburg,Gauteng,Footwear,Sneakers,6,550.6,0.3,2312.52,599.74,Standard
10959,2023-08-08,2023-08-12,Loyalty Member,Pretoria,Gauteng,Footwear,Sneakers,10,470.3,0,4703.0,534.57,Express
10960,2024-07-26,2024-07-28,Regular,Richards Bay,KwaZulu-Natal,Accessories,Scarves,1,377.51,0,377.51,117.16,Click and Collect
10961,2023-09-16,2023-09-19,Loyalty Member,Johannesburg,Gauteng,Kids Clothing,Denim Jeans,2,360.2,0,720.4,156.86,Standard
10962,2022-02-25,2022-02-28,Regular,Sandton,Gauteng,Accessories,Sun Hats,6,126.24,0.15,643.82,121.66,Express
10963,2024-01-13,2024-01-18,Regular,Soweto,Gauteng,Kids Clothing,Casual T-Shirts,3,221.02,0.05,629.91,138.74,Express
10964,2024-11-22,2024-11-24,Wholesale,Richards Bay,KwaZulu-Natal,Accessories,Belts,3,185.31,0,555.93,71.98,Standard
10965,2021-09-20,2021-09-27,Regular,Cape Town,Western Cape,Accessories,Scarves,6,562.52,0.05,3206.36,411.72,Standard
10966,2023-04-07,2023-04-14,Loyalty Member,Pretoria,Gauteng,Accessories,School Bags,7,101.97,0.05,678.1,116.16,Standard
10967,2024-04-07,2024-04-14,Regular,Johannesburg,Gauteng,Kids Clothing,Denim Jeans,9,151.07,0.05,1291.65,140.64,Standard
10968,2023-12-11,2023-12-15,Loyalty Member,Cape Town,Western Cape,Kids Clothing,Winter Jackets,9,146.12,0.3,920.56,77.21,Standard
10969,2024-07-28,2024-07-28,Loyalty Member,Sandton,Gauteng,Kids Clothing,Swimwear,5,205.97,0,1029.85,243.15,Express
10970,2024-01-09,2024-01-15,Regular,Pietermaritzburg,KwaZulu-Natal,Footwear,Sandals,10,93.73,0,937.3,106.53,Standard
10971,2021-01-20,2021-01-27,Loyalty Member,Paarl,Western Cape,Kids Clothing,Casual T-Shirts,3,302.81,0,908.43,276.81,Click and Collect
10972,2022-06-04,2022-06-11,Regular,Stellenbosch,Western Cape,Kids Clothing,Winter Jackets,5,406.18,0,2030.9,544.25,Standard
10973,2024-01-24,2024-01-28,Regular,Stellenbosch,Western Cape,Kids Clothing,Denim Jeans,9,175.57,0,1580.13,132.08,Click and Collect
10974,2021-07-03,2021-07-04,Wholesale,Tzaneen,Limpopo,Accessories,Belts,8,157.55,0,1260.4,195.04,Standard
10975,2023-03-11,2023-03-17,Regular,Johannesburg,Gauteng,Footwear,Slippers,4,153.17,0,612.68,167.45,Standard
10976,2021-12-04,2021-12-10,Regular,Johannesburg,Gauteng,Kids Clothing,Pyjama Sets,5,256.6,0.3,898.1,215.91,Standard
10977,2023-03-11,2023-03-15,Loyalty Member,Pretoria,Gauteng,Accessories,School Bags,7,411.26,0.05,2734.88,861.73,Standard
10978,2021-04-06,2021-04-10,Regular,Soweto,Gauteng,Kids Clothing,Pyjama Sets,10,295.88,0.05,2810.86,530.6,Standard
10979,2024-02-24,2024-02-27,Wholesale,Richards Bay,KwaZulu-Natal,Kids Clothing,Summer Dresses,5,262.9,0.3,920.15,244.1,Standard
10980,2021-11-28,2021-11-28,Regular,Pietermaritzburg,KwaZulu-Natal,Kids Clothing,Pyjama Sets,1,581.02,0,581.02,59.67,Click and Collect
10981,2021-02-18,2021-02-24,Regular,Sandton,Gauteng,Kids Clothing,School Uniforms,9,182.13,0.05,1557.21,177.54,Express
10982,2021-04-24,2021-04-28,Loyalty Member,Pretoria,Gauteng,Kids Clothing,School Uniforms,9,273.95,0.05,2342.27,577.34,Click and Collect
10983,2022-06-06,2022-06-07,Loyalty Member,Richards Bay,KwaZulu-Natal,Footwear,Sandals,9,569.52,0.2,4100.54,1172.72,Standard
10984,2024-05-13,2024-05-18,Regular,Tzaneen,Limpopo,Kids Clothing,Winter Jackets,1,127.18,0.1,114.46,14.89,Express
10985,2021-01-25,2021-01-28,Loyalty Member,Stellenbosch,Western Cape,Footwear,Sandals,7,490.02,0.2,2744.11,477.04,Standard
10986,2023-02-08,2023-02-11,Regular,Stellenbosch,Western Cape,Footwear,Sandals,4,315.12,0.1,1134.43,297.83,Standard
10987,2021-09-10,2021-09-15,Loyalty Member,Paarl,Western Cape,Kids Clothing,Casual T-Shirts,5,508.34,0.3,1779.19,207.96,Click and Collect
10988,2023-05-02,2023-05-06,Regular,East London,Eastern Cape,Kids Clothing,Denim Jeans,3,535.88,0.3,1125.35,294.88,Standard
10989,2021-02-24,2021-02-28,Regular,Tzaneen,Limpopo,Footwear,Boots,7,304.05,0,2128.35,612.2,Standard
10990,2023-05-21,2023-05-26,Wholesale,Sandton,Gauteng,Kids Clothing,School Uniforms,8,212.8,0.3,1191.68,158.65,Standard
10991,2023-02-25,2023-02-28,Loyalty Member,Richards Bay,KwaZulu-Natal,Kids Clothing,Denim Jeans,9,532.9,0.2,3836.88,345.72,Standard
10992,2021-10-04,2021-10-05,Regular,Polokwane,Limpopo,Footwear,Slippers,7,504.79,0,3533.53,577.21,Express
10993,2024-10-28,2024-10-28,Loyalty Member,Stellenbosch,Western Cape,Footwear,Boots,1,199.18,0,199.18,17.09,Click and Collect
10994,2021-05-14,2021-05-21,Loyalty Member,Stellenbosch,Western Cape,Kids Clothing,Swimwear,6,268.71,0.05,1531.65,224.22,Express
10995,2023-08-23,2023-08-28,Regular,Pretoria,Gauteng,Footwear,Slippers,6,466.76,0.15,2380.48,636.62,Standard
10996,2024-02-11,2024-02-14,Loyalty Member,Richards Bay,KwaZulu-Natal,Accessories,Scarves,5,140.66,0,703.3,164.2,Standard
10997,2024-11-06,2024-11-13,Loyalty Member,Sandton,Gauteng,Kids Clothing,Winter Jackets,8,545.85,0,4366.8,1354.73,Standard
10998,2021-04-19,2021-04-22,Loyalty Member,Mthatha,Eastern Cape,Kids Clothing,Denim Jeans,9,179.73,0,1617.57,206.51,Standard
10999,2024-05-05,2024-05-11,Regular,Sandton,Gauteng,Accessories,School Bags,5,401.84,0,2009.2,316.89,Standard
11000,2021-04-18,2021-04-20,Regular,Pietermaritzburg,KwaZulu-Natal,Kids Clothing,Pyjama Sets,4,214.13,0.05,813.69,151.09,Express
11001,2022-01-10,2022-01-12,Regular,Mokopane,Limpopo,Kids Clothing,Denim Jeans,9,598.17,0.05,5114.35,915.25,Express
11002,2024-11-19,2024-11-23,Loyalty Member,Richards Bay,KwaZulu-Natal,Kids Clothing,Swimwear,5,308.97,0.15,1313.12,388.7,Click and Collect
11003,2023-09-12,2023-09-13,Regular,Polokwane,Limpopo,Footwear,Sandals,9,384.27,0,3458.43,1090.94,Express
11004,2024-09-11,2024-09-12,Regular,Mthatha,Eastern Cape,Kids Clothing,Pyjama Sets,9,507.75,0.05,4341.26,832.08,Standard
11005,2021-08-20,2021-08-24,Regular,Soweto,Gauteng,Accessories,School Bags,9,317.72,0,2859.48,843.55,Standard
11006,2022-02-22,2022-02-25,Regular,Paarl,Western Cape,Kids Clothing,Pyjama Sets,1,452.94,0.3,317.06,58.15,Express
11007,2022-07-07,2022-07-13,Regular,Sandton,Gauteng,Kids Clothing,Denim Jeans,7,162.56,0.15,967.23,277.65,Click and Collect
11008,2021-12-25,2021-12-28,Loyalty Member,Johannesburg,Gauteng,Kids Clothing,Pyjama Sets,3,462.6,0.05,1318.41,415.49,Express
11009,2022-03-01,2022-03-07,Regular,Mokopane,Limpopo,Kids Clothing,Casual T-Shirts,10,446.47,0.2,3571.76,975.73,Standard
11010,2024-03-28,2024-03-28,Regular,Stellenbosch,Western Cape,Footwear,Sneakers,8,135.27,0.1,973.94,171.75,Standard
11011,2021-06-15,2021-06-22,Regular,Stellenbosch,Western Cape,Footwear,Slippers,1,437.18,0,437.18,52.66,Click and Collect
11012,2021-01-11,2021-01-15,Loyalty Member,Sandton,Gauteng,Accessories,Sun Hats,10,343.08,0.05,3259.26,1024.01,Standard
11013,2022-10-12,2022-10-17,Loyalty Member,Stellenbosch,Western Cape,Accessories,Sun Hats,9,164.91,0.3,1038.93,90.68,Standard
11014,2021-05-10,2021-05-11,Loyalty Member,Pretoria,Gauteng,Kids Clothing,School Uniforms,8,187.51,0,1500.08,479.07,Click and Collect
11015,2024-11-18,2024-11-25,Wholesale,Soweto,Gauteng,Footwear,School Shoes,6,214.57,0,1287.42,176.98,Express
11016,2022-07-02,2022-07-05,Loyalty Member,Stellenbosch,Western Cape,Accessories,Belts,2,521.36,0,1042.72,249.46,Standard
11017,2024-09-21,2024-09-23,Regular,Pretoria,Gauteng,Kids Clothing,Pyjama Sets,7,295.16,0.2,1652.9,164.92,Standard
11018,2021-06-18,2021-06-22,Regular,Pietermaritzburg,KwaZulu-Natal,Footwear,Sneakers,1,358.05,0,358.05,44.81,Standard
11019,2022-11-11,2022-11-17,Regular,Cape Town,Western Cape,Kids Clothing,Summer Dresses,6,580.74,0,3484.44,967.63,Express
11020,2024-12-17,2024-12-22,Regular,Mthatha,Eastern Cape,Footwear,Sandals,2,322.19,0,644.38,189.55,Express
11021,2021-12-07,2021-12-11,Loyalty Member,Paarl,Western Cape,Kids Clothing,Casual T-Shirts,4,548.16,0,2192.64,661.82,Standard
11022,2022-11-27,2022-11-28,Wholesale,Pretoria,Gauteng,Footwear,Sneakers,7,111.83,0,782.81,175.11,Express
11023,2023-07-22,2023-07-27,Regular,Richards Bay,KwaZulu-Natal,Accessories,Scarves,7,441.04,0.2,2469.82,685.75,Standard
11024,2022-08-09,2022-08-14,Regular,Paarl,Western Cape,Footwear,Boots,3,427.11,0.05,1217.26,117.98,Standard
11025,2022-08-03,2022-08-05,Wholesale,Pretoria,Gauteng,Kids Clothing,Pyjama Sets,7,234.25,0.1,1475.78,218.9,Standard
11026,2021-02-13,2021-02-20,Wholesale,Port Elizabeth,Eastern Cape,Kids Clothing,Casual T-Shirts,4,153.83,0,615.32,118.48,Standard
11027,2022-01-27,2022-01-28,Loyalty Member,Paarl,Western Cape,Kids Clothing,Denim Jeans,6,312.44,0,1874.64,348.84,Express
11028,2022-04-24,2022-04-27,Wholesale,Cape Town,Western Cape,Kids Clothing,Winter Jackets,3,267.56,0.05,762.55,226.0,Standard
11029,2024-03-10,2024-03-15,Loyalty Member,Cape Town,Western Cape,Kids Clothing,Pyjama Sets,8,101.91,0.3,570.7,55.16,Standard
11030,2023-09-06,2023-09-08,Regular,Sandton,Gauteng,Footwear,Boots,9,361.48,0,3253.32,825.62,Standard
11031,2021-03-04,2021-03-10,Regular,Stellenbosch,Western Cape,Kids Clothing,Casual T-Shirts,10,150.02,0.05,1425.19,374.71,Standard
11032,2021-01-21,2021-01-28,Loyalty Member,Mthatha,Eastern Cape,Kids Clothing,Denim Jeans,7,318.33,0.05,2116.89,516.29,Express
11033,2023-11-15,2023-11-19,Regular,Port Elizabeth,Eastern Cape,Accessories,Sun Hats,3,235.3,0,705.9,219.63,Standard
11034,2023-03-12,2023-03-18,Regular,Stellenbosch,Western Cape,Kids Clothing,Pyjama Sets,9,523.36,0.2,3768.19,414.52,Express
11035,2022-07-14,2022-07-18,Regular,Soweto,Gauteng,Kids Clothing,Winter Jackets,6,255.27,0.2,1225.3,137.17,Standard
11036,2022-04-23,2022-04-25,Wholesale,Sandton,Gauteng,Kids Clothing,Swimwear,7,280.16,0.1,1765.01,231.65,Standard
11037,2021-09-21,2021-09-25,Regular,Soweto,Gauteng,Kids Clothing,Denim Jeans,3,425.42,0.2,1021.01,125.87,Standard
11038,2022-07-19,2022-07-25,Loyalty Member,Paarl,Western Cape,Footwear,Boots,10,487.75,0.05,4633.62,538.26,Standard
11039,2022-12-05,2022-12-12,Loyalty Member,Tzaneen,Limpopo,Footwear,Slippers,1,433.86,0,433.86,43.64,Standard
11040,2021-06-28,2021-06-28,Regular,Sandton,Gauteng,Kids Clothing,Summer Dresses,5,517.75,0.15,2200.44,505.17,Standard
11041,2024-08-11,2024-08-17,Regular,Stellenbosch,Western Cape,Kids Clothing,Summer Dresses,3,300.74,0.2,721.78,85.16,Standard
11042,2024-12-09,2024-12-15,Wholesale,Port Elizabeth,Eastern Cape,Footwear,Sandals,8,138.51,0,1108.08,124.71,Standard
11043,2024-08-06,2024-08-13,Wholesale,Paarl,Western Cape,Kids Clothing,Casual T-Shirts,10,380.67,0.3,2664.69,784.9,Click and Collect
11044,2023-06-03,2023-06-06,Loyalty Member,Cape Town,Western Cape,Footwear,Sandals,2,595.38,0.05,1131.22,351.56,Standard
11045,2021-06-20,2021-06-27,Wholesale,Soweto,Gauteng,Kids Clothing,Winter Jackets,4,350.85,0,1403.4,277.18,Click and Collect
11046,2021-11-08,2021-11-14,Wholesale,Soweto,Gauteng,Kids Clothing,Winter Jackets,8,425.3,0.15,2892.04,614.0,Standard
11047,2021-12-19,2021-12-20,Wholesale,Pretoria,Gauteng,Kids Clothing,School Uniforms,5,444.4,0.15,1888.7,317.36,Standard
11048,2024-07-23,2024-07-26,Loyalty Member,Stellenbosch,Western Cape,Kids Clothing,Casual T-Shirts,5,225.0,0.3,787.5,236.65,Standard
11049,2023-09-04,2023-09-05,Regular,Port Elizabeth,Eastern Cape,Kids Clothing,School Uniforms,3,380.67,0.05,1084.91,289.6,Click and Collect
11050,2021-12-01,2021-12-07,Regular,Mthatha,Eastern Cape,Kids Clothing,Swimwear,8,410.81,0.15,2793.51,750.54,Standard
11051,2021-01-23,2021-01-25,Wholesale,Paarl,Western Cape,Kids Clothing,Pyjama Sets,2,90.96,0.05,172.82,22.54,Express
11052,2024-06-21,2024-06-26,Loyalty Member,Cape Town,Western Cape,Kids Clothing,Pyjama Sets,3,328.3,0,984.9,183.39,Standard
11053,2021-03-07,2021-03-10,Loyalty Member,Paarl,Western Cape,Kids Clothing,School Uniforms,2,184.98,0.15,314.47,82.24,Standard
11054,2024-11-27,2024-11-28,Regular,Soweto,Gauteng,Kids Clothing,Casual T-Shirts,5,509.48,0.05,2420.03,501.75,Express
11055,2023-05-25,2023-05-27,Regular,Cape Town,Western Cape,Accessories,School Bags,10,474.38,0.2,3795.04,376.42,Express
11056,2024-01-24,2024-01-28,Loyalty Member,Paarl,Western Cape,Accessories,Belts,2,379.29,0.15,644.79,121.34,Express
11057,2024-06-16,2024-06-19,Regular,Pietermaritzburg,KwaZulu-Natal,Footwear,Sandals,10,175.98,0.15,1495.83,266.76,Click and Collect
11058,2023-07-15,2023-07-22,Regular,East London,Eastern Cape,Footwear,Boots,7,573.31,0,4013.17,1080.28,Standard
11059,2022-07-12,2022-07-13,Regular,Pretoria,Gauteng,Accessories,Sun Hats,2,97.36,0.3,136.3,15.81,Standard
11060,2021-08-13,2021-08-15,Regular,Sandton,Gauteng,Kids Clothing,Pyjama Sets,8,309.76,0,2478.08,488.09,Express
11061,2023-02-03,2023-02-06,Regular,Richards Bay,KwaZulu-Natal,Kids Clothing,Casual T-Shirts,4,301.34,0,1205.36,373.23,Express
11062,2023-11-10,2023-11-16,Regular,Richards Bay,KwaZulu-Natal,Kids Clothing,Winter Jackets,6,458.63,0,2751.78,464.21,Click and Collect
11063,2021-01-15,2021-01-18,Wholesale,Pretoria,Gauteng,Footwear,Sneakers,8,490.27,0.15,3333.84,728.55,Standard
11064,2022-03-11,2022-03-18,Loyalty Member,Durban,KwaZulu-Natal,Footwear,Sandals,8,376.28,0,3010.24,467.28,Click and Collect
11065,2024-03-20,2024-03-23,Regular,Stellenbosch,Western Cape,Accessories,Scarves,2,318.24,0.05,604.66,163.2,Standard
11066,2022-06-28,2022-06-28,Regular,Cape Town,Western Cape,Kids Clothing,Winter Jackets,10,335.1,0,3351.0,898.35,Click and Collect
11067,2024-06-20,2024-06-25,Regular,Paarl,Western Cape,Accessories,Belts,2,239.77,0,479.54,123.01,Standard
11068,2023-04-26,2023-04-28,Regular,Johannesburg,Gauteng,Kids Clothing,Winter Jackets,1,103.7,0.2,82.96,8.2,Standard
11069,2022-08-21,2022-08-25,Loyalty Member,Soweto,Gauteng,Kids Clothing,Winter Jackets,8,229.73,0.3,1286.49,190.84,Standard
11070,2023-01-04,2023-01-05,Regular,Mthatha,Eastern Cape,Kids Clothing,Swimwear,7,369.56,0.2,2069.54,486.59,Standard
11071,2023-10-27,2023-10-28,Regular,Stellenbosch,Western Cape,Footwear,School Shoes,9,117.49,0,1057.41,210.64,Click and Collect
11072,2022-03-04,2022-03-09,Regular,Paarl,Western Cape,Footwear,Sneakers,6,130.39,0.15,664.99,173.03,Standard
11073,2021-09-14,2021-09-20,Regular,Richards Bay,KwaZulu-Natal,Footwear,Sandals,8,170.12,0.1,1224.86,164.84,Standard
11074,2021-01-21,2021-01-28,Regular,Pietermaritzburg,KwaZulu-Natal,Kids Clothing,Summer Dresses,3,575.75,0,1727.25,345.69,Standard
11075,2024-01-17,2024-01-24,Loyalty Member,Johannesburg,Gauteng,Footwear,Slippers,2,109.47,0,218.94,28.49,Standard
11076,2021-06-23,2021-06-24,Regular,Sandton,Gauteng,Footwear,Boots,4,166.65,0,666.6,199.75,Express
11077,2023-05-18,2023-05-21,Loyalty Member,Pretoria,Gauteng,Footwear,Sneakers,6,188.84,0.1,1019.74,177.67,Express
11078,2024-01-15,2024-01-20,Regular,Mokopane,Limpopo,Kids Clothing,Summer Dresses,2,110.25,0,220.5,56.95,Click and Collect
11079,2022-10-24,2022-10-28,Loyalty Member,Pretoria,Gauteng,Footwear,Sneakers,8,116.73,0.05,887.15,191.66,Click and Collect
11080,2023-04-17,2023-04-18,Loyalty Member,Pretoria,Gauteng,Accessories,Sun Hats,8,571.87,0.2,3659.97,925.21,Standard
11081,2024-10-25,2024-10-27,Loyalty Member,Tzaneen,Limpopo,Kids Clothing,Pyjama Sets,4,128.61,0,514.44,150.35,Click and Collect
11082,2021-01-09,2021-01-10,Loyalty Member,Soweto,Gauteng,Accessories,School Bags,1,276.71,0.05,262.87,82.29,Express
11083,2023-02-09,2023-02-13,Loyalty Member,Pietermaritzburg,KwaZulu-Natal,Accessories,Scarves,3,222.99,0.05,635.52,69.19,Express
11084,2021-08-06,2021-08-07,Regular,Paarl,Western Cape,Accessories,Belts,9,228.3,0,2054.7,510.98,Standard
11085,2022-04-03,2022-04-07,Regular,Durban,KwaZulu-Natal,Kids Clothing,Casual T-Shirts,7,178.26,0,1247.82,272.55,Standard
11086,2021-05-23,2021-05-26,Loyalty Member,Durban,KwaZulu-Natal,Kids Clothing,Winter Jackets,4,208.76,0.3,584.53,160.44,Click and Collect
11087,2021-10-27,2021-10-28,Loyalty Member,Soweto,Gauteng,Footwear,School Shoes,5,274.66,0.15,1167.31,221.21,Standard
11088,2022-06-22,2022-06-25,Regular,Richards Bay,KwaZulu-Natal,Footwear,Sneakers,7,177.72,0.2,995.23,168.5,Click and Collect
11089,2023-03-27,2023-03-28,Loyalty Member,Pietermaritzburg,KwaZulu-Natal,Kids Clothing,Casual T-Shirts,2,396.1,0,792.2,126.65,Standard
11090,2024-08-25,2024-08-28,Loyalty Member,Port Elizabeth,Eastern Cape,Kids Clothing,Swimwear,3,394.38,0,1183.14,336.32,Standard
11091,2022-12-13,2022-12-14,Wholesale,Port Elizabeth,Eastern Cape,Kids Clothing,Denim Jeans,2,382.49,0.1,688.48,209.49,Express
11092,2022-12-08,2022-12-14,Regular,Pietermaritzburg,KwaZulu-Natal,Kids Clothing,Swimwear,6,368.71,0.2,1769.81,363.78,Express
11093,2022-10-12,2022-10-18,Regular,Johannesburg,Gauteng,Footwear,Sandals,4,454.26,0,1817.04,361.32,Click and Collect
11094,2023-04-25,2023-04-28,Regular,Pretoria,Gauteng,Kids Clothing,Swimwear,4,100.99,0,403.96,60.99,Standard
11095,2021-02-09,2021-02-13,Wholesale,Tzaneen,Limpopo,Footwear,School Shoes,10,242.11,0.2,1936.88,329.23,Standard
11096,2024-11-20,2024-11-25,Wholesale,Stellenbosch,Western Cape,Kids Clothing,Winter Jackets,1,219.45,0.3,153.61,44.04,Standard
11097,2021-07-23,2021-07-28,Wholesale,Pietermaritzburg,KwaZulu-Natal,Footwear,School Shoes,7,108.72,0.3,532.73,139.67,Standard
11098,2023-09-03,2023-09-04,Loyalty Member,Paarl,Western Cape,Kids Clothing,Casual T-Shirts,6,212.1,0.3,890.82,78.61,Standard
11099,2024-04-20,2024-04-24,Regular,Paarl,Western Cape,Accessories,School Bags,9,315.66,0,2840.94,543.08,Express
11100,2024-09-21,2024-09-27,Regular,Paarl,Western Cape,Kids Clothing,Summer Dresses,8,238.63,0,1909.04,170.97,Express
11101,2024-02-22,2024-02-24,Regular,Polokwane,Limpopo,Kids Clothing,School Uniforms,7,484.63,0,3392.41,900.32,Standard
11102,2022-04-11,2022-04-18,Regular,Pietermaritzburg,KwaZulu-Natal,Kids Clothing,Pyjama Sets,2,140.78,0,281.56,31.44,Click and Collect
11103,2021-08-16,2021-08-19,Regular,Pietermaritzburg,KwaZulu-Natal,Kids Clothing,Pyjama Sets,6,412.76,0,2476.56,446.94,Standard
11104,2024-09-23,2024-09-27,Regular,Cape Town,Western Cape,Accessories,Scarves,8,293.68,0.05,2231.97,664.21,Click and Collect
11105,2021-01-06,2021-01-07,Regular,Pretoria,Gauteng,Accessories,Scarves,9,223.13,0,2008.17,628.57,Express
11106,2024-02-18,2024-02-19,Regular,Cape Town,Western Cape,Footwear,Boots,1,278.65,0,278.65,29.83,Express
11107,2021-05-26,2021-05-28,Loyalty Member,Pretoria,Gauteng,Footwear,Sandals,8,332.92,0.05,2530.19,262.56,Standard
11108,2021-03-22,2021-03-24,Loyalty Member,Port Elizabeth,Eastern Cape,Kids Clothing,Denim Jeans,2,377.74,0.05,717.71,165.41,Standard
11109,2023-04-27,2023-04-28,Regular,Soweto,Gauteng,Kids Clothing,Casual T-Shirts,1,187.23,0.15,159.15,27.66,Express
11110,2022-12-05,2022-12-09,Loyalty Member,Richards Bay,KwaZulu-Natal,Footwear,Sandals,4,394.48,0.1,1420.13,283.05,Standard
11111,2021-07-03,2021-07-08,Loyalty Member,Cape Town,Western Cape,Kids Clothing,Winter Jackets,7,232.23,0.15,1381.77,211.19,Standard
11112,2023-05-28,2023-05-28,Loyalty Member,Soweto,Gauteng,Footwear,Slippers,9,559.96,0,5039.64,970.83,Standard
11113,2024-06-18,2024-06-23,Regular,Durban,KwaZulu-Natal,Kids Clothing,Winter Jackets,5,392.16,0.05,1862.76,288.97,Click and Collect
11114,2022-10-07,2022-10-10,Loyalty Member,Polokwane,Limpopo,Kids Clothing,Casual T-Shirts,5,223.59,0.2,894.36,215.29,Standard
11115,2022-12-10,2022-12-12,Loyalty Member,Pietermaritzburg,KwaZulu-Natal,Kids Clothing,Summer Dresses,8,385.69,0,3085.52,333.64,Express
11116,2023-11-08,2023-11-10,Regular,Sandton,Gauteng,Footwear,Boots,6,214.27,0.3,899.93,226.86,Click and Collect
11117,2024-09-11,2024-09-13,Regular,Johannesburg,Gauteng,Accessories,Belts,7,90.67,0.05,602.96,165.74,Standard
11118,2024-08-18,2024-08-23,Loyalty Member,Mthatha,Eastern Cape,Kids Clothing,School Uniforms,7,409.34,0.3,2005.77,447.02,Standard
11119,2024-06-04,2024-06-06,Loyalty Member,Stellenbosch,Western Cape,Accessories,School Bags,2,230.45,0.1,414.81,45.87,Standard
11120,2024-04-02,2024-04-08,Regular,Johannesburg,Gauteng,Accessories,Scarves,5,308.2,0.05,1463.95,194.57,Express
11121,2023-09-12,2023-09-19,Loyalty Member,Cape Town,Western Cape,Kids Clothing,Summer Dresses,3,499.91,0.2,1199.78,154.48,Express
11122,2022-02-19,2022-02-25,Loyalty Member,Pietermaritzburg,KwaZulu-Natal,Kids Clothing,Summer Dresses,7,201.7,0.3,988.33,223.66,Click and Collect
11123,2022-05-04,2022-05-05,Regular,Stellenbosch,Western Cape,Accessories,Hair Accessories,8,197.83,0,1582.64,448.44,Standard
11124,2024-08-05,2024-08-11,Loyalty Member,Mthatha,Eastern Cape,Kids Clothing,Swimwear,5,193.62,0.3,677.67,125.23,Click and Collect
11125,2023-06-01,2023-06-05,Loyalty Member,Soweto,Gauteng,Footwear,Sneakers,3,447.76,0.2,1074.62,129.4,Standard
11126,2022-06-12,2022-06-16,Loyalty Member,Sandton,Gauteng,Kids Clothing,Casual T-Shirts,1,439.11,0.05,417.15,97.99,Standard
11127,2021-07-19,2021-07-22,Regular,Johannesburg,Gauteng,Footwear,Boots,2,312.05,0.15,530.49,71.54,Standard
11128,2023-08-06,2023-08-08,Loyalty Member,Paarl,Western Cape,Kids Clothing,Swimwear,4,520.41,0.2,1665.31,278.93,Express
11129,2021-12-06,2021-12-07,Regular,Richards Bay,KwaZulu-Natal,Kids Clothing,Winter Jackets,8,165.0,0,1320.0,377.57,Standard
11130,2022-04-14,2022-04-17,Regular,Cape Town,Western Cape,Kids Clothing,School Uniforms,10,422.86,0,4228.6,630.82,Standard
11131,2024-03-08,2024-03-09,Loyalty Member,Port Elizabeth,Eastern Cape,Kids Clothing,Swimwear,2,226.21,0,452.42,94.17,Express
11132,2023-12-06,2023-12-08,Regular,Pretoria,Gauteng,Kids Clothing,Swimwear,3,479.84,0,1439.52,288.22,Click and Collect
11133,2024-03-06,2024-03-07,Regular,Pretoria,Gauteng,Footwear,Sneakers,10,488.41,0.3,3418.87,475.19,Standard
11134,2021-12-08,2021-12-10,Regular,Durban,KwaZulu-Natal,Kids Clothing,School Uniforms,5,323.99,0.3,1133.96,275.11,Standard
11135,2024-09-15,2024-09-21,Loyalty Member,Tzaneen,Limpopo,Kids Clothing,Swimwear,7,472.33,0.2,2645.05,317.55,Click and Collect
11136,2022-01-07,2022-01-08,Loyalty Member,Sandton,Gauteng,Kids Clothing,Casual T-Shirts,7,280.73,0.15,1670.34,143.2,Standard
11137,2021-04-14,2021-04-21,Regular,Durban,KwaZulu-Natal,Kids Clothing,Swimwear,3,420.03,0.1,1134.08,198.61,Standard
11138,2022-08-09,2022-08-13,Regular,Soweto,Gauteng,Kids Clothing,Summer Dresses,7,578.41,0.05,3846.43,1182.6,Click and Collect
11139,2021-05-12,2021-05-13,Loyalty Member,Soweto,Gauteng,Accessories,School Bags,10,238.92,0.3,1672.44,150.06,Click and Collect
11140,2024-02-12,2024-02-15,Regular,Paarl,Western Cape,Accessories,Sun Hats,9,226.5,0,2038.5,412.35,Express
11141,2023-01-15,2023-01-19,Regular,Soweto,Gauteng,Kids Clothing,Winter Jackets,1,497.62,0,497.62,145.33,Express
11142,2024-09-02,2024-09-08,Loyalty Member,Richards Bay,KwaZulu-Natal,Kids Clothing,Summer Dresses,7,257.38,0.3,1261.16,322.29,Express
11143,2022-03-25,2022-03-27,Regular,Stellenbosch,Western Cape,Kids Clothing,School Uniforms,5,95.18,0,475.9,60.29,Standard
11144,2024-03-14,2024-03-19,Regular,Pretoria,Gauteng,Kids Clothing,Swimwear,1,224.41,0.3,157.09,42.24,Standard
11145,2022-11-16,2022-11-17,Loyalty Member,Stellenbosch,Western Cape,Kids Clothing,Pyjama Sets,6,522.8,0.1,2823.12,616.82,Standard
11146,2023-11-22,2023-11-25,Loyalty Member,Sandton,Gauteng,Footwear,Sandals,4,504.62,0.2,1614.78,316.52,Standard
11147,2023-08-24,2023-08-28,Regular,Paarl,Western Cape,Accessories,School Bags,3,372.06,0.05,1060.37,308.97,Standard
11148,2022-02-23,2022-02-28,Loyalty Member,Soweto,Gauteng,Kids Clothing,Winter Jackets,5,130.38,0,651.9,149.63,Click and Collect
11149,2021-06-02,2021-06-06,Regular,Soweto,Gauteng,Kids Clothing,School Uniforms,6,567.17,0,3403.02,523.8,Standard
11150,2024-07-19,2024-07-21,Regular,Pretoria,Gauteng,Footwear,Sandals,6,170.19,0.15,867.97,193.06,Click and Collect
11151,2021-02-03,2021-02-10,Regular,Durban,KwaZulu-Natal,Kids Clothing,School Uniforms,3,594.84,0,1784.52,344.57,Standard
11152,2023-06-22,2023-06-28,Regular,Mthatha,Eastern Cape,Kids Clothing,School Uniforms,3,544.37,0.15,1388.14,144.36,Click and Collect
11153,2021-01-20,2021-01-21,Loyalty Member,Port Elizabeth,Eastern Cape,Accessories,Hair Accessories,2,225.34,0.1,405.61,92.36,Standard
11154,2023-03-03,2023-03-07,Regular,Pietermaritzburg,KwaZulu-Natal,Footwear,Slippers,2,342.17,0.05,650.12,159.52,Standard
11155,2023-11-06,2023-11-12,Regular,Soweto,Gauteng,Kids Clothing,Winter Jackets,7,302.16,0.05,2009.36,543.78,Express
11156,2023-04-08,2023-04-12,Regular,Cape Town,Western Cape,Kids Clothing,School Uniforms,3,143.91,0.3,302.21,33.32,Express
11157,2023-06-23,2023-06-26,Regular,Soweto,Gauteng,Kids Clothing,Pyjama Sets,9,460.98,0.1,3733.94,1138.79,Standard
11158,2024-11-02,2024-11-05,Regular,Cape Town,Western Cape,Kids Clothing,Swimwear,5,287.68,0.3,1006.88,192.56,Click and Collect
11159,2023-08-05,2023-08-12,Loyalty Member,Soweto,Gauteng,Accessories,Belts,3,92.79,0,278.37,86.02,Standard
11160,2024-06-05,2024-06-06,Regular,Port Elizabeth,Eastern Cape,Kids Clothing,Winter Jackets,4,456.6,0.2,1461.12,130.37,Standard
11161,2023-12-11,2023-12-18,Regular,Pietermaritzburg,KwaZulu-Natal,Kids Clothing,Swimwear,9,191.87,0,1726.83,275.95,Express
11162,2023-09-13,2023-09-18,Wholesale,Mokopane,Limpopo,Kids Clothing,Swimwear,1,321.03,0.1,288.93,60.48,Express
11163,2021-05-11,2021-05-12,Regular,Johannesburg,Gauteng,Accessories,Hair Accessories,10,380.67,0.15,3235.7,907.14,Standard
11164,2023-05-21,2023-05-28,Loyalty Member,Cape Town,Western Cape,Kids Clothing,Casual T-Shirts,5,91.19,0.05,433.15,38.87,Click and Collect
11165,2024-04-13,2024-04-14,Loyalty Member,Johannesburg,Gauteng,Kids Clothing,Swimwear,9,568.36,0,5115.24,1025.2,Click and Collect
11166,2023-10-22,2023-10-23,Regular,Pretoria,Gauteng,Kids Clothing,Swimwear,2,525.17,0.2,840.27,180.31,Standard
11167,2022-01-22,2022-01-26,Regular,Paarl,Western Cape,Kids Clothing,School Uniforms,3,563.85,0.1,1522.4,183.55,Standard
11168,2023-07-06,2023-07-10,Regular,Cape Town,Western Cape,Footwear,Sneakers,5,597.92,0,2989.6,293.86,Standard
11169,2021-01-08,2021-01-09,Wholesale,Pietermaritzburg,KwaZulu-Natal,Kids Clothing,Casual T-Shirts,6,150.93,0.3,633.91,128.42,Standard
11170,2023-02-12,2023-02-19,Regular,Cape Town,Western Cape,Kids Clothing,Winter Jackets,1,553.57,0,553.57,176.1,Standard
11171,2023-03-17,2023-03-24,Regular,Durban,KwaZulu-Natal,Accessories,Scarves,1,262.49,0.2,209.99,56.75,Standard
11172,2024-04-06,2024-04-08,Loyalty Member,Pietermaritzburg,KwaZulu-Natal,Footwear,School Shoes,4,514.6,0.3,1440.88,308.05,Standard
11173,2023-11-12,2023-11-14,Regular,Port Elizabeth,Eastern Cape,Kids Clothing,Winter Jackets,1,592.71,0.15,503.8,118.74,Standard
11174,2021-06-28,2021-06-28,Loyalty Member,Cape Town,Western Cape,Kids Clothing,School Uniforms,10,158.24,0.3,1107.68,235.78,Standard
11175,2023-02-20,2023-02-27,Regular,Paarl,Western Cape,Kids Clothing,Swimwear,7,238.66,0,1670.62,155.67,Standard
11176,2022-12-09,2022-12-16,Regular,Pretoria,Gauteng,Footwear,School Shoes,9,274.53,0.3,1729.54,266.37,Standard
11177,2021-01-10,2021-01-13,Loyalty Member,Cape Town,Western Cape,Accessories,Belts,10,523.3,0.15,4448.05,476.87,Click and Collect
11178,2023-06-04,2023-06-06,Regular,Johannesburg,Gauteng,Kids Clothing,Swimwear,9,473.97,0,4265.73,1172.13,Standard
11179,2023-09-22,2023-09-25,Loyalty Member,Stellenbosch,Western Cape,Kids Clothing,Casual T-Shirts,2,424.53,0.1,764.15,197.05,Standard
11180,2021-10-01,2021-10-02,Regular,Port Elizabeth,Eastern Cape,Kids Clothing,Denim Jeans,2,223.78,0.05,425.18,42.38,Standard
11181,2021-11-26,2021-11-27,Regular,Pretoria,Gauteng,Accessories,Belts,4,593.72,0,2374.88,578.38,Click and Collect
11182,2022-08-18,2022-08-20,Loyalty Member,Cape Town,Western Cape,Kids Clothing,Swimwear,9,238.28,0,2144.52,379.76,Standard
11183,2023-05-08,2023-05-13,Loyalty Member,Port Elizabeth,Eastern Cape,Kids Clothing,Denim Jeans,8,89.74,0,717.92,127.31,Standard
11184,2023-12-05,2023-12-10,Loyalty Member,Paarl,Western Cape,Accessories,Sun Hats,3,451.64,0.05,1287.17,411.32,Express
11185,2021-11-13,2021-11-15,Wholesale,Tzaneen,Limpopo,Kids Clothing,Pyjama Sets,4,454.79,0,1819.16,326.0,Standard
11186,2024-03-05,2024-03-11,Loyalty Member,Durban,KwaZulu-Natal,Kids Clothing,Casual T-Shirts,7,425.36,0.1,2679.77,499.56,Standard
11187,2022-04-13,2022-04-16,Loyalty Member,Paarl,Western Cape,Footwear,Boots,8,573.06,0.2,3667.58,336.48,Standard
11188,2024-03-02,2024-03-09,Loyalty Member,Port Elizabeth,Eastern Cape,Kids Clothing,Summer Dresses,7,145.31,0.1,915.45,104.15,Standard
11189,2024-01-16,2024-01-23,Loyalty Member,Durban,KwaZulu-Natal,Kids Clothing,Pyjama Sets,4,318.16,0.1,1145.38,322.39,Click and Collect
11190,2023-03-16,2023-03-18,Regular,Pretoria,Gauteng,Kids Clothing,Casual T-Shirts,7,200.63,0,1404.41,149.37,Express
11191,2023-12-04,2023-12-07,Loyalty Member,Mthatha,Eastern Cape,Footwear,School Shoes,2,378.25,0,756.5,104.32,Standard
11192,2022-11-18,2022-11-25,Wholesale,Richards Bay,KwaZulu-Natal,Footwear,Slippers,1,165.04,0,165.04,26.17,Express
11193,2024-10-11,2024-10-12,Regular,Pretoria,Gauteng,Kids Clothing,Swimwear,7,217.1,0.1,1367.73,301.84,Express
11194,2023-02-13,2023-02-17,Regular,Durban,KwaZulu-Natal,Accessories,Scarves,8,476.05,0.15,3237.14,642.11,Standard
11195,2021-12-03,2021-12-04,Regular,Pretoria,Gauteng,Accessories,Sun Hats,8,299.3,0,2394.4,250.52,Click and Collect
11196,2024-12-05,2024-12-07,Regular,Durban,KwaZulu-Natal,Kids Clothing,School Uniforms,10,297.66,0.1,2678.94,627.74,Click and Collect
11197,2022-02-11,2022-02-13,Loyalty Member,Durban,KwaZulu-Natal,Footwear,Slippers,4,111.53,0.1,401.51,84.26,Express
11198,2021-08-27,2021-08-28,Regular,Pietermaritzburg,KwaZulu-Natal,Kids Clothing,Summer Dresses,10,230.61,0.2,1844.88,455.93,Click and Collect
11199,2024-09-23,2024-09-25,Wholesale,Cape Town,Western Cape,Kids Clothing,Pyjama Sets,5,187.2,0,936.0,127.5,Standard
11200,2022-04-27,2022-04-28,Regular,Stellenbosch,Western Cape,Footwear,Sandals,10,157.6,0,1576.0,400.59,Express
11201,2023-11-25,2023-11-28,Regular,Soweto,Gauteng,Kids Clothing,Summer Dresses,8,281.82,0,2254.56,383.02,Standard
11202,2024-02-03,2024-02-10,Regular,Cape Town,Western Cape,Kids Clothing,Summer Dresses,3,224.73,0.15,573.06,167.75,Standard
11203,2022-08-14,2022-08-16,Regular,Pietermaritzburg,KwaZulu-Natal,Kids Clothing,Summer Dresses,1,189.1,0.1,170.19,28.95,Standard
11204,2021-10-04,2021-10-11,Regular,Durban,KwaZulu-Natal,Footwear,School Shoes,9,333.45,0,3001.05,278.14,Standard
11205,2022-03-08,2022-03-09,Regular,Johannesburg,Gauteng,Kids Clothing,Winter Jackets,9,363.16,0.1,2941.6,419.69,Standard
11206,2022-01-14,2022-01-18,Regular,Port Elizabeth,Eastern Cape,Footwear,School Shoes,9,164.39,0.3,1035.66,100.61,Express
11207,2021-12-25,2021-12-28,Wholesale,Sandton,Gauteng,Kids Clothing,School Uniforms,1,486.82,0,486.82,139.76,Express
11208,2021-06-06,2021-06-13,Loyalty Member,Richards Bay,KwaZulu-Natal,Kids Clothing,Summer Dresses,8,575.08,0,4600.64,852.75,Click and Collect
11209,2023-01-26,2023-01-28,Regular,Richards Bay,KwaZulu-Natal,Kids Clothing,Winter Jackets,6,282.31,0,1693.86,458.57,Standard
11210,2023-05-09,2023-05-11,Loyalty Member,Cape Town,Western Cape,Kids Clothing,Casual T-Shirts,5,339.48,0,1697.4,197.13,Express
11211,2023-09-20,2023-09-27,Regular,Stellenbosch,Western Cape,Kids Clothing,Casual T-Shirts,1,111.51,0,111.51,9.0,Standard
11212,2022-07-12,2022-07-18,Loyalty Member,Sandton,Gauteng,Kids Clothing,Summer Dresses,7,281.64,0,1971.48,269.29,Standard
11213,2023-09-08,2023-09-11,Regular,Johannesburg,Gauteng,Footwear,Slippers,7,461.1,0,3227.7,742.38,Standard
11214,2022-04-14,2022-04-19,Regular,Mthatha,Eastern Cape,Kids Clothing,School Uniforms,10,486.09,0,4860.9,535.59,Standard
11215,2021-02-28,2021-02-28,Loyalty Member,Johannesburg,Gauteng,Accessories,School Bags,5,408.04,0.1,1836.18,570.9,Express
11216,2024-08-08,2024-08-13,Loyalty Member,Paarl,Western Cape,Kids Clothing,School Uniforms,7,225.58,0,1579.06,381.37,Standard
11217,2024-10-22,2024-10-25,Loyalty Member,Richards Bay,KwaZulu-Natal,Footwear,Sneakers,7,240.77,0,1685.39,233.01,Standard
11218,2022-06-24,2022-06-28,Regular,East London,Eastern Cape,Kids Clothing,Swimwear,5,130.91,0,654.55,181.5,Standard
11219,2024-03-12,2024-03-19,Loyalty Member,Sandton,Gauteng,Kids Clothing,Casual T-Shirts,4,456.77,0.15,1553.02,250.94,Express
11220,2023-04-28,2023-04-28,Regular,Cape Town,Western Cape,Kids Clothing,Swimwear,5,529.17,0,2645.85,701.91,Express
11221,2023-04-18,2023-04-24,Loyalty Member,Pretoria,Gauteng,Kids Clothing,Pyjama Sets,3,326.5,0,979.5,236.73,Standard
11222,2023-11-21,2023-11-22,Regular,Tzaneen,Limpopo,Accessories,Sun Hats,6,188.11,0.1,1015.79,224.4,Click and Collect
11223,2021-07-24,2021-07-26,Regular,Port Elizabeth,Eastern Cape,Footwear,Boots,9,326.89,0,2942.01,619.74,Express
11224,2022-04-19,2022-04-20,Regular,Durban,KwaZulu-Natal,Kids Clothing,Pyjama Sets,6,598.72,0,3592.32,1048.14,Click and Collect
11225,2021-02-25,2021-02-28,Loyalty Member,Pietermaritzburg,KwaZulu-Natal,Kids Clothing,Casual T-Shirts,2,324.47,0.2,519.15,138.58,Express
11226,2021-01-06,2021-01-08,Loyalty Member,Port Elizabeth,Eastern Cape,Kids Clothing,Casual T-Shirts,2,369.37,0,738.74,102.43,Standard
11227,2024-11-23,2024-11-27,Loyalty Member,Sandton,Gauteng,Kids Clothing,Pyjama Sets,7,556.5,0.05,3700.72,644.01,Express
11228,2023-03-02,2023-03-03,Loyalty Member,Johannesburg,Gauteng,Accessories,Belts,5,144.52,0.1,650.34,87.28,Standard
11229,2024-06-27,2024-06-28,Regular,Soweto,Gauteng,Footwear,Sandals,4,398.35,0,1593.4,155.58,Standard
11230,2023-06-14,2023-06-15,Loyalty Member,Cape Town,Western Cape,Accessories,Scarves,3,354.04,0.2,849.7,259.8,Standard
11231,2023-11-01,2023-11-08,Regular,Durban,KwaZulu-Natal,Kids Clothing,Casual T-Shirts,1,353.86,0,353.86,38.2,Standard
11232,2021-01-07,2021-01-14,Loyalty Member,Mokopane,Limpopo,Kids Clothing,Casual T-Shirts,10,134.07,0,1340.7,231.55,Express
11233,2021-06-24,2021-06-26,Loyalty Member,Cape Town,Western Cape,Kids Clothing,Winter Jackets,6,115.55,0.2,554.64,112.14,Standard
11234,2021-08-21,2021-08-28,Loyalty Member,Pretoria,Gauteng,Accessories,Scarves,5,471.33,0,2356.65,254.04,Standard
11235,2021-09-15,2021-09-22,Regular,Stellenbosch,Western Cape,Accessories,Belts,9,158.61,0,1427.49,186.82,Express
11236,2021-01-04,2021-01-10,Loyalty Member,Johannesburg,Gauteng,Kids Clothing,Winter Jackets,10,385.23,0,3852.3,1050.86,Standard
11237,2022-01-23,2022-01-27,Loyalty Member,Mokopane,Limpopo,Kids Clothing,Denim Jeans,10,407.13,0.2,3257.04,859.83,Standard
11238,2024-11-10,2024-11-17,Regular,Soweto,Gauteng,Kids Clothing,Summer Dresses,9,488.6,0.2,3517.92,819.06,Standard
11239,2022-06-19,2022-06-20,Loyalty Member,Sandton,Gauteng,Footwear,Sandals,3,543.18,0,1629.54,202.7,Express
11240,2022-05-25,2022-05-27,Regular,Pietermaritzburg,KwaZulu-Natal,Kids Clothing,School Uniforms,7,406.33,0,2844.31,903.37,Standard
11241,2024-11-04,2024-11-08,Loyalty Member,Durban,KwaZulu-Natal,Kids Clothing,Summer Dresses,5,375.45,0.05,1783.39,365.24,Standard
11242,2023-11-08,2023-11-13,Loyalty Member,Paarl,Western Cape,Footwear,Sneakers,1,546.6,0.2,437.28,128.1,Standard
11243,2022-12-19,2022-12-24,Regular,Johannesburg,Gauteng,Footwear,Sandals,7,390.16,0.15,2321.45,489.08,Standard
11244,2023-02-26,2023-02-28,Regular,Soweto,Gauteng,Footwear,Sandals,1,375.51,0.2,300.41,31.12,Express
11245,2022-04-26,2022-04-28,Wholesale,Sandton,Gauteng,Footwear,Sneakers,4,485.38,0.2,1553.22,326.1,Standard
11246,2023-09-09,2023-09-15,Loyalty Member,Port Elizabeth,Eastern Cape,Kids Clothing,Swimwear,4,89.5,0.2,286.4,64.18,Click and Collect
11247,2024-02-02,2024-02-03,Regular,East London,Eastern Cape,Kids Clothing,Pyjama Sets,4,504.3,0.15,1714.62,476.07,Express
11248,2021-01-03,2021-01-07,Regular,Sandton,Gauteng,Footwear,School Shoes,6,116.71,0.2,560.21,148.83,Click and Collect
11249,2022-10-15,2022-10-21,Regular,Pretoria,Gauteng,Kids Clothing,Pyjama Sets,5,226.76,0.3,793.66,147.43,Standard
11250,2024-03-02,2024-03-08,Loyalty Member,Polokwane,Limpopo,Footwear,Boots,3,393.12,0.15,1002.46,84.88,Express
11251,2024-12-21,2024-12-28,Wholesale,Soweto,Gauteng,Accessories,Belts,10,123.06,0.1,1107.54,94.65,Click and Collect
11252,2023-02-07,2023-02-09,Regular,Cape Town,Western Cape,Kids Clothing,Winter Jackets,6,453.61,0,2721.66,350.08,Click and Collect
11253,2024-02-15,2024-02-20,Regular,Tzaneen,Limpopo,Footwear,Sandals,2,129.08,0,258.16,20.68,Standard
11254,2024-04-27,2024-04-28,Regular,Tzaneen,Limpopo,Kids Clothing,Denim Jeans,6,280.75,0.05,1600.27,211.85,Standard
11255,2023-05-09,2023-05-14,Loyalty Member,Cape Town,Western Cape,Kids Clothing,Summer Dresses,7,238.95,0,1672.65,524.44,Standard
11256,2023-05-02,2023-05-04,Loyalty Member,Sandton,Gauteng,Kids Clothing,Denim Jeans,2,562.12,0.3,786.97,202.9,Standard
11257,2022-03-03,2022-03-04,Regular,Mthatha,Eastern Cape,Kids Clothing,Swimwear,10,362.48,0,3624.8,379.01,Standard
11258,2024-03-19,2024-03-24,Loyalty Member,Soweto,Gauteng,Footwear,Boots,4,475.52,0.05,1806.98,523.91,Standard
11259,2021-09-06,2021-09-11,Regular,Pietermaritzburg,KwaZulu-Natal,Kids Clothing,Denim Jeans,8,578.48,0,4627.84,917.6,Express
11260,2024-07-22,2024-07-23,Regular,Johannesburg,Gauteng,Accessories,Sun Hats,7,353.32,0,2473.24,708.4,Standard
11261,2021-07-18,2021-07-20,Regular,Cape Town,Western Cape,Footwear,Sneakers,3,132.96,0.2,319.1,77.51,Express
11262,2021-06-18,2021-06-22,Regular,Mokopane,Limpopo,Kids Clothing,Pyjama Sets,2,355.65,0,711.3,69.32,Standard
11263,2023-10-13,2023-10-17,Loyalty Member,Durban,KwaZulu-Natal,Kids Clothing,Pyjama Sets,5,208.96,0.1,940.32,252.01,Click and Collect
11264,2022-03-02,2022-03-09,Wholesale,Johannesburg,Gauteng,Footwear,Sandals,9,309.91,0.1,2510.27,506.49,Standard
11265,2022-05-20,2022-05-23,Regular,Mthatha,Eastern Cape,Footwear,School Shoes,5,265.86,0.3,930.51,289.37,Express
11266,2021-12-21,2021-12-25,Regular,Cape Town,Western Cape,Kids Clothing,Casual T-Shirts,7,332.58,0,2328.06,200.89,Express
11267,2023-07-25,2023-07-26,Loyalty Member,Polokwane,Limpopo,Footwear,Boots,8,400.32,0.3,2241.79,386.2,Standard
11268,2024-09-16,2024-09-22,Regular,Port Elizabeth,Eastern Cape,Kids Clothing,Casual T-Shirts,1,492.17,0.15,418.34,101.9,Standard
11269,2022-11-21,2022-11-28,Loyalty Member,Cape Town,Western Cape,Accessories,Scarves,7,283.28,0.15,1685.52,412.19,Standard
11270,2021-11-04,2021-11-06,Loyalty Member,Pretoria,Gauteng,Kids Clothing,Winter Jackets,5,217.11,0.2,868.44,165.49,Standard
11271,2022-06-27,2022-06-28,Loyalty Member,Durban,KwaZulu-Natal,Footwear,Sandals,9,466.07,0.1,3775.17,1017.36,Express
11272,2022-04-18,2022-04-23,Regular,Tzaneen,Limpopo,Kids Clothing,Pyjama Sets,6,184.17,0.15,939.27,237.99,Click and Collect
11273,2022-06-13,2022-06-15,Regular,Polokwane,Limpopo,Kids Clothing,Swimwear,4,264.1,0.15,897.94,93.86,Click and Collect
11274,2021-09-23,2021-09-27,Wholesale,Johannesburg,Gauteng,Kids Clothing,Winter Jackets,7,573.28,0.15,3411.02,285.68,Standard
11275,2024-11-10,2024-11-17,Regular,Johannesburg,Gauteng,Footwear,School Shoes,9,509.41,0,4584.69,1386.03,Standard
11276,2024-10-16,2024-10-18,Loyalty Member,Paarl,Western Cape,Kids Clothing,Summer Dresses,5,493.66,0,2468.3,694.22,Standard
11277,2023-02-11,2023-02-14,Loyalty Member,Sandton,Gauteng,Kids Clothing,Summer Dresses,3,275.72,0.05,785.8,217.05,Standard
11278,2021-04-26,2021-04-28,Regular,Sandton,Gauteng,Accessories,Scarves,3,444.53,0,1333.59,197.42,Express
11279,2021-01-25,2021-01-28,Loyalty Member,Stellenbosch,Western Cape,Accessories,School Bags,10,356.1,0,3561.0,802.0,Express
11280,2024-01-09,2024-01-12,Regular,Paarl,Western Cape,Accessories,Scarves,7,172.02,0,1204.14,366.59,Standard
11281,2024-07-02,2024-07-05,Regular,Mthatha,Eastern Cape,Footwear,Boots,9,314.52,0.1,2547.61,731.22,Standard
11282,2023-09-11,2023-09-17,Regular,East London,Eastern Cape,Kids Clothing,Denim Jeans,7,580.91,0.15,3456.41,929.86,Express
11283,2023-03-17,2023-03-19,Wholesale,Johannesburg,Gauteng,Footwear,Boots,6,101.95,0,611.7,178.49,Standard
11284,2023-06-21,2023-06-23,Regular,Pretoria,Gauteng,Kids Clothing,Pyjama Sets,2,496.65,0.15,844.3,81.57,Standard
11285,2023-08-02,2023-08-07,Regular,Paarl,Western Cape,Footwear,School Shoes,5,243.66,0.2,974.64,168.22,Express
11286,2024-03-16,2024-03-23,Regular,Durban,KwaZulu-Natal,Accessories,Hair Accessories,5,417.0,0,2085.0,540.55,Standard
11287,2022-06-10,2022-06-12,Regular,Polokwane,Limpopo,Footwear,Sandals,9,500.94,0,4508.46,1158.18,Standard
11288,2021-03-07,2021-03-12,Regular,Paarl,Western Cape,Kids Clothing,School Uniforms,1,281.35,0,281.35,82.3,Standard
11289,2024-05-16,2024-05-18,Regular,Paarl,Western Cape,Kids Clothing,Summer Dresses,8,295.05,0,2360.4,565.64,Standard
11290,2022-06-16,2022-06-20,Loyalty Member,Sandton,Gauteng,Kids Clothing,Summer Dresses,7,167.93,0,1175.51,185.85,Express
11291,2024-07-22,2024-07-27,Regular,Cape Town,Western Cape,Kids Clothing,Summer Dresses,8,578.78,0.3,3241.17,395.85,Standard
11292,2022-04-15,2022-04-22,Wholesale,Durban,KwaZulu-Natal,Footwear,Sandals,1,255.17,0,255.17,29.92,Click and Collect
11293,2022-12-14,2022-12-16,Regular,Mokopane,Limpopo,Kids Clothing,Swimwear,10,127.44,0.1,1146.96,156.8,Standard
11294,2022-03-11,2022-03-17,Loyalty Member,Pretoria,Gauteng,Accessories,Belts,4,252.3,0.1,908.28,130.82,Standard
11295,2024-12-24,2024-12-28,Regular,Stellenbosch,Western Cape,Accessories,Belts,6,222.13,0.1,1199.5,262.24,Click and Collect
11296,2024-10-23,2024-10-28,Loyalty Member,Stellenbosch,Western Cape,Footwear,Slippers,8,90.37,0,722.96,134.21,Standard
11297,2023-04-22,2023-04-27,Loyalty Member,Soweto,Gauteng,Kids Clothing,Pyjama Sets,6,159.52,0.05,909.26,101.26,Standard
11298,2021-03-26,2021-03-28,Regular,Johannesburg,Gauteng,Kids Clothing,School Uniforms,5,477.11,0.3,1669.88,376.69,Click and Collect
11299,2024-09-17,2024-09-22,Regular,East London,Eastern Cape,Kids Clothing,Pyjama Sets,6,429.35,0.15,2189.69,272.22,Express
11300,2024-01-26,2024-01-28,Regular,Polokwane,Limpopo,Kids Clothing,Winter Jackets,4,559.5,0,2238.0,616.62,Click and Collect
11301,2023-02-15,2023-02-16,Wholesale,Pretoria,Gauteng,Accessories,Belts,2,100.65,0,201.3,47.16,Standard
11302,2023-11-01,2023-11-02,Regular,Soweto,Gauteng,Accessories,Belts,4,117.91,0.05,448.06,133.88,Standard
11303,2024-02-07,2024-02-13,Loyalty Member,Johannesburg,Gauteng,Kids Clothing,Casual T-Shirts,1,411.98,0,411.98,44.38,Standard
11304,2024-07-15,2024-07-22,Regular,Durban,KwaZulu-Natal,Footwear,School Shoes,2,146.48,0.2,234.37,24.63,Click and Collect
11305,2021-02-20,2021-02-26,Loyalty Member,Cape Town,Western Cape,Footwear,Slippers,8,564.53,0.05,4290.43,1296.21,Express
11306,2022-01-10,2022-01-15,Regular,Stellenbosch,Western Cape,Kids Clothing,Pyjama Sets,3,321.23,0.1,867.32,231.05,Standard
11307,2023-03-04,2023-03-05,Loyalty Member,Soweto,Gauteng,Kids Clothing,Winter Jackets,1,382.98,0.15,325.53,102.76,Standard
11308,2023-07-05,2023-07-06,Regular,Mthatha,Eastern Cape,Footwear,Sneakers,7,517.22,0,3620.54,993.88,Express
11309,2021-04-23,2021-04-28,Regular,Sandton,Gauteng,Footwear,Boots,1,484.95,0.05,460.7,143.98,Standard
11310,2023-04-14,2023-04-17,Regular,Sandton,Gauteng,Footwear,Sandals,4,520.63,0.1,1874.27,573.46,Click and Collect
11311,2022-01-05,2022-01-09,Regular,Tzaneen,Limpopo,Footwear,Boots,4,373.34,0.1,1344.02,126.98,Standard
11312,2021-08-24,2021-08-28,Regular,Tzaneen,Limpopo,Kids Clothing,Casual T-Shirts,4,155.29,0.1,559.04,115.97,Click and Collect
11313,2021-06-11,2021-06-14,Loyalty Member,Polokwane,Limpopo,Footwear,School Shoes,4,446.61,0.1,1607.8,141.12,Standard
11314,2021-10-12,2021-10-16,Wholesale,Mokopane,Limpopo,Footwear,Sneakers,7,544.45,0.1,3430.04,787.19,Standard
11315,2023-06-10,2023-06-14,Regular,Port Elizabeth,Eastern Cape,Footwear,Sandals,5,324.49,0,1622.45,172.85,Standard
11316,2021-09-04,2021-09-05,Loyalty Member,Paarl,Western Cape,Kids Clothing,School Uniforms,8,292.31,0,2338.48,461.51,Standard
11317,2021-09-01,2021-09-06,Loyalty Member,Paarl,Western Cape,Kids Clothing,Summer Dresses,10,104.55,0,1045.5,328.09,Express
11318,2024-02-07,2024-02-12,Regular,Stellenbosch,Western Cape,Kids Clothing,Pyjama Sets,4,258.39,0,1033.56,284.35,Standard
11319,2023-08-10,2023-08-12,Regular,Port Elizabeth,Eastern Cape,Kids Clothing,School Uniforms,10,310.9,0.15,2642.65,548.63,Standard
11320,2023-08-14,2023-08-20,Regular,Sandton,Gauteng,Kids Clothing,Denim Jeans,1,259.22,0.05,246.26,55.57,Standard
11321,2024-05-27,2024-05-28,Loyalty Member,East London,Eastern Cape,Kids Clothing,Denim Jeans,2,356.55,0,713.1,176.76,Standard
11322,2021-01-09,2021-01-13,Regular,Johannesburg,Gauteng,Kids Clothing,Denim Jeans,1,474.1,0,474.1,43.68,Standard
11323,2024-02-09,2024-02-10,Regular,Paarl,Western Cape,Kids Clothing,Swimwear,9,123.65,0.1,1001.57,218.14,Standard
11324,2021-06-26,2021-06-28,Loyalty Member,Paarl,Western Cape,Kids Clothing,Denim Jeans,5,418.76,0.3,1465.66,444.13,Standard
11325,2024-11-08,2024-11-14,Loyalty Member,Stellenbosch,Western Cape,Footwear,Boots,7,396.52,0.1,2498.08,261.03,Click and Collect
11326,2021-03-07,2021-03-11,Regular,Johannesburg,Gauteng,Kids Clothing,Summer Dresses,4,512.77,0.15,1743.42,322.28,Standard
11327,2023-10-19,2023-10-20,Loyalty Member,Tzaneen,Limpopo,Kids Clothing,Swimwear,5,173.22,0.2,692.88,196.47,Click and Collect
11328,2022-01-07,2022-01-11,Loyalty Member,Stellenbosch,Western Cape,Kids Clothing,Summer Dresses,2,134.4,0,268.8,75.76,Express
11329,2021-11-26,2021-11-28,Loyalty Member,Durban,KwaZulu-Natal,Accessories,Belts,2,208.96,0.3,292.54,86.65,Click and Collect
11330,2021-08-01,2021-08-07,Loyalty Member,Mthatha,Eastern Cape,Accessories,Belts,1,504.81,0,504.81,157.97,Click and Collect
11331,2023-05-18,2023-05-20,Regular,Cape Town,Western Cape,Accessories,Scarves,9,350.7,0.05,2998.48,650.85,Standard
11332,2023-08-01,2023-08-06,Regular,Cape Town,Western Cape,Kids Clothing,Casual T-Shirts,6,330.37,0,1982.22,552.87,Standard
11333,2022-07-19,2022-07-20,Regular,Soweto,Gauteng,Footwear,School Shoes,3,349.56,0.3,734.08,177.53,Standard
11334,2022-10-22,2022-10-26,Regular,Pretoria,Gauteng,Footwear,Slippers,8,427.94,0,3423.52,493.37,Standard
11335,2022-12-04,2022-12-07,Loyalty Member,Port Elizabeth,Eastern Cape,Kids Clothing,Winter Jackets,7,111.45,0.05,741.14,90.78,Standard
11336,2022-06-24,2022-06-28,Loyalty Member,Soweto,Gauteng,Accessories,Hair Accessories,3,238.35,0,715.05,209.04,Click and Collect
11337,2023-10-13,2023-10-17,Wholesale,Sandton,Gauteng,Kids Clothing,Winter Jackets,8,349.97,0,2799.76,267.5,Standard
11338,2023-02-13,2023-02-15,Loyalty Member,Stellenbosch,Western Cape,Kids Clothing,Pyjama Sets,7,229.36,0,1605.52,128.57,Click and Collect
11339,2022-05-18,2022-05-22,Loyalty Member,Pretoria,Gauteng,Accessories,Sun Hats,5,290.55,0,1452.75,461.6,Express
11340,2024-10-19,2024-10-20,Regular,Johannesburg,Gauteng,Kids Clothing,Swimwear,2,388.11,0.05,737.41,122.31,Express
11341,2022-04-23,2022-04-27,Regular,Cape Town,Western Cape,Kids Clothing,School Uniforms,6,184.16,0.05,1049.71,95.01,Standard
11342,2021-07-11,2021-07-18,Wholesale,Port Elizabeth,Eastern Cape,Kids Clothing,Winter Jackets,5,341.75,0.1,1537.88,169.01,Standard
11343,2023-11-02,2023-11-09,Regular,Stellenbosch,Western Cape,Footwear,Boots,7,520.02,0.3,2548.1,665.93,Standard
11344,2021-09-05,2021-09-11,Regular,Johannesburg,Gauteng,Accessories,School Bags,7,324.48,0,2271.36,234.53,Standard
11345,2023-07-17,2023-07-24,Loyalty Member,Polokwane,Limpopo,Footwear,Boots,7,572.06,0.2,3203.54,730.25,Standard
11346,2022-12-19,2022-12-23,Regular,Richards Bay,KwaZulu-Natal,Accessories,Hair Accessories,10,248.3,0,2483.0,393.7,Standard
11347,2023-11-02,2023-11-03,Loyalty Member,Cape Town,Western Cape,Footwear,School Shoes,8,596.29,0.05,4531.8,1120.61,Standard
11348,2021-06-04,2021-06-05,Loyalty Member,Soweto,Gauteng,Kids Clothing,Swimwear,10,363.29,0.2,2906.32,376.99,Standard
11349,2024-12-21,2024-12-23,Regular,Paarl,Western Cape,Kids Clothing,School Uniforms,7,336.61,0,2356.27,202.51,Express
11350,2023-03-10,2023-03-15,Regular,Tzaneen,Limpopo,Kids Clothing,Casual T-Shirts,7,437.03,0.1,2753.29,739.32,Express
11351,2024-07-16,2024-07-20,Regular,Stellenbosch,Western Cape,Kids Clothing,Swimwear,5,249.52,0.15,1060.46,209.55,Standard
11352,2021-10-15,2021-10-22,Wholesale,Tzaneen,Limpopo,Kids Clothing,Denim Jeans,10,103.73,0,1037.3,143.36,Express
11353,2023-07-13,2023-07-20,Regular,Paarl,Western Cape,Kids Clothing,Pyjama Sets,5,116.64,0.2,466.56,108.16,Express
11354,2023-04-02,2023-04-03,Regular,Richards Bay,KwaZulu-Natal,Accessories,School Bags,3,166.6,0,499.8,155.53,Express
11355,2024-08-23,2024-08-28,Regular,Soweto,Gauteng,Kids Clothing,School Uniforms,7,103.15,0,722.05,88.42,Express
11356,2021-02-12,2021-02-19,Regular,Sandton,Gauteng,Kids Clothing,Casual T-Shirts,1,92.12,0,92.12,9.77,Standard
11357,2024-08-23,2024-08-27,Regular,Polokwane,Limpopo,Kids Clothing,Denim Jeans,10,539.06,0.15,4582.01,854.92,Express
11358,2021-05-15,2021-05-17,Loyalty Member,Tzaneen,Limpopo,Accessories,Hair Accessories,2,164.11,0,328.22,98.69,Standard
11359,2023-04-24,2023-04-28,Regular,East London,Eastern Cape,Kids Clothing,Denim Jeans,7,530.86,0,3716.02,708.6,Standard
11360,2022-06-09,2022-06-14,Regular,Cape Town,Western Cape,Kids Clothing,Swimwear,4,345.77,0.1,1244.77,207.74,Express
11361,2023-01-02,2023-01-08,Regular,Tzaneen,Limpopo,Kids Clothing,Pyjama Sets,8,261.65,0,2093.2,604.45,Express
11362,2021-02-05,2021-02-07,Wholesale,Paarl,Western Cape,Kids Clothing,Denim Jeans,10,479.33,0.3,3355.31,817.76,Express
11363,2021-08-15,2021-08-22,Regular,Pretoria,Gauteng,Kids Clothing,Pyjama Sets,3,338.54,0,1015.62,127.96,Express
11364,2024-11-06,2024-11-13,Regular,Stellenbosch,Western Cape,Kids Clothing,Denim Jeans,1,497.61,0,497.61,112.27,Standard
11365,2022-01-09,2022-01-12,Regular,Durban,KwaZulu-Natal,Footwear,Sandals,6,455.79,0,2734.74,393.87,Click and Collect
11366,2023-04-10,2023-04-11,Loyalty Member,Paarl,Western Cape,Footwear,Slippers,2,453.73,0.2,725.97,134.83,Standard
11367,2021-07-12,2021-07-14,Wholesale,Sandton,Gauteng,Accessories,Scarves,5,307.02,0.05,1458.34,403.48,Click and Collect
11368,2021-08-20,2021-08-25,Loyalty Member,Paarl,Western Cape,Kids Clothing,Pyjama Sets,6,211.87,0,1271.22,146.57,Standard
11369,2023-09-24,2023-09-28,Loyalty Member,Mthatha,Eastern Cape,Accessories,Belts,9,484.97,0,4364.73,669.8,Click and Collect
11370,2024-10-23,2024-10-25,Regular,Port Elizabeth,Eastern Cape,Kids Clothing,Summer Dresses,5,281.19,0,1405.95,385.87,Click and Collect
11371,2024-12-09,2024-12-11,Loyalty Member,Pretoria,Gauteng,Footwear,Slippers,8,171.99,0.05,1307.12,179.32,Express
11372,2022-02-21,2022-02-27,Regular,Johannesburg,Gauteng,Footwear,Slippers,4,590.54,0,2362.16,592.44,Standard
11373,2022-03-05,2022-03-06,Regular,Cape Town,Western Cape,Kids Clothing,School Uniforms,1,121.15,0.2,96.92,18.48,Standard
11374,2021-01-17,2021-01-24,Loyalty Member,Richards Bay,KwaZulu-Natal,Accessories,Hair Accessories,7,151.07,0,1057.49,292.16,Standard
11375,2024-02-10,2024-02-11,Loyalty Member,Port Elizabeth,Eastern Cape,Kids Clothing,Winter Jackets,4,415.99,0,1663.96,368.59,Express
11376,2024-05-14,2024-05-21,Loyalty Member,Richards Bay,KwaZulu-Natal,Kids Clothing,Winter Jackets,7,530.84,0.15,3158.5,883.41,Express
11377,2021-01-07,2021-01-13,Regular,Durban,KwaZulu-Natal,Footwear,Sandals,1,277.73,0.1,249.96,76.6,Click and Collect
11378,2024-08-27,2024-08-28,Regular,Johannesburg,Gauteng,Accessories,Hair Accessories,7,226.02,0,1582.14,131.52,Express
11379,2023-05-28,2023-05-28,Loyalty Member,Richards Bay,KwaZulu-Natal,Accessories,Sun Hats,5,89.81,0.3,314.33,66.01,Standard
11380,2023-10-16,2023-10-17,Regular,Johannesburg,Gauteng,Kids Clothing,Summer Dresses,7,303.04,0.05,2015.22,303.51,Standard
11381,2024-03-13,2024-03-18,Regular,Johannesburg,Gauteng,Kids Clothing,Denim Jeans,9,354.22,0,3187.98,616.54,Click and Collect
11382,2024-10-03,2024-10-06,Regular,Paarl,Western Cape,Kids Clothing,Swimwear,2,379.37,0.2,606.99,51.96,Standard
11383,2022-01-03,2022-01-05,Regular,Sandton,Gauteng,Accessories,Belts,10,374.12,0,3741.2,640.62,Standard
11384,2021-09-28,2021-09-28,Regular,Richards Bay,KwaZulu-Natal,Kids Clothing,School Uniforms,8,273.22,0.15,1857.9,581.83,Standard
11385,2024-08-10,2024-08-16,Regular,Paarl,Western Cape,Kids Clothing,Denim Jeans,3,488.87,0,1466.61,308.04,Express
11386,2022-05-03,2022-05-08,Wholesale,Pietermaritzburg,KwaZulu-Natal,Kids Clothing,Summer Dresses,3,160.87,0.3,337.83,54.13,Standard
11387,2024-01-26,2024-01-28,Loyalty Member,East London,Eastern Cape,Kids Clothing,Summer Dresses,2,508.89,0.15,865.11,210.61,Standard
11388,2021-06-14,2021-06-21,Loyalty Member,Johannesburg,Gauteng,Kids Clothing,Swimwear,6,342.44,0,2054.64,514.63,Standard
11389,2021-02-21,2021-02-25,Loyalty Member,Paarl,Western Cape,Kids Clothing,School Uniforms,8,176.56,0,1412.48,207.39,Click and Collect
11390,2022-09-06,2022-09-11,Loyalty Member,Richards Bay,KwaZulu-Natal,Kids Clothing,School Uniforms,2,336.59,0,673.18,79.85,Standard
11391,2024-04-03,2024-04-05,Regular,Polokwane,Limpopo,Accessories,Scarves,1,334.55,0,334.55,89.9,Click and Collect
11392,2021-02-04,2021-02-09,Loyalty Member,Johannesburg,Gauteng,Footwear,School Shoes,2,249.64,0.2,399.42,39.71,Click and Collect
11393,2023-04-27,2023-04-28,Loyalty Member,Durban,KwaZulu-Natal,Kids Clothing,School Uniforms,1,324.81,0.2,259.85,57.81,Express
11394,2021-08-09,2021-08-15,Regular,Mthatha,Eastern Cape,Kids Clothing,Swimwear,5,375.5,0.15,1595.88,395.44,Standard
11395,2022-10-17,2022-10-21,Loyalty Member,Pretoria,Gauteng,Kids Clothing,Summer Dresses,10,220.12,0.3,1540.84,406.53,Standard
11396,2021-10-26,2021-10-28,Wholesale,Pretoria,Gauteng,Kids Clothing,Winter Jackets,9,131.15,0,1180.35,104.49,Standard
11397,2022-06-25,2022-06-28,Regular,Pietermaritzburg,KwaZulu-Natal,Kids Clothing,Casual T-Shirts,5,197.8,0.15,840.65,155.59,Standard
11398,2022-06-28,2022-06-28,Regular,Johannesburg,Gauteng,Kids Clothing,Denim Jeans,7,108.85,0.2,609.56,114.28,Standard
11399,2022-12-09,2022-12-12,Regular,Mokopane,Limpopo,Kids Clothing,Summer Dresses,6,497.1,0.2,2386.08,718.38,Express
11400,2023-07-05,2023-07-10,Regular,Stellenbosch,Western Cape,Footwear,Sneakers,1,289.67,0.3,202.77,46.39,Standard
11401,2023-07-06,2023-07-08,Loyalty Member,Johannesburg,Gauteng,Kids Clothing,Winter Jackets,6,143.64,0.3,603.29,139.33,Standard
11402,2021-11-20,2021-11-21,Wholesale,Port Elizabeth,Eastern Cape,Accessories,Hair Accessories,9,569.12,0,5122.08,1148.61,Express
11403,2022-06-26,2022-06-28,Loyalty Member,Pietermaritzburg,KwaZulu-Natal,Kids Clothing,Pyjama Sets,3,174.78,0,524.34,93.05,Express
11404,2022-06-27,2022-06-28,Loyalty Member,Durban,KwaZulu-Natal,Accessories,School Bags,3,181.94,0.15,463.95,124.52,Click and Collect
11405,2023-01-01,2023-01-03,Wholesale,Mthatha,Eastern Cape,Kids Clothing,School Uniforms,6,198.45,0,1190.7,354.31,Standard
11406,2023-08-21,2023-08-26,Regular,Soweto,Gauteng,Accessories,Hair Accessories,2,479.14,0.05,910.37,257.35,Standard
11407,2021-06-23,2021-06-28,Loyalty Member,Sandton,Gauteng,Accessories,School Bags,1,93.96,0.2,75.17,11.21,Express
11408,2022-05-25,2022-05-28,Loyalty Member,Paarl,Western Cape,Kids Clothing,Winter Jackets,6,153.29,0,919.74,267.45,Standard
11409,2023-02-03,2023-02-08,Wholesale,Johannesburg,Gauteng,Accessories,Scarves,10,403.47,0,4034.7,1252.22,Standard
11410,2022-06-22,2022-06-27,Regular,Johannesburg,Gauteng,Kids Clothing,School Uniforms,7,580.51,0,4063.57,953.27,Standard
11411,2024-09-02,2024-09-03,Regular,Soweto,Gauteng,Kids Clothing,Pyjama Sets,4,597.02,0.1,2149.27,530.12,Standard
11412,2022-11-07,2022-11-12,Loyalty Member,East London,Eastern Cape,Accessories,Scarves,4,99.46,0.2,318.27,62.95,Standard
11413,2022-06-11,2022-06-12,Regular,Paarl,Western Cape,Kids Clothing,Casual T-Shirts,4,591.54,0.15,2011.24,284.04,Click and Collect
11414,2022-05-04,2022-05-08,Loyalty Member,Pretoria,Gauteng,Footwear,Slippers,3,200.61,0.05,571.74,87.96,Click and Collect
11415,2021-01-24,2021-01-28,Loyalty Member,Cape Town,Western Cape,Accessories,School Bags,6,213.59,0.2,1025.23,207.61,Standard
11416,2022-02-03,2022-02-07,Loyalty Member,Pretoria,Gauteng,Footwear,School Shoes,5,546.16,0.15,2321.18,719.21,Click and Collect
11417,2024-06-25,2024-06-28,Regular,Soweto,Gauteng,Kids Clothing,Summer Dresses,2,176.21,0.2,281.94,43.65,Standard
11418,2022-04-14,2022-04-20,Loyalty Member,Port Elizabeth,Eastern Cape,Accessories,Sun Hats,8,277.72,0,2221.76,219.19,Standard
11419,2024-01-23,2024-01-28,Regular,Stellenbosch,Western Cape,Footwear,Sandals,4,452.98,0,1811.92,223.63,Standard
11420,2022-02-21,2022-02-28,Regular,Richards Bay,KwaZulu-Natal,Kids Clothing,Denim Jeans,2,355.35,0.3,497.49,126.1,Express
11421,2021-07-04,2021-07-11,Regular,Stellenbosch,Western Cape,Kids Clothing,Denim Jeans,9,130.59,0.15,999.01,216.34,Standard
11422,2024-03-23,2024-03-28,Regular,Paarl,Western Cape,Footwear,Sneakers,4,333.16,0.05,1266.01,121.69,Click and Collect
11423,2022-09-19,2022-09-23,Regular,Mthatha,Eastern Cape,Accessories,Scarves,1,424.25,0,424.25,51.06,Express
11424,2022-01-02,2022-01-04,Regular,Sandton,Gauteng,Footwear,Sandals,3,426.87,0,1280.61,120.63,Standard
11425,2023-08-09,2023-08-15,Wholesale,Cape Town,Western Cape,Accessories,School Bags,2,303.94,0.15,516.7,112.92,Express
11426,2021-11-05,2021-11-11,Regular,Durban,KwaZulu-Natal,Footwear,School Shoes,5,566.92,0,2834.6,375.77,Standard
11427,2024-08-12,2024-08-19,Loyalty Member,Mokopane,Limpopo,Kids Clothing,Pyjama Sets,4,110.13,0,440.52,88.46,Standard
11428,2021-07-09,2021-07-13,Wholesale,Paarl,Western Cape,Kids Clothing,Pyjama Sets,10,206.71,0.3,1446.97,274.43,Standard
11429,2021-10-18,2021-10-20,Loyalty Member,Cape Town,Western Cape,Footwear,Slippers,2,301.01,0,602.02,116.02,Standard
11430,2021-03-19,2021-03-25,Regular,Polokwane,Limpopo,Footwear,Sneakers,4,518.49,0.1,1866.56,179.29,Standard
11431,2022-03-19,2022-03-20,Wholesale,Port Elizabeth,Eastern Cape,Kids Clothing,School Uniforms,9,117.5,0.2,846.0,180.81,Standard
11432,2024-07-15,2024-07-22,Regular,Port Elizabeth,Eastern Cape,Footwear,Sandals,2,379.87,0.2,607.79,101.44,Standard
11433,2023-05-10,2023-05-16,Regular,Stellenbosch,Western Cape,Kids Clothing,Winter Jackets,10,481.81,0.05,4577.19,989.65,Standard
11434,2023-11-20,2023-11-24,Regular,Cape Town,Western Cape,Kids Clothing,Summer Dresses,7,538.85,0,3771.95,381.84,Click and Collect
11435,2023-04-26,2023-04-28,Regular,Richards Bay,KwaZulu-Natal,Footwear,Sneakers,5,432.49,0,2162.45,525.48,Click and Collect
11436,2021-09-24,2021-09-28,Wholesale,Mokopane,Limpopo,Footwear,Slippers,7,164.23,0.05,1092.13,277.23,Click and Collect
11437,2021-11-20,2021-11-25,Regular,Pietermaritzburg,KwaZulu-Natal,Kids Clothing,Swimwear,4,541.55,0.1,1949.58,599.18,Click and Collect
11438,2022-06-22,2022-06-23,Regular,Pretoria,Gauteng,Kids Clothing,Summer Dresses,1,501.55,0.05,476.47,46.99,Express
11439,2023-11-17,2023-11-21,Wholesale,Sandton,Gauteng,Kids Clothing,Swimwear,8,485.96,0.2,3110.14,932.65,Standard
11440,2023-08-11,2023-08-18,Loyalty Member,Sandton,Gauteng,Accessories,Scarves,4,272.85,0.05,1036.83,191.59,Standard
11441,2023-07-13,2023-07-19,Wholesale,Soweto,Gauteng,Kids Clothing,Summer Dresses,5,153.5,0,767.5,124.63,Standard
11442,2021-10-11,2021-10-18,Regular,Tzaneen,Limpopo,Footwear,Sandals,7,392.93,0.15,2337.93,628.36,Standard
11443,2024-07-10,2024-07-17,Loyalty Member,Johannesburg,Gauteng,Kids Clothing,Casual T-Shirts,5,158.72,0.15,674.56,179.74,Standard
11444,2021-05-06,2021-05-10,Regular,Stellenbosch,Western Cape,Footwear,Sneakers,9,386.6,0.05,3305.43,893.24,Standard
11445,2024-02-10,2024-02-17,Regular,Sandton,Gauteng,Footwear,Boots,10,299.45,0.3,2096.15,281.39,Click and Collect
11446,2021-01-18,2021-01-24,Regular,Durban,KwaZulu-Natal,Kids Clothing,Winter Jackets,3,161.47,0,484.41,47.98,Express
11447,2024-02-18,2024-02-21,Regular,Pretoria,Gauteng,Accessories,Scarves,3,309.8,0.3,650.58,92.61,Express
11448,2024-01-04,2024-01-08,Loyalty Member,Cape Town,Western Cape,Accessories,School Bags,9,298.57,0.15,2284.06,662.55,Express
11449,2022-08-15,2022-08-19,Regular,Stellenbosch,Western Cape,Kids Clothing,Summer Dresses,4,327.7,0,1310.8,192.53,Standard
11450,2021-11-23,2021-11-26,Wholesale,East London,Eastern Cape,Kids Clothing,Winter Jackets,6,420.03,0,2520.18,223.61,Click and Collect
11451,2024-11-06,2024-11-12,Regular,Stellenbosch,Western Cape,Kids Clothing,Swimwear,4,150.16,0,600.64,135.15,Standard
11452,2021-04-25,2021-04-28,Regular,Johannesburg,Gauteng,Kids Clothing,School Uniforms,4,151.03,0.2,483.3,110.86,Standard
11453,2022-09-25,2022-09-28,Regular,Paarl,Western Cape,Footwear,Slippers,8,488.89,0.15,3324.45,367.94,Standard
11454,2023-11-22,2023-11-24,Regular,Port Elizabeth,Eastern Cape,Footwear,Boots,4,445.65,0.05,1693.47,498.67,Express
11455,2022-01-10,2022-01-13,Loyalty Member,Mthatha,Eastern Cape,Accessories,Sun Hats,6,204.01,0.05,1162.86,211.15,Standard
11456,2023-01-16,2023-01-20,Loyalty Member,Cape Town,Western Cape,Kids Clothing,Denim Jeans,3,287.44,0.3,603.62,162.43,Standard
11457,2022-04-13,2022-04-14,Regular,Stellenbosch,Western Cape,Kids Clothing,Winter Jackets,9,202.35,0,1821.15,454.31,Click and Collect
11458,2024-11-26,2024-11-28,Loyalty Member,Richards Bay,KwaZulu-Natal,Kids Clothing,Winter Jackets,7,333.02,0.15,1981.47,369.0,Standard
11459,2022-04-07,2022-04-13,Wholesale,Polokwane,Limpopo,Accessories,Belts,1,412.72,0.1,371.45,52.34,Standard
11460,2022-12-27,2022-12-28,Loyalty Member,Mokopane,Limpopo,Kids Clothing,Winter Jackets,7,118.15,0,827.05,229.14,Express
11461,2023-04-12,2023-04-18,Regular,Stellenbosch,Western Cape,Accessories,Hair Accessories,4,123.0,0,492.0,102.13,Standard
11462,2024-05-04,2024-05-11,Loyalty Member,Stellenbosch,Western Cape,Kids Clothing,Denim Jeans,5,482.81,0.15,2051.94,237.28,Click and Collect
11463,2021-04-25,2021-04-28,Regular,Paarl,Western Cape,Footwear,Boots,4,380.16,0.3,1064.45,252.96,Standard
11464,2023-12-09,2023-12-16,Regular,Sandton,Gauteng,Kids Clothing,Swimwear,3,566.76,0,1700.28,286.31,Standard
11465,2023-02-03,2023-02-08,Regular,Richards Bay,KwaZulu-Natal,Kids Clothing,School Uniforms,10,565.01,0,5650.1,1233.39,Standard
11466,2022-10-11,2022-10-15,Loyalty Member,Sandton,Gauteng,Kids Clothing,Swimwear,1,502.71,0,502.71,70.82,Standard
11467,2022-11-01,2022-11-02,Regular,Richards Bay,KwaZulu-Natal,Kids Clothing,Pyjama Sets,2,165.33,0,330.66,101.11,Standard
11468,2024-10-13,2024-10-17,Regular,Soweto,Gauteng,Kids Clothing,Denim Jeans,8,198.97,0,1591.76,290.22,Click and Collect
11469,2022-02-26,2022-02-28,Regular,Polokwane,Limpopo,Footwear,School Shoes,8,578.16,0.3,3237.7,763.12,Standard
11470,2022-11-07,2022-11-13,Loyalty Member,Richards Bay,KwaZulu-Natal,Kids Clothing,Denim Jeans,2,410.28,0.2,656.45,104.32,Standard
11471,2023-03-08,2023-03-09,Regular,Cape Town,Western Cape,Kids Clothing,Swimwear,1,484.04,0.3,338.83,92.78,Standard
11472,2023-10-21,2023-10-25,Regular,Pietermaritzburg,KwaZulu-Natal,Footwear,School Shoes,3,303.64,0.3,637.64,111.56,Standard
11473,2024-08-13,2024-08-16,Wholesale,Soweto,Gauteng,Accessories,School Bags,7,505.27,0.2,2829.51,831.1,Standard
11474,2021-05-28,2021-05-28,Regular,Stellenbosch,Western Cape,Kids Clothing,Summer Dresses,8,190.58,0.2,1219.71,383.0,Standard
11475,2022-08-15,2022-08-16,Loyalty Member,Paarl,Western Cape,Kids Clothing,Denim Jeans,7,202.6,0.05,1347.29,123.8,Standard
11476,2024-12-01,2024-12-03,Regular,Johannesburg,Gauteng,Kids Clothing,Casual T-Shirts,4,306.55,0.05,1164.89,369.26,Click and Collect
11477,2023-09-20,2023-09-27,Loyalty Member,Sandton,Gauteng,Kids Clothing,Winter Jackets,7,424.3,0.05,2821.59,427.89,Standard
11478,2023-05-24,2023-05-26,Loyalty Member,Sandton,Gauteng,Footwear,Sneakers,10,150.87,0.05,1433.26,373.67,Standard
11479,2023-05-19,2023-05-23,Loyalty Member,Sandton,Gauteng,Kids Clothing,Denim Jeans,9,176.38,0.05,1508.05,137.92,Standard
11480,2024-03-20,2024-03-26,Wholesale,Pretoria,Gauteng,Footwear,Slippers,9,386.14,0.1,3127.73,325.1,Standard
11481,2021-10-15,2021-10-17,Regular,Cape Town,Western Cape,Kids Clothing,School Uniforms,8,255.68,0.15,1738.62,219.5,Express
11482,2024-06-11,2024-06-15,Loyalty Member,Port Elizabeth,Eastern Cape,Kids Clothing,Summer Dresses,1,110.88,0.1,99.79,21.56,Express
11483,2024-02-05,2024-02-11,Regular,Richards Bay,KwaZulu-Natal,Kids Clothing,Pyjama Sets,6,143.38,0,860.28,110.95,Click and Collect
11484,2023-07-28,2023-07-28,Regular,Soweto,Gauteng,Kids Clothing,Pyjama Sets,8,580.56,0.2,3715.58,1162.99,Standard
11485,2022-02-09,2022-02-15,Regular,Sandton,Gauteng,Footwear,Boots,7,201.86,0,1413.02,188.61,Standard
11486,2023-01-07,2023-01-10,Loyalty Member,Port Elizabeth,Eastern Cape,Kids Clothing,Pyjama Sets,3,106.08,0.05,302.33,38.33,Standard
11487,2022-05-14,2022-05-16,Regular,Durban,KwaZulu-Natal,Footwear,Slippers,7,346.26,0.2,1939.06,518.78,Standard
11488,2021-01-18,2021-01-25,Regular,Mthatha,Eastern Cape,Footwear,Sandals,10,527.78,0.2,4222.24,1101.09,Click and Collect
11489,2022-11-03,2022-11-09,Regular,Pietermaritzburg,KwaZulu-Natal,Kids Clothing,Casual T-Shirts,5,185.05,0,925.25,141.1,Express
11490,2021-03-08,2021-03-13,Wholesale,Pietermaritzburg,KwaZulu-Natal,Kids Clothing,Swimwear,9,399.85,0.1,3238.79,587.22,Standard
11491,2024-06-24,2024-06-28,Regular,Durban,KwaZulu-Natal,Kids Clothing,Summer Dresses,10,493.54,0,4935.4,556.27,Standard
11492,2024-10-04,2024-10-06,Regular,Cape Town,Western Cape,Kids Clothing,Winter Jackets,7,327.91,0,2295.37,588.02,Standard
11493,2024-08-12,2024-08-19,Regular,Stellenbosch,Western Cape,Kids Clothing,Denim Jeans,6,471.96,0.15,2407.0,336.47,Express
11494,2022-05-21,2022-05-24,Wholesale,Cape Town,Western Cape,Kids Clothing,Summer Dresses,10,372.63,0.1,3353.67,925.13,Standard
11495,2021-04-09,2021-04-15,Regular,Port Elizabeth,Eastern Cape,Kids Clothing,Casual T-Shirts,2,571.74,0,1143.48,116.42,Express
11496,2022-11-26,2022-11-28,Regular,Sandton,Gauteng,Footwear,Boots,5,425.88,0.3,1490.58,380.27,Click and Collect
11497,2024-11-21,2024-11-27,Regular,Sandton,Gauteng,Footwear,Slippers,3,561.09,0,1683.27,290.73,Express
11498,2022-09-28,2022-09-28,Regular,Paarl,Western Cape,Kids Clothing,Denim Jeans,2,180.74,0.15,307.26,68.74,Express
11499,2023-07-13,2023-07-20,Wholesale,Sandton,Gauteng,Footwear,Sandals,4,336.59,0.05,1279.04,240.88,Express
11500,2021-03-04,2021-03-06,Regular,Cape Town,Western Cape,Kids Clothing,Denim Jeans,1,209.21,0.15,177.83,56.16,Standard
11501,2021-11-03,2021-11-07,Regular,East London,Eastern Cape,Kids Clothing,Pyjama Sets,4,394.11,0.15,1339.97,140.5,Click and Collect
11502,2023-12-12,2023-12-14,Regular,Johannesburg,Gauteng,Kids Clothing,Summer Dresses,8,571.13,0.1,4112.14,575.48,Standard
11503,2022-03-01,2022-03-04,Regular,Port Elizabeth,Eastern Cape,Kids Clothing,Casual T-Shirts,6,438.4,0.1,2367.36,525.23,Express
11504,2022-04-24,2022-04-28,Loyalty Member,Paarl,Western Cape,Kids Clothing,Winter Jackets,5,243.04,0,1215.2,186.09,Express
11505,2024-09-20,2024-09-25,Regular,Polokwane,Limpopo,Kids Clothing,Summer Dresses,1,527.69,0.2,422.15,111.38,Express
11506,2021-10-25,2021-10-28,Regular,Soweto,Gauteng,Footwear,Sandals,7,306.84,0.05,2040.49,241.57,Click and Collect
11507,2023-07-08,2023-07-11,Regular,Stellenbosch,Western Cape,Footwear,Sandals,6,378.29,0,2269.74,409.48,Click and Collect
11508,2023-09-03,2023-09-05,Regular,Port Elizabeth,Eastern Cape,Kids Clothing,Pyjama Sets,3,165.96,0.1,448.09,48.43,Standard
11509,2024-04-02,2024-04-04,Loyalty Member,Sandton,Gauteng,Footwear,Boots,4,311.3,0.3,871.64,209.55,Express
11510,2024-03-27,2024-03-28,Loyalty Member,Richards Bay,KwaZulu-Natal,Kids Clothing,Casual T-Shirts,7,127.76,0.1,804.89,184.84,Standard
11511,2023-02-07,2023-02-09,Loyalty Member,Durban,KwaZulu-Natal,Footwear,School Shoes,1,228.03,0.05,216.63,53.95,Standard
11512,2021-03-28,2021-03-28,Loyalty Member,Cape Town,Western Cape,Kids Clothing,Winter Jackets,9,427.0,0,3843.0,963.42,Standard
11513,2024-09-14,2024-09-19,Regular,Soweto,Gauteng,Kids Clothing,Swimwear,10,144.96,0.15,1232.16,176.09,Standard
11514,2024-05-10,2024-05-17,Regular,Paarl,Western Cape,Footwear,Sandals,10,562.32,0.3,3936.24,732.69,Standard
11515,2022-06-17,2022-06-20,Loyalty Member,Pietermaritzburg,KwaZulu-Natal,Kids Clothing,Swimwear,7,470.96,0,3296.72,735.14,Express
11516,2022-05-22,2022-05-24,Loyalty Member,Cape Town,Western Cape,Kids Clothing,Summer Dresses,3,127.3,0,381.9,32.12,Express
11517,2021-05-06,2021-05-11,Loyalty Member,Pretoria,Gauteng,Kids Clothing,Pyjama Sets,8,567.21,0,4537.68,461.08,Click and Collect
11518,2024-03-27,2024-03-28,Loyalty Member,Sandton,Gauteng,Kids Clothing,Pyjama Sets,3,350.98,0.05,1000.29,106.65,Standard
11519,2021-04-14,2021-04-18,Loyalty Member,Pretoria,Gauteng,Kids Clothing,Winter Jackets,4,470.48,0.15,1599.63,202.22,Standard
11520,2021-01-11,2021-01-17,Regular,Cape Town,Western Cape,Accessories,Sun Hats,9,450.99,0.15,3450.07,734.02,Standard
11521,2024-10-06,2024-10-12,Regular,Richards Bay,KwaZulu-Natal,Kids Clothing,Denim Jeans,7,172.65,0.3,845.98,221.23,Click and Collect
11522,2022-03-28,2022-03-28,Loyalty Member,Polokwane,Limpopo,Kids Clothing,Casual T-Shirts,4,198.39,0.3,555.49,98.77,Express
11523,2023-11-04,2023-11-10,Regular,Tzaneen,Limpopo,Kids Clothing,Summer Dresses,7,370.6,0,2594.2,208.05,Standard
11524,2022-11-17,2022-11-24,Loyalty Member,Cape Town,Western Cape,Kids Clothing,Pyjama Sets,9,522.07,0.05,4463.7,731.33,Standard
11525,2021-09-16,2021-09-19,Wholesale,Richards Bay,KwaZulu-Natal,Kids Clothing,Casual T-Shirts,8,285.68,0,2285.44,414.57,Express
11526,2023-10-06,2023-10-07,Regular,Richards Bay,KwaZulu-Natal,Accessories,Scarves,4,481.87,0,1927.48,370.27,Standard
11527,2024-02-15,2024-02-20,Wholesale,Pietermaritzburg,KwaZulu-Natal,Kids Clothing,Swimwear,9,417.06,0.1,3378.19,553.98,Standard
11528,2021-12-27,2021-12-28,Regular,Stellenbosch,Western Cape,Footwear,Boots,9,285.08,0,2565.72,581.89,Standard
11529,2021-03-11,2021-03-15,Regular,Paarl,Western Cape,Kids Clothing,Summer Dresses,6,255.34,0.1,1378.84,332.41,Express
11530,2021-08-24,2021-08-27,Loyalty Member,Mthatha,Eastern Cape,Kids Clothing,Winter Jackets,8,161.79,0.2,1035.46,187.97,Click and Collect
11531,2023-02-25,2023-02-28,Regular,Soweto,Gauteng,Kids Clothing,Denim Jeans,10,322.22,0.3,2255.54,318.43,Standard
11532,2023-07-09,2023-07-10,Loyalty Member,Polokwane,Limpopo,Footwear,Sneakers,2,298.59,0.05,567.32,84.73,Standard
11533,2023-04-13,2023-04-19,Wholesale,Johannesburg,Gauteng,Kids Clothing,Denim Jeans,9,103.26,0.1,836.41,130.35,Express
11534,2022-11-21,2022-11-26,Regular,Port Elizabeth,Eastern Cape,Kids Clothing,Swimwear,1,172.65,0,172.65,53.64,Standard
11535,2024-05-18,2024-05-23,Loyalty Member,Port Elizabeth,Eastern Cape,Kids Clothing,Denim Jeans,5,271.87,0,1359.35,360.01,Standard
11536,2022-11-26,2022-11-27,Loyalty Member,Sandton,Gauteng,Kids Clothing,Summer Dresses,10,392.45,0.3,2747.15,392.45,Click and Collect
11537,2021-09-12,2021-09-16,Regular,Polokwane,Limpopo,Accessories,Hair Accessories,6,555.75,0,3334.5,267.27,Standard
11538,2023-12-13,2023-12-20,Loyalty Member,Durban,KwaZulu-Natal,Accessories,Belts,6,417.98,0,2507.88,749.05,Click and Collect
11539,2024-05-04,2024-05-09,Loyalty Member,Pretoria,Gauteng,Accessories,Scarves,7,317.9,0,2225.3,446.48,Standard
11540,2021-11-04,2021-11-09,Loyalty Member,Soweto,Gauteng,Footwear,School Shoes,2,410.82,0.05,780.56,142.57,Click and Collect
11541,2021-01-08,2021-01-11,Wholesale,East London,Eastern Cape,Kids Clothing,Denim Jeans,10,567.45,0.2,4539.6,890.43,Express
11542,2024-09-13,2024-09-20,Regular,Port Elizabeth,Eastern Cape,Kids Clothing,Summer Dresses,3,148.58,0.15,378.88,85.89,Standard
11543,2024-03-11,2024-03-15,Wholesale,Durban,KwaZulu-Natal,Kids Clothing,Denim Jeans,1,258.21,0.05,245.3,74.49,Express
11544,2023-08-26,2023-08-27,Regular,Sandton,Gauteng,Kids Clothing,Denim Jeans,5,438.21,0.15,1862.39,315.43,Standard
11545,2024-06-06,2024-06-07,Regular,Port Elizabeth,Eastern Cape,Kids Clothing,Casual T-Shirts,2,583.42,0.1,1050.16,167.95,Standard
11546,2021-03-23,2021-03-28,Regular,Mthatha,Eastern Cape,Footwear,Boots,3,424.79,0,1274.37,386.55,Standard
11547,2024-04-25,2024-04-28,Regular,Stellenbosch,Western Cape,Kids Clothing,Winter Jackets,9,416.69,0.05,3562.7,813.0,Standard
11548,2023-09-11,2023-09-13,Regular,Paarl,Western Cape,Footwear,Sneakers,3,452.53,0.15,1153.95,120.4,Standard
11549,2023-08-12,2023-08-17,Regular,Cape Town,Western Cape,Accessories,Belts,1,274.27,0,274.27,38.95,Standard
11550,2023-08-08,2023-08-15,Regular,Pretoria,Gauteng,Kids Clothing,Casual T-Shirts,9,462.22,0.1,3743.98,400.28,Express
11551,2024-02-12,2024-02-17,Regular,Soweto,Gauteng,Kids Clothing,Denim Jeans,4,107.69,0.05,409.22,80.7,Standard
11552,2022-04-04,2022-04-09,Loyalty Member,Cape Town,Western Cape,Kids Clothing,Summer Dresses,4,510.0,0,2040.0,372.32,Standard
11553,2024-09-18,2024-09-20,Regular,Mthatha,Eastern Cape,Footwear,Boots,9,331.36,0,2982.24,442.74,Standard
11554,2022-06-22,2022-06-23,Regular,Johannesburg,Gauteng,Kids Clothing,Winter Jackets,4,561.56,0.05,2133.93,417.89,Express
11555,2021-02-17,2021-02-22,Regular,East London,Eastern Cape,Kids Clothing,Winter Jackets,5,532.37,0.3,1863.29,188.25,Standard
11556,2024-03-19,2024-03-26,Wholesale,Johannesburg,Gauteng,Kids Clothing,Swimwear,7,158.64,0.1,999.43,293.11,Express
11557,2024-05-11,2024-05-12,Loyalty Member,Richards Bay,KwaZulu-Natal,Kids Clothing,School Uniforms,2,113.59,0.15,193.1,37.68,Standard
11558,2022-11-23,2022-11-26,Regular,Paarl,Western Cape,Kids Clothing,Pyjama Sets,9,237.16,0.1,1921.0,232.15,Standard
11559,2023-12-17,2023-12-24,Loyalty Member,Soweto,Gauteng,Kids Clothing,Denim Jeans,6,509.18,0.3,2138.56,339.74,Express
11560,2023-09-05,2023-09-10,Regular,Richards Bay,KwaZulu-Natal,Kids Clothing,Casual T-Shirts,10,325.01,0,3250.1,899.63,Standard
11561,2022-11-20,2022-11-27,Regular,Johannesburg,Gauteng,Accessories,Belts,9,241.62,0.1,1957.12,591.26,Express
11562,2023-04-14,2023-04-18,Regular,Durban,KwaZulu-Natal,Kids Clothing,Denim Jeans,2,131.33,0.05,249.53,58.18,Standard
11563,2023-07-28,2023-07-28,Loyalty Member,Cape Town,Western Cape,Footwear,Boots,9,129.69,0.15,992.13,216.63,Click and Collect
11564,2021-12-26,2021-12-28,Loyalty Member,Richards Bay,KwaZulu-Natal,Footwear,School Shoes,8,327.69,0,2621.52,442.77,Standard
11565,2024-07-19,2024-07-21,Regular,Stellenbosch,Western Cape,Footwear,Sneakers,9,363.62,0,3272.58,854.44,Standard
11566,2021-11-11,2021-11-13,Regular,Stellenbosch,Western Cape,Footwear,School Shoes,10,211.98,0,2119.8,174.89,Click and Collect
11567,2022-10-16,2022-10-19,Regular,Stellenbosch,Western Cape,Kids Clothing,Casual T-Shirts,1,381.72,0.15,324.46,90.31,Express
11568,2021-01-10,2021-01-13,Regular,Cape Town,Western Cape,Footwear,Sandals,7,124.54,0.15,741.01,225.15,Express
11569,2024-04-13,2024-04-20,Regular,Soweto,Gauteng,Footwear,Slippers,10,293.48,0.05,2788.06,362.88,Standard
11570,2021-12-01,2021-12-07,Wholesale,Sandton,Gauteng,Accessories,Hair Accessories,2,276.03,0.1,496.85,93.45,Standard
11571,2023-07-27,2023-07-28,Loyalty Member,Stellenbosch,Western Cape,Kids Clothing,Swimwear,2,140.64,0.1,253.15,35.2,Click and Collect
11572,2021-11-05,2021-11-12,Regular,Pretoria,Gauteng,Kids Clothing,School Uniforms,3,366.8,0.2,880.32,281.02,Express
11573,2024-01-11,2024-01-13,Regular,Johannesburg,Gauteng,Kids Clothing,School Uniforms,7,128.04,0,896.28,205.81,Express
11574,2023-11-07,2023-11-10,Regular,Sandton,Gauteng,Kids Clothing,Winter Jackets,2,108.11,0,216.22,24.32,Click and Collect
11575,2021-05-05,2021-05-09,Regular,Soweto,Gauteng,Accessories,School Bags,5,412.22,0.1,1854.99,350.2,Standard
11576,2022-10-11,2022-10-18,Loyalty Member,Cape Town,Western Cape,Kids Clothing,School Uniforms,7,341.6,0.1,2152.08,531.22,Click and Collect
11577,2021-10-06,2021-10-08,Wholesale,Sandton,Gauteng,Kids Clothing,Swimwear,5,533.3,0.15,2266.53,242.18,Express
11578,2023-09-24,2023-09-28,Regular,Stellenbosch,Western Cape,Kids Clothing,Summer Dresses,1,416.32,0.2,333.06,91.08,Click and Collect
11579,2021-02-25,2021-02-28,Loyalty Member,East London,Eastern Cape,Footwear,School Shoes,4,244.58,0.05,929.4,206.1,Express
11580,2021-09-16,2021-09-18,Loyalty Member,Soweto,Gauteng,Kids Clothing,Denim Jeans,4,462.47,0.05,1757.39,311.28,Express
11581,2024-01-27,2024-01-28,Regular,Paarl,Western Cape,Kids Clothing,School Uniforms,6,187.43,0.2,899.66,281.27,Standard
11582,2022-07-05,2022-07-08,Wholesale,Pretoria,Gauteng,Accessories,School Bags,3,528.8,0.05,1507.08,444.08,Express
11583,2023-08-15,2023-08-17,Regular,Stellenbosch,Western Cape,Kids Clothing,Pyjama Sets,8,440.63,0.1,3172.54,329.72,Standard
11584,2023-06-25,2023-06-27,Regular,Mthatha,Eastern Cape,Footwear,Slippers,5,139.38,0,696.9,79.87,Standard
11585,2024-01-19,2024-01-25,Regular,Pietermaritzburg,KwaZulu-Natal,Kids Clothing,Winter Jackets,10,296.51,0,2965.1,363.49,Standard
11586,2024-05-26,2024-05-28,Regular,Cape Town,Western Cape,Accessories,Sun Hats,3,302.8,0,908.4,189.0,Express
11587,2021-04-10,2021-04-14,Loyalty Member,Johannesburg,Gauteng,Kids Clothing,Casual T-Shirts,1,165.15,0.2,132.12,24.8,Express
11588,2021-03-25,2021-03-26,Loyalty Member,Stellenbosch,Western Cape,Kids Clothing,Swimwear,7,456.94,0,3198.58,694.4,Standard
11589,2021-01-11,2021-01-15,Regular,Sandton,Gauteng,Kids Clothing,Summer Dresses,3,259.1,0,777.3,67.03,Standard
11590,2024-02-07,2024-02-14,Regular,Richards Bay,KwaZulu-Natal,Kids Clothing,School Uniforms,4,364.67,0.2,1166.94,251.98,Express
11591,2024-02-21,2024-02-25,Regular,Pretoria,Gauteng,Footwear,Sneakers,6,532.77,0.1,2876.96,743.51,Express
11592,2024-02-19,2024-02-21,Regular,Johannesburg,Gauteng,Kids Clothing,Winter Jackets,5,213.89,0,1069.45,337.92,Standard
11593,2022-05-10,2022-05-17,Regular,Durban,KwaZulu-Natal,Kids Clothing,Pyjama Sets,7,96.85,0.15,576.26,71.15,Click and Collect
11594,2023-02-05,2023-02-11,Loyalty Member,Mthatha,Eastern Cape,Kids Clothing,Winter Jackets,8,495.9,0.3,2777.04,810.87,Standard
11595,2021-04-22,2021-04-24,Regular,Sandton,Gauteng,Kids Clothing,Summer Dresses,8,297.58,0.3,1666.45,374.36,Standard
11596,2021-11-05,2021-11-08,Regular,Mokopane,Limpopo,Kids Clothing,School Uniforms,7,107.9,0,755.3,79.69,Express
11597,2023-09-19,2023-09-26,Regular,Stellenbosch,Western Cape,Kids Clothing,Swimwear,5,462.58,0.2,1850.32,261.4,Standard
11598,2024-03-07,2024-03-11,Wholesale,Johannesburg,Gauteng,Kids Clothing,Winter Jackets,5,321.66,0,1608.3,325.97,Standard
11599,2021-10-04,2021-10-09,Loyalty Member,Stellenbosch,Western Cape,Kids Clothing,School Uniforms,7,242.4,0,1696.8,300.13,Express
11600,2022-07-20,2022-07-26,Loyalty Member,Durban,KwaZulu-Natal,Accessories,Scarves,9,226.2,0.2,1628.64,235.99,Click and Collect
11601,2021-09-06,2021-09-07,Regular,Paarl,Western Cape,Kids Clothing,Summer Dresses,3,453.35,0,1360.05,163.7,Click and Collect
11602,2022-12-24,2022-12-28,Regular,Richards Bay,KwaZulu-Natal,Kids Clothing,Winter Jackets,1,537.11,0.05,510.25,41.06,Standard
11603,2024-04-26,2024-04-28,Regular,Pietermaritzburg,KwaZulu-Natal,Kids Clothing,Denim Jeans,1,90.71,0,90.71,9.9,Standard
11604,2021-01-19,2021-01-26,Loyalty Member,East London,Eastern Cape,Footwear,Sandals,4,159.82,0.3,447.5,57.45,Standard
11605,2024-12-23,2024-12-28,Regular,Cape Town,Western Cape,Footwear,Sneakers,9,593.39,0,5340.51,1635.65,Click and Collect
11606,2024-08-09,2024-08-13,Regular,Cape Town,Western Cape,Kids Clothing,Swimwear,10,351.68,0.05,3340.96,466.97,Standard
11607,2021-12-27,2021-12-28,Wholesale,Polokwane,Limpopo,Kids Clothing,School Uniforms,6,136.16,0.15,694.42,171.27,Standard
11608,2022-10-26,2022-10-28,Regular,Cape Town,Western Cape,Kids Clothing,Swimwear,1,123.89,0.05,117.7,18.57,Standard
11609,2024-07-01,2024-07-05,Regular,Sandton,Gauteng,Accessories,Scarves,7,309.29,0,2165.03,545.3,Standard
11610,2022-05-21,2022-05-27,Loyalty Member,Cape Town,Western Cape,Kids Clothing,School Uniforms,9,166.63,0,1499.67,354.86,Standard
11611,2023-01-05,2023-01-09,Regular,Paarl,Western Cape,Accessories,Hair Accessories,5,440.3,0,2201.5,423.16,Express
11612,2023-11-07,2023-11-11,Regular,Pretoria,Gauteng,Kids Clothing,School Uniforms,5,133.47,0,667.35,212.35,Standard
11613,2022-09-23,2022-09-26,Loyalty Member,Cape Town,Western Cape,Accessories,Sun Hats,6,265.44,0,1592.64,237.06,Click and Collect
11614,2024-02-02,2024-02-03,Regular,Pretoria,Gauteng,Kids Clothing,Casual T-Shirts,1,116.43,0,116.43,25.01,Standard
11615,2024-02-01,2024-02-02,Wholesale,Richards Bay,KwaZulu-Natal,Kids Clothing,Summer Dresses,10,463.85,0.2,3710.8,358.0,Standard
11616,2021-11-09,2021-11-14,Regular,Durban,KwaZulu-Natal,Kids Clothing,Swimwear,6,203.44,0.1,1098.58,170.16,Express
11617,2023-11-06,2023-11-08,Wholesale,Tzaneen,Limpopo,Accessories,Scarves,7,509.86,0,3569.02,377.23,Standard
11618,2022-01-12,2022-01-16,Wholesale,Richards Bay,KwaZulu-Natal,Accessories,Scarves,8,520.13,0.1,3744.94,510.7,Standard
11619,2024-02-16,2024-02-20,Wholesale,Pretoria,Gauteng,Footwear,Sandals,8,429.77,0,3438.16,600.36,Click and Collect
11620,2024-07-23,2024-07-28,Wholesale,Sandton,Gauteng,Footwear,Sandals,3,229.79,0,689.37,213.38,Express
11621,2024-07-28,2024-07-28,Loyalty Member,Sandton,Gauteng,Kids Clothing,Casual T-Shirts,2,426.82,0,853.64,199.23,Standard
11622,2021-07-04,2021-07-11,Wholesale,Soweto,Gauteng,Accessories,Sun Hats,4,248.74,0.1,895.46,246.08,Standard
11623,2023-12-14,2023-12-20,Regular,Richards Bay,KwaZulu-Natal,Kids Clothing,School Uniforms,6,492.22,0.2,2362.66,667.3,Express
11624,2023-03-12,2023-03-15,Regular,Pretoria,Gauteng,Kids Clothing,Pyjama Sets,5,497.53,0,2487.65,656.59,Standard
11625,2024-04-18,2024-04-23,Regular,Cape Town,Western Cape,Kids Clothing,Pyjama Sets,7,208.09,0.05,1383.8,222.75,Standard
11626,2023-09-28,2023-09-28,Loyalty Member,Pretoria,Gauteng,Kids Clothing,Winter Jackets,10,497.7,0,4977.0,1584.37,Standard
11627,2021-06-28,2021-06-28,Regular,Port Elizabeth,Eastern Cape,Kids Clothing,Winter Jackets,5,189.0,0.1,850.5,84.83,Express
11628,2022-01-04,2022-01-10,Loyalty Member,Sandton,Gauteng,Accessories,Hair Accessories,1,509.14,0.05,483.68,96.35,Standard
11629,2024-01-02,2024-01-04,Regular,Paarl,Western Cape,Kids Clothing,Denim Jeans,10,406.68,0,4066.8,403.6,Express
11630,2021-01-07,2021-01-10,Loyalty Member,East London,Eastern Cape,Kids Clothing,Swimwear,8,470.24,0.3,2633.34,692.21,Standard
11631,2021-12-04,2021-12-10,Loyalty Member,Durban,KwaZulu-Natal,Accessories,Belts,1,457.1,0.1,411.39,42.64,Express
11632,2024-09-11,2024-09-18,Loyalty Member,Johannesburg,Gauteng,Kids Clothing,Casual T-Shirts,6,202.96,0,1217.76,303.81,Standard
11633,2022-09-17,2022-09-23,Regular,East London,Eastern Cape,Kids Clothing,Summer Dresses,8,394.36,0,3154.88,793.81,Standard
11634,2024-02-14,2024-02-15,Loyalty Member,Johannesburg,Gauteng,Kids Clothing,Swimwear,3,155.19,0.05,442.29,107.23,Click and Collect
11635,2024-05-16,2024-05-20,Regular,Richards Bay,KwaZulu-Natal,Kids Clothing,Summer Dresses,1,317.18,0.2,253.74,54.38,Standard
11636,2021-03-26,2021-03-28,Loyalty Member,Sandton,Gauteng,Kids Clothing,Denim Jeans,1,96.51,0.1,86.86,20.9,Standard
11637,2022-04-13,2022-04-15,Regular,Cape Town,Western Cape,Kids Clothing,Casual T-Shirts,10,430.13,0.2,3441.04,730.73,Express
11638,2023-07-22,2023-07-26,Loyalty Member,Stellenbosch,Western Cape,Kids Clothing,Casual T-Shirts,10,440.95,0.05,4189.02,916.29,Click and Collect
11639,2023-12-24,2023-12-26,Loyalty Member,Cape Town,Western Cape,Footwear,Sneakers,3,287.08,0,861.24,168.18,Standard
11640,2022-06-02,2022-06-09,Loyalty Member,Pietermaritzburg,KwaZulu-Natal,Kids Clothing,Swimwear,4,447.44,0,1789.76,409.5,Click and Collect
11641,2022-05-18,2022-05-25,Regular,Johannesburg,Gauteng,Kids Clothing,School Uniforms,7,395.35,0,2767.45,762.08,Standard
11642,2022-01-05,2022-01-06,Regular,Johannesburg,Gauteng,Footwear,Slippers,7,445.13,0.2,2492.73,625.92,Standard
11643,2023-04-10,2023-04-15,Regular,Cape Town,Western Cape,Footwear,Sneakers,8,303.51,0,2428.08,480.13,Express
11644,2024-02-11,2024-02-15,Regular,Stellenbosch,Western Cape,Footwear,School Shoes,3,367.46,0,1102.38,327.85,Click and Collect
11645,2023-02-05,2023-02-07,Regular,Soweto,Gauteng,Kids Clothing,Winter Jackets,3,280.95,0,842.85,221.65,Express
11646,2024-03-08,2024-03-14,Regular,Pretoria,Gauteng,Kids Clothing,Swimwear,6,482.57,0.2,2316.34,615.13,Standard
11647,2021-06-03,2021-06-07,Regular,Stellenbosch,Western Cape,Footwear,Boots,2,273.44,0.1,492.19,128.52,Standard
11648,2022-08-22,2022-08-28,Regular,Cape Town,Western Cape,Kids Clothing,Summer Dresses,9,97.13,0,874.17,256.38,Standard
11649,2021-05-17,2021-05-24,Loyalty Member,Soweto,Gauteng,Kids Clothing,Summer Dresses,10,177.11,0.1,1593.99,422.31,Standard
11650,2024-03-15,2024-03-17,Wholesale,Sandton,Gauteng,Kids Clothing,Casual T-Shirts,5,158.41,0.3,554.43,131.21,Standard
11651,2022-03-16,2022-03-17,Regular,Mthatha,Eastern Cape,Kids Clothing,Pyjama Sets,9,582.12,0.2,4191.26,814.0,Express
11652,2023-10-05,2023-10-07,Loyalty Member,East London,Eastern Cape,Footwear,Slippers,1,296.28,0,296.28,80.4,Standard
11653,2024-10-22,2024-10-24,Regular,Paarl,Western Cape,Kids Clothing,Summer Dresses,5,92.07,0,460.35,112.76,Click and Collect
11654,2022-08-07,2022-08-12,Wholesale,Johannesburg,Gauteng,Kids Clothing,Swimwear,8,307.82,0.1,2216.3,590.34,Standard
11655,2023-07-15,2023-07-16,Loyalty Member,Richards Bay,KwaZulu-Natal,Kids Clothing,Pyjama Sets,6,264.57,0,1587.42,293.23,Standard
11656,2021-04-27,2021-04-28,Loyalty Member,Pretoria,Gauteng,Kids Clothing,Swimwear,7,471.29,0,3299.03,624.53,Standard
11657,2021-12-06,2021-12-08,Regular,Polokwane,Limpopo,Kids Clothing,School Uniforms,8,512.37,0.3,2869.27,522.85,Standard
11658,2024-02-14,2024-02-16,Regular,Stellenbosch,Western Cape,Accessories,Scarves,2,236.36,0.2,378.18,82.64,Standard
11659,2023-03-04,2023-03-11,Regular,Johannesburg,Gauteng,Accessories,Sun Hats,3,104.09,0,312.27,80.96,Click and Collect
11660,2021-02-09,2021-02-11,Regular,Pietermaritzburg,KwaZulu-Natal,Kids Clothing,Casual T-Shirts,9,101.89,0,917.01,172.52,Click and Collect
11661,2021-04-26,2021-04-27,Regular,Pretoria,Gauteng,Footwear,Sneakers,1,569.09,0.1,512.18,112.68,Standard
11662,2024-08-06,2024-08-09,Loyalty Member,East London,Eastern Cape,Accessories,Hair Accessories,3,376.23,0.3,790.08,145.36,Standard
11663,2021-09-08,2021-09-13,Loyalty Member,Stellenbosch,Western Cape,Kids Clothing,School Uniforms,3,538.3,0.15,1372.66,145.63,Express
11664,2022-03-15,2022-03-21,Regular,Stellenbosch,Western Cape,Accessories,Sun Hats,10,149.12,0.2,1192.96,159.06,Express
11665,2023-10-27,2023-10-28,Loyalty Member,Stellenbosch,Western Cape,Kids Clothing,Pyjama Sets,6,509.27,0.3,2138.93,614.14,Standard
11666,2023-06-07,2023-06-12,Regular,Sandton,Gauteng,Footwear,Slippers,9,310.77,0,2796.93,504.81,Standard
11667,2023-07-28,2023-07-28,Regular,Cape Town,Western Cape,Footwear,School Shoes,10,578.51,0,5785.1,1288.95,Standard
11668,2021-06-25,2021-06-28,Loyalty Member,Polokwane,Limpopo,Kids Clothing,Denim Jeans,10,555.07,0.05,5273.17,641.24,Standard
11669,2022-04-07,2022-04-09,Regular,Cape Town,Western Cape,Kids Clothing,Summer Dresses,6,550.99,0.15,2810.05,456.84,Click and Collect
11670,2021-10-24,2021-10-26,Regular,Tzaneen,Limpopo,Footwear,School Shoes,4,525.21,0.1,1890.76,466.7,Standard
11671,2022-04-07,2022-04-09,Regular,Pretoria,Gauteng,Kids Clothing,Casual T-Shirts,3,92.69,0,278.07,45.39,Express
11672,2022-02-05,2022-02-12,Loyalty Member,Tzaneen,Limpopo,Kids Clothing,Denim Jeans,1,315.61,0.15,268.27,69.84,Standard
11673,2022-01-04,2022-01-06,Regular,Stellenbosch,Western Cape,Kids Clothing,Casual T-Shirts,5,388.88,0.1,1749.96,207.22,Click and Collect
11674,2024-03-20,2024-03-27,Regular,Mthatha,Eastern Cape,Kids Clothing,Casual T-Shirts,6,406.29,0,2437.74,537.84,Standard
11675,2024-02-23,2024-02-25,Regular,Stellenbosch,Western Cape,Kids Clothing,Casual T-Shirts,5,330.46,0,1652.3,396.99,Standard
11676,2024-05-13,2024-05-14,Loyalty Member,Port Elizabeth,Eastern Cape,Accessories,Hair Accessories,2,317.77,0.05,603.76,52.13,Standard
11677,2022-11-24,2022-11-28,Loyalty Member,East London,Eastern Cape,Kids Clothing,Summer Dresses,3,448.63,0,1345.89,221.96,Standard
11678,2023-06-01,2023-06-04,Loyalty Member,Cape Town,Western Cape,Kids Clothing,Denim Jeans,2,241.75,0,483.5,98.72,Standard
11679,2024-11-05,2024-11-08,Regular,Pretoria,Gauteng,Footwear,Sandals,3,584.08,0.05,1664.63,416.1,Standard
11680,2023-12-18,2023-12-25,Loyalty Member,Cape Town,Western Cape,Accessories,Scarves,9,335.38,0,3018.42,554.0,Express
11681,2022-04-08,2022-04-15,Wholesale,Paarl,Western Cape,Kids Clothing,School Uniforms,6,534.03,0,3204.18,383.93,Standard
11682,2023-07-09,2023-07-10,Loyalty Member,East London,Eastern Cape,Footwear,Sneakers,9,359.51,0,3235.59,1014.16,Standard
11683,2024-12-26,2024-12-28,Regular,Cape Town,Western Cape,Kids Clothing,Casual T-Shirts,8,152.92,0,1223.36,204.28,Click and Collect
11684,2023-12-12,2023-12-13,Regular,Pietermaritzburg,KwaZulu-Natal,Kids Clothing,Summer Dresses,6,93.4,0,560.4,116.56,Standard
11685,2024-03-25,2024-03-28,Regular,Soweto,Gauteng,Footwear,Sandals,1,135.23,0,135.23,36.55,Standard
11686,2023-02-10,2023-02-15,Loyalty Member,Johannesburg,Gauteng,Footwear,Boots,7,175.82,0.3,861.52,77.14,Standard
11687,2021-05-27,2021-05-28,Wholesale,Port Elizabeth,Eastern Cape,Kids Clothing,Summer Dresses,3,123.04,0.1,332.21,78.16,Standard
11688,2022-10-03,2022-10-04,Loyalty Member,Durban,KwaZulu-Natal,Kids Clothing,Swimwear,4,363.76,0,1455.04,163.36,Standard
11689,2024-02-03,2024-02-08,Loyalty Member,Cape Town,Western Cape,Kids Clothing,School Uniforms,9,162.22,0.3,1021.99,243.42,Standard
11690,2023-07-04,2023-07-10,Regular,Durban,KwaZulu-Natal,Kids Clothing,Summer Dresses,7,232.5,0.15,1383.38,114.1,Standard
11691,2022-08-06,2022-08-08,Regular,Johannesburg,Gauteng,Kids Clothing,Summer Dresses,4,432.38,0.05,1643.04,519.08,Click and Collect
11692,2024-02-01,2024-02-07,Regular,Mokopane,Limpopo,Footwear,Boots,5,158.98,0.05,755.15,190.07,Standard
11693,2023-05-04,2023-05-10,Regular,Cape Town,Western Cape,Footwear,Boots,9,273.63,0.2,1970.14,580.46,Express
11694,2024-12-07,2024-12-14,Regular,Sandton,Gauteng,Accessories,Scarves,7,501.51,0.3,2457.4,389.92,Standard
11695,2024-01-03,2024-01-10,Loyalty Member,Mthatha,Eastern Cape,Kids Clothing,Winter Jackets,3,110.0,0,330.0,49.13,Standard
11696,2023-05-25,2023-05-28,Regular,Stellenbosch,Western Cape,Kids Clothing,Casual T-Shirts,6,495.03,0.2,2376.14,516.63,Standard
11697,2021-03-12,2021-03-19,Loyalty Member,Sandton,Gauteng,Kids Clothing,Swimwear,3,302.19,0,906.57,133.64,Standard
11698,2022-09-14,2022-09-20,Loyalty Member,Durban,KwaZulu-Natal,Accessories,School Bags,10,261.84,0.15,2225.64,512.34,Standard
11699,2023-03-03,2023-03-07,Regular,Durban,KwaZulu-Natal,Kids Clothing,School Uniforms,1,385.59,0.05,366.31,71.24,Standard
11700,2024-01-10,2024-01-14,Regular,Mthatha,Eastern Cape,Kids Clothing,Summer Dresses,8,346.65,0.1,2495.88,364.88,Standard
11701,2024-12-13,2024-12-14,Loyalty Member,Soweto,Gauteng,Accessories,Scarves,7,219.77,0.2,1230.71,349.25,Standard
11702,2024-04-13,2024-04-18,Regular,Polokwane,Limpopo,Kids Clothing,Pyjama Sets,2,353.93,0,707.86,216.05,Standard
11703,2024-12-06,2024-12-11,Loyalty Member,Port Elizabeth,Eastern Cape,Kids Clothing,School Uniforms,8,420.4,0.2,2690.56,228.44,Click and Collect
11704,2023-07-25,2023-07-28,Regular,Cape Town,Western Cape,Kids Clothing,Winter Jackets,7,390.99,0.05,2600.08,339.85,Standard
11705,2024-11-07,2024-11-08,Loyalty Member,East London,Eastern Cape,Accessories,School Bags,9,564.84,0,5083.56,1303.3,Standard
11706,2024-10-21,2024-10-24,Regular,Richards Bay,KwaZulu-Natal,Kids Clothing,Denim Jeans,9,308.76,0.05,2639.9,529.49,Standard
11707,2021-07-16,2021-07-23,Regular,Stellenbosch,Western Cape,Footwear,Sandals,9,442.74,0.3,2789.26,884.14,Standard
11708,2023-11-11,2023-11-18,Loyalty Member,Paarl,Western Cape,Kids Clothing,Summer Dresses,2,443.18,0,886.36,126.72,Click and Collect
11709,2024-12-25,2024-12-26,Loyalty Member,Soweto,Gauteng,Kids Clothing,Casual T-Shirts,7,194.03,0,1358.21,357.22,Standard
11710,2022-10-22,2022-10-23,Loyalty Member,Pretoria,Gauteng,Kids Clothing,Denim Jeans,2,432.18,0,864.36,170.91,Standard
11711,2024-12-11,2024-12-18,Regular,Cape Town,Western Cape,Kids Clothing,School Uniforms,9,304.67,0.1,2467.83,559.16,Standard
11712,2023-03-01,2023-03-03,Regular,Richards Bay,KwaZulu-Natal,Accessories,Sun Hats,2,433.03,0.05,822.76,254.92,Standard
11713,2021-02-10,2021-02-13,Wholesale,Richards Bay,KwaZulu-Natal,Kids Clothing,Casual T-Shirts,10,180.61,0.15,1535.19,424.77,Standard
11714,2021-06-09,2021-06-14,Regular,Sandton,Gauteng,Accessories,Scarves,4,502.98,0,2011.92,538.94,Express
11715,2021-08-24,2021-08-28,Regular,Stellenbosch,Western Cape,Accessories,Hair Accessories,7,575.46,0.1,3625.4,867.19,Express
11716,2023-11-17,2023-11-22,Regular,Port Elizabeth,Eastern Cape,Footwear,Sneakers,10,558.71,0,5587.1,1655.46,Express
11717,2021-06-01,2021-06-03,Regular,Polokwane,Limpopo,Kids Clothing,Denim Jeans,3,299.26,0.1,808.0,72.89,Click and Collect
11718,2022-01-17,2022-01-23,Regular,Johannesburg,Gauteng,Kids Clothing,Denim Jeans,3,395.33,0.2,948.79,201.2,Express
11719,2023-05-27,2023-05-28,Loyalty Member,Johannesburg,Gauteng,Kids Clothing,Summer Dresses,9,347.9,0.15,2661.43,820.62,Standard
11720,2024-11-09,2024-11-10,Regular,Paarl,Western Cape,Accessories,School Bags,10,540.12,0.2,4320.96,1236.05,Standard
11721,2024-07-13,2024-07-15,Regular,Cape Town,Western Cape,Footwear,Sandals,10,150.22,0,1502.2,349.33,Express
11722,2024-04-22,2024-04-25,Regular,Pretoria,Gauteng,Kids Clothing,Pyjama Sets,3,416.38,0.15,1061.77,339.34,Express
11723,2024-01-03,2024-01-05,Regular,Paarl,Western Cape,Footwear,Sandals,5,171.78,0.15,730.06,96.07,Standard
11724,2021-03-08,2021-03-12,Regular,Johannesburg,Gauteng,Accessories,Belts,8,295.59,0,2364.72,331.02,Standard
11725,2024-01-05,2024-01-12,Regular,Soweto,Gauteng,Footwear,Sneakers,1,268.48,0.05,255.06,63.16,Standard
11726,2021-12-18,2021-12-25,Loyalty Member,Sandton,Gauteng,Kids Clothing,School Uniforms,4,534.59,0.1,1924.52,542.13,Click and Collect
11727,2022-02-12,2022-02-19,Wholesale,Pietermaritzburg,KwaZulu-Natal,Kids Clothing,Winter Jackets,5,567.93,0.2,2271.72,405.88,Click and Collect
11728,2022-04-14,2022-04-15,Loyalty Member,Soweto,Gauteng,Footwear,Slippers,7,233.69,0,1635.83,181.65,Standard
11729,2024-11-06,2024-11-08,Regular,Pietermaritzburg,KwaZulu-Natal,Kids Clothing,Summer Dresses,3,579.24,0,1737.72,143.64,Standard
11730,2021-08-19,2021-08-24,Loyalty Member,Pretoria,Gauteng,Kids Clothing,Denim Jeans,10,424.23,0,4242.3,938.04,Express
11731,2022-04-11,2022-04-18,Loyalty Member,Soweto,Gauteng,Kids Clothing,Denim Jeans,8,451.16,0.3,2526.5,572.55,Standard
11732,2024-01-10,2024-01-11,Regular,Paarl,Western Cape,Kids Clothing,Swimwear,5,545.56,0.05,2591.41,266.8,Standard
11733,2022-10-03,2022-10-05,Regular,Tzaneen,Limpopo,Kids Clothing,School Uniforms,5,240.72,0.3,842.52,255.44,Standard
11734,2021-05-24,2021-05-28,Loyalty Member,Durban,KwaZulu-Natal,Footwear,Slippers,2,200.04,0,400.08,33.61,Standard
11735,2024-06-05,2024-06-11,Regular,East London,Eastern Cape,Kids Clothing,Denim Jeans,7,417.66,0.2,2338.9,353.9,Express
11736,2022-05-01,2022-05-04,Loyalty Member,Richards Bay,KwaZulu-Natal,Kids Clothing,Summer Dresses,4,260.79,0.05,991.0,86.65,Click and Collect
11737,2024-07-20,2024-07-27,Loyalty Member,Stellenbosch,Western Cape,Footwear,Sandals,10,568.48,0,5684.8,1340.3,Click and Collect
11738,2024-09-05,2024-09-06,Regular,Paarl,Western Cape,Footwear,School Shoes,8,403.0,0.2,2579.2,268.55,Standard
11739,2023-08-05,2023-08-12,Loyalty Member,Richards Bay,KwaZulu-Natal,Footwear,School Shoes,5,215.43,0.1,969.44,191.74,Standard
11740,2022-06-08,2022-06-09,Loyalty Member,Pietermaritzburg,KwaZulu-Natal,Kids Clothing,Casual T-Shirts,2,95.49,0.3,133.69,26.42,Standard
11741,2022-02-16,2022-02-19,Regular,Stellenbosch,Western Cape,Kids Clothing,Pyjama Sets,3,581.66,0,1744.98,430.67,Express
11742,2021-10-07,2021-10-12,Regular,Pretoria,Gauteng,Kids Clothing,Pyjama Sets,3,502.29,0.1,1356.18,198.02,Standard
11743,2021-05-16,2021-05-20,Wholesale,Paarl,Western Cape,Kids Clothing,Summer Dresses,4,249.76,0,999.04,301.23,Click and Collect
11744,2024-07-11,2024-07-12,Regular,Richards Bay,KwaZulu-Natal,Kids Clothing,School Uniforms,9,524.2,0.15,4010.13,407.26,Express
11745,2022-09-19,2022-09-22,Regular,Stellenbosch,Western Cape,Accessories,School Bags,10,504.11,0.15,4284.94,866.12,Standard
11746,2021-12-24,2021-12-28,Regular,Stellenbosch,Western Cape,Footwear,Slippers,7,430.23,0.05,2861.03,642.43,Standard
11747,2024-01-21,2024-01-25,Regular,Port Elizabeth,Eastern Cape,Kids Clothing,Summer Dresses,1,454.58,0.15,386.39,113.7,Standard
11748,2023-01-25,2023-01-27,Regular,Richards Bay,KwaZulu-Natal,Kids Clothing,Swimwear,9,101.31,0.05,866.2,191.65,Standard
11749,2022-12-24,2022-12-25,Wholesale,Stellenbosch,Western Cape,Kids Clothing,Casual T-Shirts,5,409.45,0,2047.25,488.1,Standard
11750,2021-03-13,2021-03-16,Regular,Paarl,Western Cape,Accessories,Hair Accessories,5,441.95,0.05,2099.26,604.73,Express
11751,2023-12-14,2023-12-16,Loyalty Member,Cape Town,Western Cape,Kids Clothing,Winter Jackets,1,345.6,0,345.6,90.86,Express
11752,2024-01-17,2024-01-23,Regular,Mokopane,Limpopo,Accessories,Belts,3,109.92,0,329.76,73.83,Express
11753,2023-04-03,2023-04-04,Loyalty Member,Cape Town,Western Cape,Kids Clothing,School Uniforms,6,362.93,0.15,1850.94,397.23,Standard
11754,2024-04-06,2024-04-12,Loyalty Member,Paarl,Western Cape,Kids Clothing,Casual T-Shirts,3,163.84,0.15,417.79,56.07,Click and Collect
11755,2021-08-16,2021-08-19,Regular,Sandton,Gauteng,Footwear,School Shoes,9,435.24,0,3917.16,1176.9,Click and Collect
11756,2021-08-25,2021-08-26,Loyalty Member,Johannesburg,Gauteng,Kids Clothing,Pyjama Sets,4,383.06,0.2,1225.79,355.89,Standard
11757,2024-07-05,2024-07-12,Regular,Pretoria,Gauteng,Footwear,Boots,1,274.28,0,274.28,31.02,Standard
11758,2023-01-05,2023-01-08,Regular,Soweto,Gauteng,Accessories,Belts,7,113.69,0,795.83,138.8,Standard
11759,2024-04-14,2024-04-21,Regular,Cape Town,Western Cape,Kids Clothing,Pyjama Sets,2,418.96,0.2,670.34,96.42,Standard
11760,2021-01-28,2021-01-28,Wholesale,Johannesburg,Gauteng,Kids Clothing,Pyjama Sets,4,414.94,0,1659.76,278.11,Standard
11761,2023-06-06,2023-06-12,Loyalty Member,Stellenbosch,Western Cape,Kids Clothing,Pyjama Sets,10,276.0,0,2760.0,601.33,Express
11762,2024-01-02,2024-01-07,Regular,Pietermaritzburg,KwaZulu-Natal,Accessories,Hair Accessories,6,556.79,0.3,2338.52,711.53,Express
11763,2023-05-21,2023-05-26,Regular,Polokwane,Limpopo,Footwear,Slippers,5,442.68,0.15,1881.39,252.16,Standard
11764,2021-11-18,2021-11-19,Regular,Richards Bay,KwaZulu-Natal,Footwear,Slippers,4,233.53,0.1,840.71,221.02,Standard
11765,2024-03-28,2024-03-28,Regular,Sandton,Gauteng,Kids Clothing,Casual T-Shirts,1,249.6,0.2,199.68,34.18,Standard
11766,2024-02-26,2024-02-28,Regular,East London,Eastern Cape,Kids Clothing,School Uniforms,5,317.94,0,1589.7,416.29,Click and Collect
11767,2024-01-05,2024-01-07,Regular,Johannesburg,Gauteng,Kids Clothing,School Uniforms,6,576.0,0,3456.0,332.76,Standard
11768,2021-07-16,2021-07-23,Regular,Stellenbosch,Western Cape,Kids Clothing,Denim Jeans,1,279.44,0,279.44,39.5,Standard
11769,2022-10-11,2022-10-14,Regular,Sandton,Gauteng,Kids Clothing,Winter Jackets,6,198.04,0.15,1010.0,249.12,Click and Collect
11770,2024-10-02,2024-10-05,Loyalty Member,Durban,KwaZulu-Natal,Footwear,Slippers,10,360.07,0.2,2880.56,897.18,Click and Collect
11771,2024-10-07,2024-10-11,Loyalty Member,Johannesburg,Gauteng,Kids Clothing,Winter Jackets,10,341.4,0.3,2389.8,418.3,Click and Collect
11772,2023-11-15,2023-11-16,Wholesale,Durban,KwaZulu-Natal,Footwear,Boots,2,365.45,0.05,694.35,198.12,Express
11773,2021-10-06,2021-10-08,Regular,Stellenbosch,Western Cape,Kids Clothing,Summer Dresses,3,441.0,0.3,926.1,121.36,Express
11774,2022-10-28,2022-10-28,Regular,Johannesburg,Gauteng,Kids Clothing,Summer Dresses,6,211.44,0,1268.64,349.78,Click and Collect
11775,2024-07-20,2024-07-27,Regular,Pretoria,Gauteng,Kids Clothing,Summer Dresses,10,564.86,0,5648.6,755.33,Standard
11776,2023-11-05,2023-11-06,Regular,Paarl,Western Cape,Kids Clothing,Winter Jackets,1,122.28,0.05,116.17,15.65,Express
11777,2023-05-05,2023-05-07,Loyalty Member,Tzaneen,Limpopo,Footwear,Slippers,3,542.62,0,1627.86,442.66,Standard
11778,2023-02-11,2023-02-18,Regular,Sandton,Gauteng,Kids Clothing,Casual T-Shirts,6,311.57,0,1869.42,240.07,Click and Collect
11779,2021-01-01,2021-01-07,Wholesale,East London,Eastern Cape,Kids Clothing,Summer Dresses,3,483.46,0.2,1160.3,369.32,Express
11780,2022-03-16,2022-03-20,Regular,Pretoria,Gauteng,Kids Clothing,Pyjama Sets,9,445.92,0,4013.28,1240.85,Standard
11781,2023-12-16,2023-12-17,Regular,Tzaneen,Limpopo,Kids Clothing,School Uniforms,4,282.01,0,1128.04,180.95,Standard
11782,2023-03-21,2023-03-24,Loyalty Member,Cape Town,Western Cape,Footwear,Sneakers,1,156.46,0.3,109.52,15.87,Express
11783,2024-08-26,2024-08-28,Regular,Pretoria,Gauteng,Kids Clothing,Winter Jackets,10,561.26,0.2,4490.08,1254.07,Standard
11784,2021-04-23,2021-04-27,Loyalty Member,Paarl,Western Cape,Kids Clothing,Swimwear,7,539.35,0.1,3397.91,1043.18,Express
11785,2023-10-15,2023-10-18,Loyalty Member,Soweto,Gauteng,Kids Clothing,Denim Jeans,4,589.28,0.3,1649.98,428.43,Express
11786,2023-10-26,2023-10-27,Regular,Soweto,Gauteng,Footwear,Sneakers,6,96.25,0.1,519.75,116.08,Express
11787,2022-03-27,2022-03-28,Regular,Pietermaritzburg,KwaZulu-Natal,Kids Clothing,Pyjama Sets,4,586.43,0.1,2111.15,621.45,Standard
11788,2021-03-23,2021-03-28,Loyalty Member,Johannesburg,Gauteng,Accessories,Scarves,10,236.04,0.15,2006.34,270.28,Standard
11789,2021-03-22,2021-03-26,Regular,Pretoria,Gauteng,Kids Clothing,Denim Jeans,9,447.63,0.1,3625.8,1107.22,Standard
11790,2022-06-13,2022-06-19,Regular,Soweto,Gauteng,Kids Clothing,Denim Jeans,9,161.09,0,1449.81,187.33,Standard
11791,2024-01-11,2024-01-17,Regular,Sandton,Gauteng,Kids Clothing,Casual T-Shirts,2,592.6,0.05,1125.94,278.67,Standard
11792,2023-07-10,2023-07-14,Loyalty Member,Richards Bay,KwaZulu-Natal,Accessories,Scarves,7,101.5,0.15,603.92,123.0,Express
11793,2023-10-25,2023-10-28,Wholesale,Pretoria,Gauteng,Accessories,Hair Accessories,3,191.68,0,575.04,53.0,Standard
11794,2022-07-03,2022-07-07,Regular,Johannesburg,Gauteng,Kids Clothing,Winter Jackets,8,438.04,0.2,2803.46,864.19,Standard
11795,2024-06-11,2024-06-18,Regular,Pietermaritzburg,KwaZulu-Natal,Accessories,Sun Hats,5,328.83,0.1,1479.73,120.41,Standard
11796,2024-06-17,2024-06-24,Loyalty Member,Mthatha,Eastern Cape,Kids Clothing,School Uniforms,6,125.36,0.2,601.73,99.1,Standard
11797,2022-03-09,2022-03-16,Loyalty Member,Johannesburg,Gauteng,Kids Clothing,Casual T-Shirts,5,91.52,0.05,434.72,55.81,Standard
11798,2024-01-17,2024-01-24,Loyalty Member,Stellenbosch,Western Cape,Accessories,School Bags,8,99.14,0.05,753.46,134.09,Standard
11799,2023-05-05,2023-05-07,Regular,Soweto,Gauteng,Kids Clothing,Pyjama Sets,6,461.97,0.05,2633.23,229.87,Express
11800,2023-12-03,2023-12-05,Loyalty Member,Johannesburg,Gauteng,Kids Clothing,School Uniforms,10,331.57,0.3,2320.99,669.19,Click and Collect
11801,2024-03-27,2024-03-28,Loyalty Member,Pretoria,Gauteng,Kids Clothing,Winter Jackets,7,399.79,0,2798.53,424.59,Click and Collect
11802,2024-04-12,2024-04-19,Regular,Richards Bay,KwaZulu-Natal,Accessories,School Bags,10,253.15,0.05,2404.92,523.14,Express
11803,2023-10-27,2023-10-28,Regular,Durban,KwaZulu-Natal,Accessories,School Bags,3,454.79,0.1,1227.93,177.88,Express
11804,2021-04-03,2021-04-06,Wholesale,Mthatha,Eastern Cape,Kids Clothing,Denim Jeans,5,400.37,0,2001.85,385.31,Express
11805,2022-01-08,2022-01-09,Loyalty Member,Soweto,Gauteng,Kids Clothing,Denim Jeans,7,323.74,0.15,1926.25,595.91,Standard
11806,2023-02-17,2023-02-21,Regular,Richards Bay,KwaZulu-Natal,Kids Clothing,School Uniforms,9,355.21,0,3196.89,899.55,Standard
11807,2024-12-17,2024-12-24,Loyalty Member,Polokwane,Limpopo,Kids Clothing,Pyjama Sets,4,174.84,0.2,559.49,48.94,Express
11808,2024-12-20,2024-12-27,Regular,Soweto,Gauteng,Kids Clothing,Denim Jeans,4,139.32,0.3,390.1,49.23,Standard
11809,2024-03-27,2024-03-28,Wholesale,Paarl,Western Cape,Kids Clothing,School Uniforms,9,559.89,0,5039.01,970.0,Standard
11810,2023-03-13,2023-03-20,Loyalty Member,Sandton,Gauteng,Kids Clothing,Denim Jeans,10,515.35,0.2,4122.8,1247.91,Standard
11811,2024-12-05,2024-12-07,Regular,Durban,KwaZulu-Natal,Kids Clothing,Denim Jeans,1,589.15,0,589.15,79.37,Express
11812,2021-01-23,2021-01-28,Regular,Pietermaritzburg,KwaZulu-Natal,Kids Clothing,Swimwear,9,409.12,0.3,2577.46,240.61,Click and Collect
11813,2023-08-15,2023-08-20,Regular,Sandton,Gauteng,Footwear,Boots,8,249.12,0.05,1893.31,421.08,Standard
11814,2021-08-24,2021-08-26,Regular,Johannesburg,Gauteng,Kids Clothing,Casual T-Shirts,10,118.62,0.1,1067.58,180.1,Click and Collect
11815,2024-03-13,2024-03-20,Loyalty Member,Sandton,Gauteng,Kids Clothing,Summer Dresses,9,100.66,0,905.94,281.09,Express
11816,2024-02-05,2024-02-07,Regular,Johannesburg,Gauteng,Accessories,Belts,1,411.34,0.15,349.64,89.92,Standard
11817,2021-03-19,2021-03-25,Loyalty Member,Richards Bay,KwaZulu-Natal,Footwear,School Shoes,9,480.18,0,4321.62,1018.72,Standard
11818,2024-07-23,2024-07-28,Regular,Mthatha,Eastern Cape,Kids Clothing,Casual T-Shirts,10,156.3,0.3,1094.1,292.17,Standard
11819,2022-07-18,2022-07-23,Regular,Port Elizabeth,Eastern Cape,Footwear,Boots,5,398.81,0.3,1395.83,420.31,Standard
11820,2023-01-14,2023-01-18,Loyalty Member,Soweto,Gauteng,Footwear,Sandals,4,261.54,0.3,732.31,60.92,Standard
11821,2022-12-04,2022-12-11,Loyalty Member,Paarl,Western Cape,Kids Clothing,Winter Jackets,6,262.53,0,1575.18,383.59,Express
11822,2024-11-02,2024-11-05,Regular,Cape Town,Western Cape,Footwear,Sandals,9,228.66,0.1,1852.15,265.26,Standard
11823,2022-02-03,2022-02-06,Wholesale,Stellenbosch,Western Cape,Footwear,School Shoes,3,566.47,0.15,1444.5,410.53,Standard
11824,2024-02-11,2024-02-17,Loyalty Member,Richards Bay,KwaZulu-Natal,Footwear,Slippers,8,536.95,0.3,3006.92,686.48,Standard
11825,2022-04-21,2022-04-24,Regular,Mthatha,Eastern Cape,Kids Clothing,Winter Jackets,5,299.13,0.3,1046.95,228.11,Standard
11826,2022-07-24,2022-07-28,Loyalty Member,Sandton,Gauteng,Kids Clothing,Summer Dresses,3,401.71,0.3,843.59,111.75,Standard
11827,2022-02-12,2022-02-17,Regular,Tzaneen,Limpopo,Accessories,Belts,3,426.9,0.05,1216.66,127.84,Standard
11828,2022-12-02,2022-12-04,Regular,Johannesburg,Gauteng,Kids Clothing,Pyjama Sets,5,416.69,0.05,1979.28,266.0,Standard
11829,2024-12-12,2024-12-13,Regular,Sandton,Gauteng,Kids Clothing,Swimwear,7,101.22,0.3,495.98,148.05,Standard
11830,2024-08-23,2024-08-26,Regular,Johannesburg,Gauteng,Footwear,Sneakers,9,233.55,0,2101.95,633.06,Standard
11831,2021-07-03,2021-07-07,Wholesale,Cape Town,Western Cape,Accessories,School Bags,9,427.85,0.2,3080.52,663.82,Standard
11832,2023-02-08,2023-02-15,Loyalty Member,Pietermaritzburg,KwaZulu-Natal,Kids Clothing,School Uniforms,10,219.12,0.05,2081.64,513.25,Express
11833,2023-01-24,2023-01-26,Regular,Pretoria,Gauteng,Kids Clothing,Pyjama Sets,4,584.26,0,2337.04,642.35,Standard
11834,2023-12-01,2023-12-06,Regular,Richards Bay,KwaZulu-Natal,Footwear,School Shoes,9,543.25,0.2,3911.4,666.92,Standard
11835,2024-07-14,2024-07-18,Regular,Polokwane,Limpopo,Kids Clothing,Casual T-Shirts,4,230.72,0,922.88,103.6,Express
11836,2022-03-22,2022-03-28,Loyalty Member,Tzaneen,Limpopo,Kids Clothing,School Uniforms,4,458.85,0.2,1468.32,312.6,Click and Collect
11837,2024-06-20,2024-06-26,Loyalty Member,Stellenbosch,Western Cape,Footwear,Sneakers,3,413.19,0.1,1115.61,307.26,Standard
11838,2023-01-20,2023-01-22,Regular,Stellenbosch,Western Cape,Kids Clothing,Casual T-Shirts,6,310.48,0.1,1676.59,190.51,Express
11839,2021-02-18,2021-02-22,Regular,Cape Town,Western Cape,Kids Clothing,Denim Jeans,6,463.88,0.2,2226.62,655.67,Express
11840,2023-10-25,2023-10-27,Loyalty Member,Pietermaritzburg,KwaZulu-Natal,Kids Clothing,Winter Jackets,2,241.3,0,482.6,41.66,Click and Collect
11841,2023-01-06,2023-01-12,Regular,East London,Eastern Cape,Footwear,Sandals,5,486.54,0.1,2189.43,634.94,Standard
11842,2022-03-18,2022-03-23,Regular,Cape Town,Western Cape,Footwear,Sandals,2,217.87,0.15,370.38,54.16,Express
11843,2021-06-22,2021-06-26,Regular,Pretoria,Gauteng,Kids Clothing,Winter Jackets,10,322.57,0.3,2257.99,500.18,Standard
11844,2021-03-28,2021-03-28,Loyalty Member,Cape Town,Western Cape,Kids Clothing,Casual T-Shirts,8,420.82,0.2,2693.25,276.71,Standard
11845,2023-09-02,2023-09-03,Regular,Paarl,Western Cape,Accessories,School Bags,5,194.13,0,970.65,153.26,Click and Collect
11846,2023-04-14,2023-04-18,Loyalty Member,Pretoria,Gauteng,Accessories,School Bags,8,496.2,0,3969.6,840.4,Standard
11847,2024-11-17,2024-11-20,Regular,Pretoria,Gauteng,Kids Clothing,School Uniforms,7,416.58,0,2916.06,333.22,Standard
11848,2022-04-26,2022-04-28,Regular,Stellenbosch,Western Cape,Footwear,School Shoes,7,105.95,0,741.65,94.08,Standard
11849,2024-06-21,2024-06-27,Regular,Mokopane,Limpopo,Kids Clothing,Swimwear,3,174.78,0,524.34,54.01,Express
11850,2021-07-14,2021-07-18,Regular,Stellenbosch,Western Cape,Kids Clothing,Denim Jeans,10,161.25,0,1612.5,509.46,Standard
11851,2022-04-28,2022-04-28,Regular,Pretoria,Gauteng,Kids Clothing,School Uniforms,1,594.52,0.05,564.79,162.98,Standard
11852,2022-11-06,2022-11-07,Loyalty Member,Pretoria,Gauteng,Kids Clothing,Pyjama Sets,10,475.33,0,4753.3,510.17,Standard
11853,2023-04-08,2023-04-13,Loyalty Member,Cape Town,Western Cape,Kids Clothing,Denim Jeans,7,576.23,0,4033.61,1093.86,Standard
11854,2023-06-27,2023-06-28,Regular,Sandton,Gauteng,Kids Clothing,Summer Dresses,9,292.86,0.1,2372.17,536.72,Standard
11855,2021-03-09,2021-03-14,Regular,Soweto,Gauteng,Kids Clothing,School Uniforms,10,573.89,0.05,5451.95,1008.3,Standard
11856,2024-11-28,2024-11-28,Loyalty Member,Paarl,Western Cape,Footwear,Sneakers,3,406.13,0.05,1157.47,191.55,Express
11857,2021-06-23,2021-06-25,Regular,Tzaneen,Limpopo,Kids Clothing,Swimwear,2,225.43,0.2,360.69,112.0,Standard
11858,2022-11-17,2022-11-18,Regular,Pietermaritzburg,KwaZulu-Natal,Kids Clothing,Casual T-Shirts,6,200.78,0.2,963.74,273.47,Express
11859,2022-05-15,2022-05-22,Wholesale,Tzaneen,Limpopo,Kids Clothing,Pyjama Sets,6,429.13,0.15,2188.56,284.54,Standard
11860,2024-03-25,2024-03-28,Loyalty Member,Mthatha,Eastern Cape,Kids Clothing,Summer Dresses,3,236.71,0.2,568.1,112.78,Standard
11861,2023-02-11,2023-02-15,Regular,Paarl,Western Cape,Footwear,Boots,4,468.92,0.05,1781.9,281.1,Standard
11862,2023-07-18,2023-07-21,Regular,Soweto,Gauteng,Kids Clothing,Casual T-Shirts,2,289.58,0,579.16,87.48,Standard
11863,2022-10-20,2022-10-27,Loyalty Member,Mthatha,Eastern Cape,Kids Clothing,School Uniforms,6,527.83,0,3166.98,330.51,Click and Collect
11864,2022-12-15,2022-12-16,Regular,Cape Town,Western Cape,Kids Clothing,Summer Dresses,7,119.05,0,833.35,221.67,Express
11865,2021-05-18,2021-05-23,Wholesale,Soweto,Gauteng,Accessories,School Bags,9,546.08,0.2,3931.78,1005.2,Standard
11866,2021-03-04,2021-03-07,Loyalty Member,Pretoria,Gauteng,Kids Clothing,Swimwear,8,291.4,0.15,1981.52,464.05,Express
11867,2022-07-27,2022-07-28,Regular,Soweto,Gauteng,Footwear,Slippers,2,323.6,0.1,582.48,48.18,Standard
11868,2023-09-28,2023-09-28,Regular,Paarl,Western Cape,Footwear,Boots,5,378.25,0,1891.25,432.91,Standard
11869,2021-07-22,2021-07-27,Regular,Stellenbosch,Western Cape,Kids Clothing,School Uniforms,7,143.79,0.15,855.55,229.68,Standard
11870,2021-07-25,2021-07-28,Regular,Paarl,Western Cape,Kids Clothing,Swimwear,2,188.29,0.05,357.75,51.99,Standard
11871,2024-11-14,2024-11-21,Wholesale,Pretoria,Gauteng,Kids Clothing,Swimwear,2,232.54,0.1,418.57,42.39,Standard
11872,2021-07-16,2021-07-21,Wholesale,Cape Town,Western Cape,Accessories,School Bags,2,293.23,0.1,527.81,115.49,Express
11873,2021-01-02,2021-01-09,Loyalty Member,Pretoria,Gauteng,Kids Clothing,Denim Jeans,9,512.7,0.2,3691.44,1051.22,Click and Collect
11874,2024-09-02,2024-09-08,Loyalty Member,Mokopane,Limpopo,Kids Clothing,Summer Dresses,2,575.93,0.05,1094.27,155.25,Click and Collect
11875,2023-05-18,2023-05-21,Regular,Port Elizabeth,Eastern Cape,Kids Clothing,Casual T-Shirts,1,443.63,0,443.63,87.2,Click and Collect
11876,2021-04-18,2021-04-22,Loyalty Member,Stellenbosch,Western Cape,Kids Clothing,Pyjama Sets,2,492.27,0,984.54,126.8,Standard
11877,2021-10-22,2021-10-25,Wholesale,Polokwane,Limpopo,Kids Clothing,Casual T-Shirts,1,171.4,0,171.4,25.61,Standard
11878,2024-11-10,2024-11-13,Wholesale,Stellenbosch,Western Cape,Kids Clothing,Denim Jeans,4,583.57,0.3,1634.0,463.72,Standard
11879,2024-05-28,2024-05-28,Regular,Cape Town,Western Cape,Footwear,School Shoes,1,557.17,0.3,390.02,59.44,Click and Collect
11880,2024-02-26,2024-02-28,Regular,Polokwane,Limpopo,Kids Clothing,Winter Jackets,5,536.26,0,2681.3,671.39,Standard
11881,2023-04-11,2023-04-12,Wholesale,Soweto,Gauteng,Kids Clothing,School Uniforms,7,368.41,0.15,2192.04,352.73,Click and Collect
11882,2022-11-16,2022-11-22,Regular,Johannesburg,Gauteng,Footwear,Sneakers,8,456.54,0,3652.32,1111.1,Standard
11883,2023-09-17,2023-09-20,Regular,Sandton,Gauteng,Accessories,Belts,4,589.39,0,2357.56,397.53,Standard
11884,2023-07-15,2023-07-18,Regular,Tzaneen,Limpopo,Kids Clothing,Denim Jeans,5,541.12,0,2705.6,507.52,Express
11885,2024-03-13,2024-03-17,Regular,Paarl,Western Cape,Kids Clothing,Winter Jackets,7,534.72,0.3,2620.13,223.79,Standard
11886,2023-11-09,2023-11-10,Wholesale,Port Elizabeth,Eastern Cape,Kids Clothing,Pyjama Sets,7,528.18,0.1,3327.53,298.57,Express
11887,2024-02-01,2024-02-02,Regular,Tzaneen,Limpopo,Kids Clothing,Pyjama Sets,5,593.02,0,2965.1,582.96,Standard
11888,2021-08-14,2021-08-16,Regular,Paarl,Western Cape,Kids Clothing,Swimwear,3,160.4,0,481.2,102.27,Standard
11889,2022-05-01,2022-05-06,Loyalty Member,Sandton,Gauteng,Kids Clothing,Winter Jackets,10,390.44,0.1,3513.96,308.06,Standard
11890,2021-12-25,2021-12-28,Regular,Johannesburg,Gauteng,Accessories,School Bags,2,566.37,0.15,962.83,231.16,Express
11891,2023-04-11,2023-04-18,Regular,Polokwane,Limpopo,Footwear,Slippers,3,560.0,0,1680.0,453.55,Standard
11892,2021-11-23,2021-11-28,Loyalty Member,Soweto,Gauteng,Kids Clothing,Swimwear,8,356.34,0,2850.72,315.38,Standard
11893,2021-01-10,2021-01-11,Wholesale,Richards Bay,KwaZulu-Natal,Kids Clothing,School Uniforms,10,258.79,0,2587.9,695.61,Standard
11894,2021-11-09,2021-11-12,Loyalty Member,Soweto,Gauteng,Kids Clothing,Pyjama Sets,3,369.81,0,1109.43,111.39,Standard
11895,2022-01-13,2022-01-15,Wholesale,Pietermaritzburg,KwaZulu-Natal,Kids Clothing,Pyjama Sets,1,432.58,0.05,410.95,78.7,Standard
11896,2021-11-05,2021-11-06,Loyalty Member,Paarl,Western Cape,Accessories,Hair Accessories,5,563.89,0.05,2678.48,742.7,Standard
11897,2021-06-27,2021-06-28,Wholesale,Sandton,Gauteng,Footwear,Slippers,10,245.09,0,2450.9,516.49,Standard
11898,2021-07-20,2021-07-24,Loyalty Member,Johannesburg,Gauteng,Kids Clothing,Summer Dresses,9,398.95,0.2,2872.44,239.98,Standard
11899,2021-07-11,2021-07-15,Regular,Pretoria,Gauteng,Kids Clothing,Casual T-Shirts,1,131.33,0.15,111.63,12.79,Standard
11900,2022-07-22,2022-07-27,Loyalty Member,Paarl,Western Cape,Kids Clothing,Winter Jackets,4,412.86,0.1,1486.3,188.27,Express
11901,2022-11-20,2022-11-27,Regular,Sandton,Gauteng,Footwear,Boots,3,253.79,0,761.37,158.03,Express
11902,2022-12-05,2022-12-08,Regular,Stellenbosch,Western Cape,Footwear,Sneakers,2,320.73,0,641.46,98.7,Express
11903,2023-04-28,2023-04-28,Regular,Pietermaritzburg,KwaZulu-Natal,Kids Clothing,Winter Jackets,10,562.36,0.2,4498.88,547.91,Standard
11904,2024-01-06,2024-01-09,Regular,Stellenbosch,Western Cape,Accessories,Sun Hats,4,424.15,0.15,1442.11,349.22,Standard
11905,2022-04-28,2022-04-28,Regular,Pretoria,Gauteng,Kids Clothing,Winter Jackets,1,553.94,0,553.94,124.76,Standard
11906,2021-08-06,2021-08-07,Loyalty Member,Pretoria,Gauteng,Footwear,School Shoes,5,133.38,0.3,466.83,98.02,Express
11907,2021-06-22,2021-06-24,Regular,Soweto,Gauteng,Kids Clothing,Swimwear,1,291.07,0,291.07,80.53,Express
11908,2022-02-27,2022-02-28,Regular,Johannesburg,Gauteng,Footwear,Sneakers,1,183.32,0,183.32,33.06,Express
11909,2021-02-19,2021-02-21,Regular,Durban,KwaZulu-Natal,Kids Clothing,Denim Jeans,8,132.22,0,1057.76,85.14,Express
11910,2022-12-19,2022-12-25,Regular,Johannesburg,Gauteng,Kids Clothing,Winter Jackets,7,453.93,0.1,2859.76,709.23,Standard
11911,2023-06-20,2023-06-23,Loyalty Member,Stellenbosch,Western Cape,Footwear,Sandals,4,89.24,0.15,303.42,77.21,Click and Collect
11912,2022-12-08,2022-12-09,Loyalty Member,Mokopane,Limpopo,Kids Clothing,Swimwear,9,480.87,0.1,3895.05,621.49,Standard
11913,2023-04-15,2023-04-16,Loyalty Member,Durban,KwaZulu-Natal,Accessories,Scarves,4,434.62,0,1738.48,522.93,Express
11914,2024-07-14,2024-07-20,Regular,Johannesburg,Gauteng,Footwear,Boots,2,152.76,0,305.52,65.05,Express
11915,2023-08-18,2023-08-19,Loyalty Member,Johannesburg,Gauteng,Footwear,Sandals,3,214.41,0,643.23,111.79,Express
11916,2024-01-13,2024-01-19,Regular,Mthatha,Eastern Cape,Kids Clothing,Summer Dresses,3,190.2,0.3,399.42,43.75,Standard
11917,2022-02-28,2022-02-28,Loyalty Member,Sandton,Gauteng,Kids Clothing,Summer Dresses,8,131.73,0.1,948.46,268.41,Express
11918,2022-01-02,2022-01-03,Regular,Polokwane,Limpopo,Kids Clothing,Summer Dresses,10,472.69,0,4726.9,1369.33,Express
11919,2021-04-05,2021-04-08,Regular,Soweto,Gauteng,Kids Clothing,Casual T-Shirts,9,452.94,0,4076.46,806.38,Standard
11920,2024-07-11,2024-07-16,Loyalty Member,Stellenbosch,Western Cape,Accessories,Sun Hats,1,137.07,0.1,123.36,29.63,Standard
11921,2024-06-06,2024-06-12,Regular,Sandton,Gauteng,Kids Clothing,Swimwear,4,533.47,0.15,1813.8,172.8,Standard
11922,2022-05-11,2022-05-14,Regular,Cape Town,Western Cape,Footwear,Boots,6,563.48,0.2,2704.7,614.68,Click and Collect
11923,2023-09-15,2023-09-20,Regular,Soweto,Gauteng,Kids Clothing,Swimwear,10,235.87,0.15,2004.89,559.99,Standard
11924,2024-11-05,2024-11-08,Loyalty Member,Stellenbosch,Western Cape,Accessories,Hair Accessories,6,284.37,0.15,1450.29,414.93,Standard
11925,2021-07-25,2021-07-27,Loyalty Member,Pietermaritzburg,KwaZulu-Natal,Kids Clothing,Summer Dresses,6,447.1,0.3,1877.82,413.56,Standard
11926,2023-03-03,2023-03-05,Regular,Sandton,Gauteng,Footwear,Sneakers,1,183.88,0.05,174.69,26.25,Standard
11927,2021-05-12,2021-05-16,Loyalty Member,Pietermaritzburg,KwaZulu-Natal,Kids Clothing,School Uniforms,9,237.57,0,2138.13,406.56,Standard
11928,2022-02-10,2022-02-14,Loyalty Member,Pretoria,Gauteng,Kids Clothing,Pyjama Sets,3,442.64,0.1,1195.13,186.44,Express
11929,2024-08-13,2024-08-20,Regular,Durban,KwaZulu-Natal,Kids Clothing,Summer Dresses,3,521.84,0.2,1252.42,160.45,Standard
11930,2022-03-01,2022-03-08,Loyalty Member,Polokwane,Limpopo,Footwear,Slippers,5,345.72,0.1,1555.74,171.69,Express
11931,2022-04-25,2022-04-27,Loyalty Member,Soweto,Gauteng,Kids Clothing,Swimwear,9,173.86,0.2,1251.79,249.99,Express
11932,2021-12-07,2021-12-11,Loyalty Member,Stellenbosch,Western Cape,Kids Clothing,Winter Jackets,7,536.12,0,3752.84,321.87,Click and Collect
11933,2024-05-19,2024-05-25,Loyalty Member,Port Elizabeth,Eastern Cape,Kids Clothing,Denim Jeans,6,478.43,0,2870.58,855.27,Click and Collect
11934,2023-01-27,2023-01-28,Regular,Polokwane,Limpopo,Accessories,Scarves,7,144.96,0.15,862.51,231.93,Standard
11935,2021-09-02,2021-09-04,Regular,Mokopane,Limpopo,Footwear,School Shoes,5,219.19,0,1095.95,103.79,Standard
11936,2022-02-12,2022-02-16,Regular,Sandton,Gauteng,Kids Clothing,Winter Jackets,4,355.44,0,1421.76,207.39,Express
11937,2024-05-15,2024-05-18,Regular,Johannesburg,Gauteng,Footwear,School Shoes,2,559.31,0.15,950.83,163.11,Standard
11938,2024-08-18,2024-08-21,Regular,Paarl,Western Cape,Accessories,School Bags,7,546.7,0.05,3635.56,712.92,Standard
11939,2021-02-12,2021-02-17,Wholesale,Tzaneen,Limpopo,Kids Clothing,Casual T-Shirts,2,132.45,0.3,185.43,51.62,Standard
11940,2023-10-24,2023-10-28,Regular,Pretoria,Gauteng,Kids Clothing,Swimwear,1,455.9,0,455.9,72.89,Click and Collect
11941,2022-06-07,2022-06-10,Loyalty Member,Johannesburg,Gauteng,Kids Clothing,Casual T-Shirts,3,367.17,0.05,1046.43,175.32,Standard
11942,2022-10-21,2022-10-26,Regular,Richards Bay,KwaZulu-Natal,Kids Clothing,Casual T-Shirts,3,137.07,0.3,287.85,46.18,Standard
11943,2023-09-27,2023-09-28,Regular,Tzaneen,Limpopo,Footwear,Sandals,1,504.54,0.05,479.31,39.09,Express
11944,2023-04-06,2023-04-13,Loyalty Member,Soweto,Gauteng,Kids Clothing,Denim Jeans,4,219.07,0,876.28,204.27,Express
11945,2021-03-11,2021-03-13,Wholesale,East London,Eastern Cape,Kids Clothing,Summer Dresses,1,498.93,0.3,349.25,96.52,Click and Collect
11946,2021-09-19,2021-09-23,Loyalty Member,Paarl,Western Cape,Footwear,Sandals,9,530.16,0,4771.44,1469.75,Express
11947,2024-08-24,2024-08-28,Regular,Paarl,Western Cape,Kids Clothing,Pyjama Sets,8,421.76,0.2,2699.26,344.48,Express
11948,2021-01-15,2021-01-16,Loyalty Member,Cape Town,Western Cape,Footwear,Sneakers,3,187.67,0.1,506.71,99.99,Click and Collect
11949,2021-06-24,2021-06-28,Wholesale,Soweto,Gauteng,Kids Clothing,Denim Jeans,7,565.68,0.3,2771.83,293.82,Standard
11950,2024-06-25,2024-06-28,Regular,Soweto,Gauteng,Kids Clothing,Denim Jeans,7,356.25,0.05,2369.06,300.27,Express
11951,2021-01-20,2021-01-26,Wholesale,Pretoria,Gauteng,Footwear,Sandals,7,436.9,0.15,2599.55,330.42,Standard
11952,2022-12-06,2022-12-08,Regular,Mthatha,Eastern Cape,Kids Clothing,Denim Jeans,1,322.91,0.15,274.47,67.63,Standard
11953,2022-07-02,2022-07-09,Loyalty Member,Stellenbosch,Western Cape,Kids Clothing,School Uniforms,6,107.94,0,647.64,58.63,Standard
11954,2022-07-01,2022-07-02,Regular,Pretoria,Gauteng,Kids Clothing,Pyjama Sets,4,430.41,0.3,1205.15,359.54,Standard
11955,2022-04-11,2022-04-14,Regular,Pretoria,Gauteng,Accessories,Belts,3,143.98,0.2,345.55,66.79,Standard
11956,2023-07-08,2023-07-14,Wholesale,Soweto,Gauteng,Kids Clothing,Winter Jackets,4,503.28,0,2013.12,584.58,Standard
11957,2024-12-05,2024-12-12,Regular,Pietermaritzburg,KwaZulu-Natal,Footwear,Sandals,5,289.35,0.15,1229.74,176.26,Click and Collect
11958,2022-12-16,2022-12-22,Regular,Cape Town,Western Cape,Kids Clothing,Pyjama Sets,3,99.6,0.2,239.04,57.22,Standard
11959,2024-01-11,2024-01-12,Regular,Sandton,Gauteng,Footwear,Boots,2,293.33,0.05,557.33,142.18,Click and Collect
11960,2022-04-11,2022-04-15,Regular,Port Elizabeth,Eastern Cape,Footwear,Sandals,1,134.6,0,134.6,12.6,Standard
11961,2021-09-27,2021-09-28,Loyalty Member,Johannesburg,Gauteng,Kids Clothing,Pyjama Sets,1,501.87,0.1,451.68,128.67,Standard
11962,2021-03-17,2021-03-23,Regular,Polokwane,Limpopo,Accessories,School Bags,6,366.32,0,2197.92,505.52,Standard
11963,2022-01-09,2022-01-15,Regular,Stellenbosch,Western Cape,Kids Clothing,Swimwear,7,289.89,0,2029.23,411.61,Express
11964,2022-03-22,2022-03-28,Regular,Johannesburg,Gauteng,Accessories,Belts,5,486.7,0.1,2190.15,579.48,Express
11965,2023-12-08,2023-12-09,Regular,Polokwane,Limpopo,Kids Clothing,Denim Jeans,4,432.92,0.05,1645.1,134.91,Express
11966,2024-04-20,2024-04-24,Wholesale,Pietermaritzburg,KwaZulu-Natal,Kids Clothing,Denim Jeans,2,469.97,0,939.94,225.72,Express
11967,2024-07-24,2024-07-28,Loyalty Member,Johannesburg,Gauteng,Kids Clothing,Swimwear,8,306.84,0,2454.72,496.3,Standard
11968,2022-11-17,2022-11-22,Regular,Port Elizabeth,Eastern Cape,Kids Clothing,Denim Jeans,9,551.09,0.15,4215.84,362.13,Express
11969,2024-11-06,2024-11-10,Loyalty Member,Polokwane,Limpopo,Kids Clothing,Casual T-Shirts,7,315.37,0,2207.59,478.54,Express
11970,2024-11-13,2024-11-14,Regular,Tzaneen,Limpopo,Kids Clothing,Pyjama Sets,10,433.75,0,4337.5,829.82,Standard
11971,2022-06-19,2022-06-24,Regular,Stellenbosch,Western Cape,Kids Clothing,Casual T-Shirts,3,310.26,0.3,651.55,111.57,Standard
11972,2022-09-12,2022-09-18,Regular,Sandton,Gauteng,Kids Clothing,Pyjama Sets,5,152.65,0.3,534.27,56.76,Click and Collect
11973,2024-06-16,2024-06-21,Wholesale,Johannesburg,Gauteng,Kids Clothing,Swimwear,6,531.38,0.15,2710.04,738.06,Standard
11974,2024-02-21,2024-02-22,Regular,East London,Eastern Cape,Kids Clothing,Swimwear,6,483.67,0,2902.02,732.52,Standard
11975,2023-10-23,2023-10-28,Loyalty Member,Stellenbosch,Western Cape,Accessories,Scarves,8,595.13,0.05,4522.99,1059.35,Express
11976,2022-01-04,2022-01-05,Regular,Durban,KwaZulu-Natal,Kids Clothing,Pyjama Sets,9,288.63,0,2597.67,515.42,Standard
11977,2021-07-22,2021-07-28,Wholesale,Durban,KwaZulu-Natal,Kids Clothing,Swimwear,4,297.12,0.05,1129.06,312.75,Express
11978,2021-07-06,2021-07-07,Loyalty Member,Stellenbosch,Western Cape,Kids Clothing,Summer Dresses,5,489.6,0.2,1958.4,462.75,Standard
11979,2023-12-26,2023-12-28,Regular,Pretoria,Gauteng,Footwear,Sneakers,1,444.62,0.15,377.93,75.12,Express
11980,2021-11-25,2021-11-28,Wholesale,Sandton,Gauteng,Footwear,Boots,5,114.35,0.2,457.4,96.17,Standard
11981,2022-06-21,2022-06-24,Regular,Sandton,Gauteng,Kids Clothing,School Uniforms,5,283.22,0.2,1132.88,334.33,Click and Collect
11982,2024-06-28,2024-06-28,Loyalty Member,Paarl,Western Cape,Kids Clothing,Swimwear,5,375.4,0.05,1783.15,425.68,Click and Collect
11983,2024-11-06,2024-11-13,Regular,Soweto,Gauteng,Accessories,Scarves,9,248.73,0,2238.57,194.83,Express
11984,2024-08-12,2024-08-17,Regular,Sandton,Gauteng,Footwear,Boots,10,375.03,0.1,3375.27,513.66,Click and Collect
11985,2024-10-23,2024-10-26,Regular,Port Elizabeth,Eastern Cape,Footwear,Sneakers,6,496.85,0.15,2533.94,807.53,Standard
11986,2022-09-09,2022-09-13,Regular,Johannesburg,Gauteng,Kids Clothing,Summer Dresses,10,475.83,0,4758.3,1176.57,Standard
11987,2024-03-28,2024-03-28,Loyalty Member,Sandton,Gauteng,Accessories,School Bags,4,375.74,0,1502.96,143.12,Standard
11988,2023-02-12,2023-02-13,Loyalty Member,Richards Bay,KwaZulu-Natal,Kids Clothing,Winter Jackets,1,424.55,0,424.55,65.72,Standard
11989,2021-03-15,2021-03-20,Loyalty Member,Pretoria,Gauteng,Footwear,Slippers,6,184.93,0,1109.58,118.51,Standard
11990,2023-10-01,2023-10-04,Regular,Polokwane,Limpopo,Kids Clothing,Casual T-Shirts,5,164.98,0.2,659.92,185.91,Standard
11991,2022-11-12,2022-11-13,Regular,Richards Bay,KwaZulu-Natal,Kids Clothing,Summer Dresses,9,453.61,0.15,3470.12,567.9,Standard
11992,2021-05-21,2021-05-28,Loyalty Member,Johannesburg,Gauteng,Footwear,School Shoes,10,207.4,0,2074.0,204.94,Express
11993,2023-06-27,2023-06-28,Loyalty Member,Pretoria,Gauteng,Footwear,Boots,3,330.69,0,992.07,178.35,Standard
11994,2024-05-13,2024-05-14,Loyalty Member,Polokwane,Limpopo,Footwear,Boots,6,580.29,0,3481.74,914.49,Standard
11995,2021-03-25,2021-03-28,Regular,Stellenbosch,Western Cape,Kids Clothing,Swimwear,8,289.05,0,2312.4,511.96,Click and Collect
11996,2024-10-08,2024-10-09,Regular,Pietermaritzburg,KwaZulu-Natal,Footwear,Sandals,10,393.83,0,3938.3,727.0,Standard
11997,2021-05-11,2021-05-12,Loyalty Member,Richards Bay,KwaZulu-Natal,Kids Clothing,Summer Dresses,3,555.33,0.2,1332.79,247.59,Express
11998,2021-03-25,2021-03-27,Loyalty Member,Pretoria,Gauteng,Kids Clothing,Denim Jeans,9,577.21,0.1,4675.4,937.42,Click and Collect
11999,2021-11-10,2021-11-16,Regular,Cape Town,Western Cape,Footwear,Boots,5,275.8,0,1379.0,293.33,Express
12000,2022-02-08,2022-02-11,Loyalty Member,Stellenbosch,Western Cape,Kids Clothing,Casual T-Shirts,3,398.25,0,1194.75,127.18,Standard
12001,2021-12-10,2021-12-16,Regular,Johannesburg,Gauteng,Footwear,Sneakers,4,311.3,0.15,1058.42,141.83,Express
12002,2021-11-21,2021-11-28,Regular,Paarl,Western Cape,Kids Clothing,Pyjama Sets,2,252.55,0.2,404.08,46.59,Standard
12003,2024-10-05,2024-10-09,Loyalty Member,East London,Eastern Cape,Accessories,Sun Hats,3,348.71,0.2,836.9,95.32,Express
12004,2021-12-17,2021-12-21,Regular,Paarl,Western Cape,Kids Clothing,Denim Jeans,4,291.51,0,1166.04,313.48,Standard
12005,2024-07-25,2024-07-28,Regular,Cape Town,Western Cape,Kids Clothing,Pyjama Sets,8,337.54,0.3,1890.22,443.13,Standard
12006,2021-06-28,2021-06-28,Regular,Stellenbosch,Western Cape,Kids Clothing,Summer Dresses,1,155.78,0.2,124.62,32.17,Standard
12007,2024-09-20,2024-09-21,Wholesale,Mthatha,Eastern Cape,Footwear,School Shoes,3,392.17,0.2,941.21,177.53,Standard
12008,2022-11-25,2022-11-26,Regular,Pretoria,Gauteng,Footwear,Boots,6,240.77,0,1444.62,301.57,Express
12009,2022-07-18,2022-07-23,Loyalty Member,Cape Town,Western Cape,Footwear,Sandals,8,176.99,0,1415.92,409.38,Standard
12010,2022-04-09,2022-04-13,Regular,Paarl,Western Cape,Kids Clothing,School Uniforms,4,362.06,0,1448.24,241.56,Standard
12011,2021-09-24,2021-09-26,Loyalty Member,Durban,KwaZulu-Natal,Footwear,Slippers,2,458.07,0.2,732.91,97.73,Express
12012,2022-09-19,2022-09-25,Loyalty Member,Durban,KwaZulu-Natal,Footwear,Sandals,7,395.12,0.3,1936.09,502.96,Standard
12013,2023-11-16,2023-11-20,Regular,Johannesburg,Gauteng,Kids Clothing,School Uniforms,5,445.36,0,2226.8,595.29,Click and Collect
12014,2021-08-04,2021-08-08,Regular,Paarl,Western Cape,Footwear,Slippers,10,252.53,0,2525.3,333.35,Standard
12015,2023-02-25,2023-02-26,Loyalty Member,Mthatha,Eastern Cape,Footwear,Sneakers,6,221.37,0.15,1128.99,204.21,Standard
12016,2024-06-11,2024-06-15,Regular,Mthatha,Eastern Cape,Kids Clothing,School Uniforms,4,312.99,0,1251.96,306.91,Express
12017,2024-03-28,2024-03-28,Regular,Stellenbosch,Western Cape,Kids Clothing,Casual T-Shirts,7,560.07,0.3,2744.34,577.78,Click and Collect
12018,2023-06-16,2023-06-18,Regular,Pretoria,Gauteng,Accessories,Hair Accessories,5,508.81,0,2544.05,304.8,Standard
12019,2023-11-13,2023-11-14,Loyalty Member,Soweto,Gauteng,Kids Clothing,Casual T-Shirts,4,460.04,0,1840.16,278.32,Express
12020,2021-08-14,2021-08-21,Regular,Stellenbosch,Western Cape,Footwear,Sneakers,3,239.72,0.05,683.2,73.13,Standard
12021,2024-04-14,2024-04-17,Regular,Sandton,Gauteng,Kids Clothing,Denim Jeans,7,391.51,0.3,1918.4,580.27,Standard
12022,2022-01-01,2022-01-04,Loyalty Member,Soweto,Gauteng,Accessories,Sun Hats,7,460.76,0,3225.32,850.59,Standard
12023,2022-12-05,2022-12-12,Regular,Mokopane,Limpopo,Footwear,Boots,1,284.48,0.05,270.26,39.79,Standard
12024,2023-01-13,2023-01-19,Loyalty Member,Polokwane,Limpopo,Kids Clothing,Casual T-Shirts,3,154.42,0,463.26,68.28,Standard
12025,2022-01-03,2022-01-08,Loyalty Member,Paarl,Western Cape,Accessories,Hair Accessories,1,521.47,0.3,365.03,58.52,Standard
12026,2023-10-16,2023-10-19,Loyalty Member,Soweto,Gauteng,Kids Clothing,Summer Dresses,3,143.29,0,429.87,45.78,Standard
12027,2024-06-14,2024-06-17,Loyalty Member,Johannesburg,Gauteng,Kids Clothing,School Uniforms,1,309.66,0.3,216.76,28.33,Express
12028,2023-07-28,2023-07-28,Regular,Stellenbosch,Western Cape,Kids Clothing,Denim Jeans,8,589.35,0.15,4007.58,1121.61,Standard
12029,2022-12-28,2022-12-28,Loyalty Member,Soweto,Gauteng,Footwear,Sandals,8,555.07,0,4440.56,449.75,Express
12030,2022-09-28,2022-09-28,Loyalty Member,Richards Bay,KwaZulu-Natal,Kids Clothing,Casual T-Shirts,9,587.8,0,5290.2,1309.05,Standard
12031,2022-11-27,2022-11-28,Wholesale,Soweto,Gauteng,Kids Clothing,Swimwear,3,147.61,0.05,420.69,114.68,Express
12032,2024-02-26,2024-02-28,Loyalty Member,Stellenbosch,Western Cape,Kids Clothing,Winter Jackets,10,107.68,0,1076.8,166.38,Express
12033,2021-04-16,2021-04-22,Loyalty Member,Stellenbosch,Western Cape,Kids Clothing,Swimwear,6,345.8,0.15,1763.58,435.19,Click and Collect
12034,2022-11-20,2022-11-25,Regular,Johannesburg,Gauteng,Accessories,Sun Hats,10,411.38,0,4113.8,1228.32,Express
12035,2023-02-15,2023-02-22,Regular,Pretoria,Gauteng,Accessories,School Bags,5,513.36,0.2,2053.44,606.85,Click and Collect
12036,2021-12-06,2021-12-12,Regular,Cape Town,Western Cape,Kids Clothing,Summer Dresses,10,394.1,0.15,3349.85,475.58,Express
12037,2023-06-08,2023-06-09,Loyalty Member,Pretoria,Gauteng,Footwear,School Shoes,8,393.89,0.15,2678.45,712.58,Express
12038,2024-12-22,2024-12-25,Regular,Soweto,Gauteng,Kids Clothing,Pyjama Sets,1,375.83,0,375.83,93.44,Standard
12039,2022-06-21,2022-06-28,Regular,Tzaneen,Limpopo,Kids Clothing,Summer Dresses,4,580.13,0.3,1624.36,204.84,Standard
12040,2021-08-23,2021-08-25,Regular,Paarl,Western Cape,Kids Clothing,School Uniforms,3,244.87,0,734.61,172.72,Express
12041,2023-02-23,2023-02-28,Loyalty Member,Pretoria,Gauteng,Kids Clothing,Pyjama Sets,4,183.26,0.05,696.39,128.23,Standard
12042,2021-02-18,2021-02-19,Regular,Pietermaritzburg,KwaZulu-Natal,Kids Clothing,Swimwear,9,534.03,0.1,4325.64,507.28,Click and Collect
12043,2021-03-23,2021-03-26,Regular,Stellenbosch,Western Cape,Footwear,Boots,7,268.03,0,1876.21,203.24,Express
12044,2024-11-03,2024-11-06,Regular,Sandton,Gauteng,Footwear,Sneakers,2,246.55,0.15,419.13,52.88,Standard
12045,2021-04-15,2021-04-16,Regular,Pretoria,Gauteng,Kids Clothing,School Uniforms,10,117.46,0,1174.6,202.65,Standard
12046,2021-01-21,2021-01-23,Loyalty Member,Sandton,Gauteng,Kids Clothing,Denim Jeans,10,593.94,0,5939.4,1379.14,Standard
12047,2024-07-23,2024-07-27,Loyalty Member,Soweto,Gauteng,Footwear,Slippers,6,208.2,0.2,999.36,102.32,Standard
12048,2021-11-27,2021-11-28,Loyalty Member,Durban,KwaZulu-Natal,Kids Clothing,Denim Jeans,4,488.56,0.1,1758.82,194.24,Express
12049,2022-05-01,2022-05-05,Regular,Pretoria,Gauteng,Kids Clothing,Casual T-Shirts,4,191.8,0.1,690.48,167.02,Standard
12050,2022-04-09,2022-04-11,Wholesale,Johannesburg,Gauteng,Footwear,Boots,7,549.29,0.1,3460.53,884.5,Standard
12051,2023-05-06,2023-05-09,Regular,Paarl,Western Cape,Accessories,Sun Hats,9,257.18,0,2314.62,435.02,Standard
12052,2021-10-28,2021-10-28,Loyalty Member,Paarl,Western Cape,Accessories,Belts,6,399.48,0.3,1677.82,473.89,Click and Collect
12053,2022-10-14,2022-10-21,Regular,East London,Eastern Cape,Kids Clothing,Denim Jeans,2,517.15,0.3,724.01,128.27,Standard
12054,2024-02-26,2024-02-28,Regular,Johannesburg,Gauteng,Kids Clothing,Denim Jeans,6,228.72,0.3,960.62,125.79,Standard
12055,2023-12-24,2023-12-28,Regular,Richards Bay,KwaZulu-Natal,Accessories,Hair Accessories,8,389.41,0.1,2803.75,531.81,Standard
12056,2021-08-23,2021-08-28,Loyalty Member,Port Elizabeth,Eastern Cape,Accessories,Hair Accessories,10,115.26,0.1,1037.34,237.65,Click and Collect
12057,2021-01-25,2021-01-27,Loyalty Member,Pietermaritzburg,KwaZulu-Natal,Accessories,Hair Accessories,2,260.73,0.3,365.02,101.85,Standard
12058,2023-01-21,2023-01-24,Regular,Paarl,Western Cape,Accessories,School Bags,7,339.61,0.1,2139.54,305.06,Click and Collect
12059,2022-04-10,2022-04-16,Loyalty Member,Stellenbosch,Western Cape,Footwear,Boots,10,352.73,0,3527.3,1029.64,Click and Collect
12060,2023-06-25,2023-06-26,Regular,Pietermaritzburg,KwaZulu-Natal,Footwear,Sandals,8,264.01,0,2112.08,237.76,Express
12061,2023-03-26,2023-03-28,Loyalty Member,Soweto,Gauteng,Kids Clothing,Summer Dresses,6,497.78,0,2986.68,454.45,Standard
12062,2022-06-02,2022-06-09,Regular,Durban,KwaZulu-Natal,Accessories,Hair Accessories,7,468.73,0.2,2624.89,760.93,Standard
12063,2021-11-14,2021-11-21,Loyalty Member,Richards Bay,KwaZulu-Natal,Kids Clothing,Swimwear,7,527.32,0,3691.24,889.89,Standard
12064,2023-04-01,2023-04-07,Loyalty Member,Port Elizabeth,Eastern Cape,Accessories,Sun Hats,8,369.13,0.2,2362.43,529.8,Standard
12065,2022-01-25,2022-01-28,Loyalty Member,Richards Bay,KwaZulu-Natal,Kids Clothing,Swimwear,8,323.43,0.2,2069.95,542.65,Standard
12066,2022-07-11,2022-07-15,Loyalty Member,Cape Town,Western Cape,Kids Clothing,Winter Jackets,5,196.76,0.1,885.42,156.46,Express
12067,2024-12-24,2024-12-28,Regular,Cape Town,Western Cape,Footwear,Sandals,4,202.4,0.3,566.72,137.78,Standard
12068,2021-08-08,2021-08-15,Regular,Stellenbosch,Western Cape,Accessories,Hair Accessories,8,540.93,0,4327.44,1047.45,Click and Collect
12069,2024-04-13,2024-04-17,Regular,Johannesburg,Gauteng,Accessories,Belts,10,338.08,0.3,2366.56,339.82,Standard
12070,2023-10-09,2023-10-15,Wholesale,Pretoria,Gauteng,Footwear,Sneakers,3,388.59,0.05,1107.48,207.18,Standard
12071,2023-01-25,2023-01-28,Regular,Stellenbosch,Western Cape,Kids Clothing,Winter Jackets,1,224.22,0,224.22,19.15,Click and Collect
12072,2024-08-12,2024-08-13,Regular,Soweto,Gauteng,Kids Clothing,School Uniforms,6,473.73,0.05,2700.26,638.39,Standard
12073,2021-01-21,2021-01-27,Loyalty Member,Stellenbosch,Western Cape,Footwear,Sneakers,7,271.1,0,1897.7,262.11,Standard
12074,2023-06-08,2023-06-13,Loyalty Member,Tzaneen,Limpopo,Kids Clothing,Summer Dresses,6,575.45,0.05,3280.07,943.28,Standard
12075,2024-07-02,2024-07-08,Loyalty Member,Richards Bay,KwaZulu-Natal,Accessories,School Bags,5,326.87,0,1634.35,158.26,Express
12076,2023-10-25,2023-10-28,Regular,Soweto,Gauteng,Footwear,Slippers,9,378.53,0.2,2725.42,763.26,Click and Collect
12077,2021-09-04,2021-09-10,Regular,Mthatha,Eastern Cape,Accessories,Scarves,7,306.46,0.1,1930.7,492.79,Standard
12078,2024-02-17,2024-02-23,Regular,Pietermaritzburg,KwaZulu-Natal,Footwear,Sneakers,8,462.87,0.2,2962.37,521.3,Express
12079,2024-09-05,2024-09-11,Regular,Richards Bay,KwaZulu-Natal,Kids Clothing,Casual T-Shirts,6,587.75,0.15,2997.53,251.87,Express
12080,2021-05-23,2021-05-25,Regular,Richards Bay,KwaZulu-Natal,Footwear,Slippers,3,342.15,0.1,923.8,263.55,Standard
12081,2024-11-08,2024-11-13,Wholesale,Pretoria,Gauteng,Kids Clothing,School Uniforms,6,123.29,0,739.74,153.62,Standard
12082,2023-08-10,2023-08-14,Loyalty Member,Port Elizabeth,Eastern Cape,Footwear,Sneakers,8,462.95,0.15,3148.06,378.52,Standard
12083,2023-03-01,2023-03-03,Regular,Sandton,Gauteng,Kids Clothing,Pyjama Sets,3,556.33,0.05,1585.54,424.83,Standard
12084,2022-06-03,2022-06-08,Loyalty Member,Mthatha,Eastern Cape,Accessories,Hair Accessories,5,561.09,0.3,1963.82,382.9,Standard
12085,2021-04-12,2021-04-13,Regular,Pretoria,Gauteng,Kids Clothing,Winter Jackets,4,225.44,0.2,721.41,191.45,Standard
12086,2021-06-07,2021-06-12,Regular,Mokopane,Limpopo,Kids Clothing,School Uniforms,8,369.69,0.15,2513.89,408.49,Express
12087,2021-10-17,2021-10-20,Loyalty Member,Richards Bay,KwaZulu-Natal,Kids Clothing,Summer Dresses,9,588.4,0.15,4501.26,750.1,Standard
12088,2021-07-15,2021-07-18,Regular,Durban,KwaZulu-Natal,Kids Clothing,Swimwear,2,388.67,0.1,699.61,145.38,Click and Collect
12089,2021-09-23,2021-09-28,Wholesale,Cape Town,Western Cape,Accessories,School Bags,5,530.74,0.05,2521.01,358.46,Express
12090,2022-05-06,2022-05-07,Loyalty Member,Pietermaritzburg,KwaZulu-Natal,Footwear,Sandals,1,517.61,0,517.61,62.95,Standard
12091,2022-08-07,2022-08-10,Regular,Cape Town,Western Cape,Kids Clothing,Summer Dresses,4,131.76,0.15,447.98,74.81,Express
12092,2021-06-08,2021-06-09,Regular,Stellenbosch,Western Cape,Kids Clothing,Denim Jeans,2,431.58,0,863.16,254.19,Express
12093,2024-06-20,2024-06-25,Regular,Sandton,Gauteng,Kids Clothing,Swimwear,7,210.06,0.1,1323.38,209.26,Click and Collect
12094,2021-09-24,2021-09-26,Regular,Johannesburg,Gauteng,Accessories,Belts,5,263.03,0,1315.15,236.82,Express
12095,2021-01-14,2021-01-15,Regular,Mthatha,Eastern Cape,Footwear,Slippers,2,97.81,0,195.62,23.16,Standard
12096,2021-07-18,2021-07-20,Regular,Pretoria,Gauteng,Kids Clothing,Swimwear,8,270.48,0.2,1731.07,209.32,Express
12097,2024-03-01,2024-03-06,Regular,Stellenbosch,Western Cape,Footwear,School Shoes,1,94.67,0.05,89.94,10.2,Express
12098,2023-08-05,2023-08-12,Regular,Paarl,Western Cape,Footwear,Sandals,3,104.56,0.3,219.58,65.67,Standard
12099,2023-10-16,2023-10-22,Loyalty Member,Cape Town,Western Cape,Accessories,Sun Hats,10,267.32,0.1,2405.88,385.72,Click and Collect
12100,2021-06-22,2021-06-27,Regular,Mthatha,Eastern Cape,Accessories,Belts,7,97.13,0.2,543.93,49.25,Standard
12101,2022-03-09,2022-03-10,Loyalty Member,Sandton,Gauteng,Accessories,Scarves,8,575.86,0.2,3685.5,907.45,Express
12102,2023-01-23,2023-01-28,Loyalty Member,Cape Town,Western Cape,Accessories,Belts,9,257.55,0.2,1854.36,576.9,Standard
12103,2021-02-13,2021-02-16,Regular,Pietermaritzburg,KwaZulu-Natal,Kids Clothing,Denim Jeans,9,339.99,0.3,2141.94,545.6,Standard
12104,2024-12-20,2024-12-25,Regular,Port Elizabeth,Eastern Cape,Footwear,School Shoes,7,419.05,0,2933.35,828.39,Standard
12105,2021-02-26,2021-02-28,Regular,Mthatha,Eastern Cape,Accessories,Hair Accessories,10,230.32,0.3,1612.24,478.21,Standard
12106,2021-04-17,2021-04-18,Loyalty Member,Cape Town,Western Cape,Footwear,Slippers,10,495.8,0.15,4214.3,1075.34,Standard
12107,2023-05-03,2023-05-08,Regular,Durban,KwaZulu-Natal,Footwear,School Shoes,6,208.01,0.3,873.64,96.76,Standard
12108,2023-02-24,2023-02-28,Loyalty Member,Johannesburg,Gauteng,Kids Clothing,Summer Dresses,3,424.33,0.2,1018.39,202.07,Express
12109,2023-09-25,2023-09-28,Loyalty Member,Soweto,Gauteng,Kids Clothing,Pyjama Sets,3,391.43,0,1174.29,197.53,Express
12110,2022-03-17,2022-03-19,Loyalty Member,Durban,KwaZulu-Natal,Kids Clothing,Summer Dresses,3,214.19,0.05,610.44,54.95,Click and Collect
12111,2023-07-18,2023-07-24,Regular,Soweto,Gauteng,Kids Clothing,Casual T-Shirts,9,98.42,0.2,708.62,104.06,Express
12112,2022-08-09,2022-08-15,Loyalty Member,Sandton,Gauteng,Kids Clothing,Summer Dresses,2,206.84,0.05,393.0,39.1,Standard
12113,2023-11-26,2023-11-28,Wholesale,Pretoria,Gauteng,Footwear,Boots,5,363.1,0.3,1270.85,396.11,Standard
12114,2021-12-21,2021-12-24,Loyalty Member,Tzaneen,Limpopo,Accessories,Sun Hats,7,315.32,0,2207.24,621.05,Express
12115,2024-07-09,2024-07-12,Regular,Paarl,Western Cape,Footwear,School Shoes,6,486.11,0.2,2333.33,360.65,Standard
12116,2024-08-17,2024-08-22,Wholesale,Johannesburg,Gauteng,Kids Clothing,Summer Dresses,6,464.56,0,2787.36,263.81,Standard
12117,2022-01-03,2022-01-10,Regular,Richards Bay,KwaZulu-Natal,Footwear,Sandals,5,162.74,0.1,732.33,192.04,Express
12118,2022-05-25,2022-05-28,Regular,Pietermaritzburg,KwaZulu-Natal,Kids Clothing,Denim Jeans,9,479.81,0.2,3454.63,819.36,Standard
12119,2021-11-28,2021-11-28,Regular,Tzaneen,Limpopo,Kids Clothing,Winter Jackets,9,91.55,0.15,700.36,202.34,Standard
12120,2022-06-26,2022-06-28,Regular,Soweto,Gauteng,Kids Clothing,Winter Jackets,5,301.58,0,1507.9,245.5,Standard
12121,2024-01-20,2024-01-24,Wholesale,Sandton,Gauteng,Footwear,Boots,3,341.84,0,1025.52,236.89,Express
12122,2024-12-28,2024-12-28,Regular,Johannesburg,Gauteng,Footwear,Slippers,6,297.47,0,1784.82,486.76,Standard
12123,2021-03-03,2021-03-06,Loyalty Member,Mokopane,Limpopo,Footwear,Sandals,9,214.41,0,1929.69,466.33,Standard
12124,2023-09-05,2023-09-06,Regular,East London,Eastern Cape,Kids Clothing,Denim Jeans,6,291.81,0.1,1575.77,235.19,Standard
12125,2024-09-20,2024-09-27,Loyalty Member,East London,Eastern Cape,Kids Clothing,Swimwear,10,444.45,0,4444.5,1003.19,Standard
12126,2024-06-12,2024-06-13,Loyalty Member,Paarl,Western Cape,Kids Clothing,Swimwear,5,397.05,0,1985.25,320.37,Express
12127,2024-05-20,2024-05-25,Loyalty Member,Paarl,Western Cape,Kids Clothing,Pyjama Sets,6,427.11,0.3,1793.86,260.66,Standard
12128,2023-07-25,2023-07-28,Regular,Johannesburg,Gauteng,Kids Clothing,Winter Jackets,10,223.3,0.05,2121.35,494.86,Standard
12129,2024-09-16,2024-09-22,Loyalty Member,Sandton,Gauteng,Footwear,Sandals,3,459.22,0.1,1239.89,327.63,Click and Collect
12130,2021-08-13,2021-08-19,Regular,Cape Town,Western Cape,Kids Clothing,Casual T-Shirts,8,152.74,0,1221.92,292.48,Standard
12131,2023-11-09,2023-11-13,Loyalty Member,Pretoria,Gauteng,Footwear,Sneakers,4,427.24,0.1,1538.06,379.31,Standard
12132,2022-06-12,2022-06-16,Regular,Tzaneen,Limpopo,Kids Clothing,Winter Jackets,5,419.56,0.3,1468.46,226.39,Standard
12133,2023-11-12,2023-11-16,Regular,Paarl,Western Cape,Kids Clothing,Summer Dresses,9,276.03,0.15,2111.63,346.06,Standard
12134,2023-08-24,2023-08-28,Regular,Soweto,Gauteng,Kids Clothing,Pyjama Sets,7,294.25,0,2059.75,554.03,Click and Collect
12135,2023-11-21,2023-11-22,Regular,Pietermaritzburg,KwaZulu-Natal,Kids Clothing,Pyjama Sets,5,315.46,0.1,1419.57,119.78,Standard
12136,2024-10-15,2024-10-21,Loyalty Member,Pietermaritzburg,KwaZulu-Natal,Kids Clothing,Denim Jeans,8,456.39,0.05,3468.56,1088.46,Standard
12137,2023-12-11,2023-12-16,Regular,Johannesburg,Gauteng,Kids Clothing,Winter Jackets,6,453.08,0.2,2174.78,193.34,Standard
12138,2022-10-27,2022-10-28,Regular,Cape Town,Western Cape,Footwear,School Shoes,1,475.57,0.3,332.9,86.53,Click and Collect
12139,2024-10-26,2024-10-28,Regular,Johannesburg,Gauteng,Kids Clothing,Denim Jeans,3,570.52,0.15,1454.83,225.96,Standard
12140,2022-02-24,2022-02-28,Loyalty Member,Pretoria,Gauteng,Footwear,Slippers,7,316.04,0.05,2101.67,346.16,Standard
12141,2024-08-08,2024-08-11,Loyalty Member,East London,Eastern Cape,Kids Clothing,School Uniforms,8,118.47,0,947.76,106.04,Standard
12142,2023-02-07,2023-02-09,Loyalty Member,Port Elizabeth,Eastern Cape,Footwear,School Shoes,5,185.68,0.3,649.88,194.05,Standard
12143,2024-11-10,2024-11-15,Loyalty Member,Stellenbosch,Western Cape,Accessories,Scarves,8,452.26,0.2,2894.46,538.34,Express
12144,2021-12-09,2021-12-14,Loyalty Member,Polokwane,Limpopo,Accessories,School Bags,1,555.23,0.05,527.47,144.05,Express
12145,2024-06-18,2024-06-25,Regular,Cape Town,Western Cape,Accessories,Scarves,3,572.78,0.2,1374.67,188.26,Express
12146,2023-12-25,2023-12-28,Loyalty Member,Paarl,Western Cape,Kids Clothing,Casual T-Shirts,10,141.88,0,1418.8,342.4,Click and Collect
12147,2022-02-09,2022-02-15,Loyalty Member,Pietermaritzburg,KwaZulu-Natal,Footwear,School Shoes,2,387.65,0,775.3,218.86,Express
12148,2023-07-25,2023-07-28,Loyalty Member,Sandton,Gauteng,Kids Clothing,Winter Jackets,4,181.24,0.15,616.22,90.73,Click and Collect
12149,2021-09-04,2021-09-11,Loyalty Member,Richards Bay,KwaZulu-Natal,Footwear,Sneakers,2,198.05,0.3,277.27,34.66,Click and Collect
12150,2023-03-02,2023-03-04,Loyalty Member,Johannesburg,Gauteng,Kids Clothing,Swimwear,7,350.63,0,2454.41,512.71,Click and Collect
12151,2024-02-09,2024-02-13,Regular,Durban,KwaZulu-Natal,Kids Clothing,Pyjama Sets,9,213.35,0.05,1824.14,287.62,Click and Collect
12152,2021-02-06,2021-02-10,Wholesale,Cape Town,Western Cape,Kids Clothing,School Uniforms,9,334.66,0.2,2409.55,724.87,Standard
12153,2024-01-24,2024-01-28,Loyalty Member,Stellenbosch,Western Cape,Kids Clothing,School Uniforms,9,209.99,0.3,1322.94,225.6,Express
12154,2023-01-16,2023-01-20,Loyalty Member,Richards Bay,KwaZulu-Natal,Footwear,Sandals,2,343.48,0,686.96,101.44,Standard
12155,2024-09-02,2024-09-08,Loyalty Member,Soweto,Gauteng,Kids Clothing,Summer Dresses,3,286.43,0.1,773.36,183.32,Express
12156,2023-10-14,2023-10-18,Regular,Johannesburg,Gauteng,Kids Clothing,Pyjama Sets,4,399.71,0,1598.84,276.37,Click and Collect
12157,2021-10-24,2021-10-28,Regular,Richards Bay,KwaZulu-Natal,Kids Clothing,Winter Jackets,2,448.64,0.3,628.1,153.16,Standard
12158,2021-12-28,2021-12-28,Regular,Johannesburg,Gauteng,Accessories,Sun Hats,10,288.54,0,2885.4,551.02,Standard
12159,2023-04-03,2023-04-08,Loyalty Member,Stellenbosch,Western Cape,Footwear,Sneakers,3,293.78,0,881.34,100.25,Standard
12160,2021-09-23,2021-09-28,Regular,Sandton,Gauteng,Kids Clothing,Swimwear,10,207.27,0.15,1761.8,371.49,Express
12161,2023-04-22,2023-04-28,Regular,Durban,KwaZulu-Natal,Kids Clothing,Summer Dresses,6,523.15,0.3,2197.23,340.04,Click and Collect
12162,2024-10-07,2024-10-14,Regular,Pietermaritzburg,KwaZulu-Natal,Accessories,School Bags,5,113.01,0,565.05,65.62,Standard
12163,2022-02-19,2022-02-22,Loyalty Member,Soweto,Gauteng,Kids Clothing,Summer Dresses,6,501.09,0.3,2104.58,218.86,Click and Collect
12164,2021-08-23,2021-08-24,Regular,Stellenbosch,Western Cape,Kids Clothing,School Uniforms,10,243.77,0,2437.7,343.41,Click and Collect
12165,2024-01-11,2024-01-12,Regular,Tzaneen,Limpopo,Kids Clothing,Pyjama Sets,9,390.2,0.05,3336.21,458.32,Standard
12166,2023-02-25,2023-02-28,Regular,Soweto,Gauteng,Accessories,Hair Accessories,1,93.79,0.1,84.41,11.3,Standard
12167,2024-11-21,2024-11-27,Loyalty Member,Port Elizabeth,Eastern Cape,Kids Clothing,Summer Dresses,1,205.1,0,205.1,29.41,Express
12168,2024-06-25,2024-06-28,Wholesale,East London,Eastern Cape,Kids Clothing,Swimwear,1,243.12,0.1,218.81,64.61,Click and Collect
12169,2023-12-28,2023-12-28,Loyalty Member,Durban,KwaZulu-Natal,Kids Clothing,Winter Jackets,7,98.96,0.15,588.81,166.53,Standard
12170,2021-08-20,2021-08-27,Loyalty Member,East London,Eastern Cape,Footwear,Sneakers,8,299.91,0,2399.28,252.51,Standard
12171,2024-07-10,2024-07-14,Regular,Sandton,Gauteng,Kids Clothing,Denim Jeans,10,492.03,0,4920.3,590.14,Express
12172,2022-05-17,2022-05-20,Loyalty Member,Johannesburg,Gauteng,Kids Clothing,Denim Jeans,9,220.49,0.2,1587.53,328.34,Standard
12173,2024-01-27,2024-01-28,Wholesale,Pretoria,Gauteng,Accessories,Hair Accessories,2,200.43,0,400.86,121.68,Express
12174,2024-01-20,2024-01-27,Loyalty Member,East London,Eastern Cape,Kids Clothing,Winter Jackets,8,109.85,0.05,834.86,180.9,Click and Collect
12175,2024-03-13,2024-03-15,Loyalty Member,Pretoria,Gauteng,Footwear,Boots,2,430.74,0,861.48,80.33,Standard
12176,2022-06-04,2022-06-06,Regular,Soweto,Gauteng,Footwear,School Shoes,7,364.22,0,2549.54,379.83,Standard
12177,2022-11-25,2022-11-27,Regular,Cape Town,Western Cape,Kids Clothing,Summer Dresses,5,231.76,0,1158.8,311.72,Express
12178,2021-07-19,2021-07-22,Wholesale,Richards Bay,KwaZulu-Natal,Kids Clothing,Winter Jackets,3,186.27,0.3,391.17,81.77,Standard
12179,2022-10-10,2022-10-11,Regular,Stellenbosch,Western Cape,Footwear,School Shoes,1,489.59,0.1,440.63,62.09,Click and Collect
12180,2023-05-18,2023-05-22,Regular,Pietermaritzburg,KwaZulu-Natal,Kids Clothing,Denim Jeans,9,488.48,0.1,3956.69,474.85,Standard
12181,2023-03-17,2023-03-24,Wholesale,Cape Town,Western Cape,Kids Clothing,Winter Jackets,3,275.23,0,825.69,161.11,Click and Collect
12182,2024-09-17,2024-09-23,Regular,Mokopane,Limpopo,Footwear,School Shoes,4,457.27,0,1829.08,220.42,Standard
12183,2021-08-02,2021-08-03,Wholesale,Richards Bay,KwaZulu-Natal,Kids Clothing,Casual T-Shirts,4,574.22,0,2296.88,481.4,Standard
12184,2024-03-17,2024-03-21,Regular,Paarl,Western Cape,Footwear,Sneakers,10,273.77,0.2,2190.16,266.51,Express
12185,2024-11-19,2024-11-23,Regular,Johannesburg,Gauteng,Kids Clothing,Swimwear,3,365.37,0,1096.11,211.6,Standard
12186,2021-12-02,2021-12-04,Regular,Sandton,Gauteng,Kids Clothing,School Uniforms,3,436.36,0,1309.08,130.57,Click and Collect
12187,2023-05-12,2023-05-15,Regular,Stellenbosch,Western Cape,Footwear,School Shoes,1,531.91,0.1,478.72,84.92,Standard
12188,2024-06-21,2024-06-27,Regular,Cape Town,Western Cape,Kids Clothing,Pyjama Sets,10,317.13,0.1,2854.17,345.34,Standard
12189,2024-01-16,2024-01-21,Regular,East London,Eastern Cape,Kids Clothing,Swimwear,4,191.85,0.15,652.29,131.66,Standard
12190,2022-12-18,2022-12-20,Regular,Johannesburg,Gauteng,Footwear,Sneakers,6,316.17,0,1897.02,256.08,Standard
12191,2021-05-24,2021-05-28,Loyalty Member,Johannesburg,Gauteng,Kids Clothing,School Uniforms,6,111.59,0,669.54,144.43,Standard
12192,2024-11-05,2024-11-06,Regular,Pietermaritzburg,KwaZulu-Natal,Kids Clothing,School Uniforms,9,167.92,0.15,1284.59,141.71,Standard
12193,2022-10-15,2022-10-22,Loyalty Member,Stellenbosch,Western Cape,Accessories,Hair Accessories,10,262.64,0,2626.4,584.15,Standard
12194,2023-06-26,2023-06-27,Loyalty Member,Cape Town,Western Cape,Footwear,School Shoes,5,395.79,0,1978.95,587.69,Standard
12195,2024-05-23,2024-05-28,Wholesale,Stellenbosch,Western Cape,Kids Clothing,Swimwear,8,510.63,0.2,3268.03,385.72,Standard
12196,2021-09-18,2021-09-20,Regular,Durban,KwaZulu-Natal,Kids Clothing,Swimwear,8,460.08,0.05,3496.61,917.28,Express
12197,2024-08-06,2024-08-13,Loyalty Member,Pretoria,Gauteng,Kids Clothing,Winter Jackets,5,406.54,0.3,1422.89,291.03,Standard
12198,2024-06-16,2024-06-17,Loyalty Member,Soweto,Gauteng,Accessories,Sun Hats,9,530.94,0,4778.46,1339.79,Express
12199,2021-04-09,2021-04-14,Regular,Richards Bay,KwaZulu-Natal,Kids Clothing,Denim Jeans,7,579.11,0,4053.77,1025.76,Standard
12200,2021-10-03,2021-10-07,Regular,Pietermaritzburg,KwaZulu-Natal,Kids Clothing,Winter Jackets,3,295.81,0,887.43,97.81,Standard
12201,2022-01-08,2022-01-12,Regular,Durban,KwaZulu-Natal,Footwear,Sneakers,1,554.31,0.15,471.16,54.46,Standard
12202,2021-08-06,2021-08-13,Wholesale,Stellenbosch,Western Cape,Kids Clothing,Swimwear,6,303.76,0,1822.56,530.21,Express
12203,2023-03-20,2023-03-27,Loyalty Member,Stellenbosch,Western Cape,Accessories,Scarves,8,497.57,0,3980.56,469.31,Standard
12204,2022-11-25,2022-11-28,Regular,Richards Bay,KwaZulu-Natal,Footwear,Boots,2,590.3,0.05,1121.57,322.04,Standard
12205,2022-03-14,2022-03-21,Regular,Mthatha,Eastern Cape,Footwear,Sandals,7,254.47,0,1781.29,450.18,Standard
12206,2021-10-02,2021-10-08,Regular,Polokwane,Limpopo,Footwear,Boots,2,529.98,0.1,953.96,145.26,Standard
12207,2024-04-27,2024-04-28,Regular,Pietermaritzburg,KwaZulu-Natal,Accessories,Scarves,3,416.06,0,1248.18,219.85,Standard
12208,2022-12-23,2022-12-28,Regular,Stellenbosch,Western Cape,Kids Clothing,Swimwear,5,571.51,0.05,2714.67,622.4,Standard
12209,2022-11-19,2022-11-23,Regular,Sandton,Gauteng,Kids Clothing,Swimwear,10,530.21,0.15,4506.78,549.31,Standard
12210,2022-06-15,2022-06-17,Regular,Paarl,Western Cape,Kids Clothing,School Uniforms,8,207.55,0.15,1411.34,197.1,Click and Collect
12211,2022-01-06,2022-01-08,Loyalty Member,Johannesburg,Gauteng,Kids Clothing,Swimwear,8,565.04,0,4520.32,1048.94,Standard
12212,2022-12-27,2022-12-28,Regular,Cape Town,Western Cape,Kids Clothing,School Uniforms,7,113.58,0.05,755.31,209.34,Standard
12213,2021-08-23,2021-08-24,Regular,Sandton,Gauteng,Accessories,School Bags,10,576.57,0.1,5189.13,1204.77,Express
12214,2023-03-05,2023-03-11,Regular,Mthatha,Eastern Cape,Kids Clothing,Winter Jackets,2,129.14,0,258.28,43.68,Standard
12215,2021-03-11,2021-03-13,Wholesale,Johannesburg,Gauteng,Footwear,School Shoes,10,135.48,0.05,1287.06,356.97,Express
12216,2023-01-12,2023-01-18,Loyalty Member,Richards Bay,KwaZulu-Natal,Footwear,Sneakers,2,403.4,0.3,564.76,60.1,Express
12217,2023-06-16,2023-06-17,Regular,East London,Eastern Cape,Kids Clothing,Denim Jeans,3,589.14,0.2,1413.94,196.6,Express
12218,2024-02-24,2024-02-28,Loyalty Member,Cape Town,Western Cape,Accessories,Scarves,7,210.1,0,1470.7,120.92,Express
12219,2024-07-03,2024-07-06,Regular,Cape Town,Western Cape,Footwear,Boots,9,501.42,0.2,3610.22,804.92,Standard
12220,2021-05-07,2021-05-13,Regular,Stellenbosch,Western Cape,Accessories,School Bags,10,108.35,0,1083.5,107.13,Standard
12221,2024-12-04,2024-12-11,Loyalty Member,Cape Town,Western Cape,Kids Clothing,Denim Jeans,9,344.43,0,3099.87,648.21,Standard
12222,2023-07-22,2023-07-23,Loyalty Member,Pretoria,Gauteng,Kids Clothing,Denim Jeans,8,449.94,0.15,3059.59,309.82,Express
12223,2023-07-20,2023-07-21,Regular,Mokopane,Limpopo,Kids Clothing,Winter Jackets,7,475.96,0,3331.72,570.55,Standard
12224,2021-01-16,2021-01-18,Loyalty Member,Durban,KwaZulu-Natal,Footwear,Slippers,2,432.35,0.1,778.23,145.83,Express
12225,2024-04-12,2024-04-16,Regular,Soweto,Gauteng,Footwear,School Shoes,9,202.19,0.2,1455.77,327.37,Click and Collect
12226,2023-02-21,2023-02-24,Loyalty Member,Sandton,Gauteng,Kids Clothing,Casual T-Shirts,2,221.71,0.3,310.39,44.46,Standard
12227,2024-07-17,2024-07-22,Regular,Pietermaritzburg,KwaZulu-Natal,Accessories,Scarves,8,544.54,0,4356.32,792.84,Standard
12228,2021-06-22,2021-06-27,Regular,Pietermaritzburg,KwaZulu-Natal,Kids Clothing,Swimwear,2,345.93,0.3,484.3,63.1,Click and Collect
12229,2021-12-02,2021-12-04,Regular,Sandton,Gauteng,Footwear,Sandals,4,481.97,0.3,1349.52,264.11,Standard
12230,2022-02-13,2022-02-17,Regular,Pietermaritzburg,KwaZulu-Natal,Footwear,Boots,2,278.3,0.3,389.62,94.13,Standard
12231,2021-03-09,2021-03-15,Wholesale,Stellenbosch,Western Cape,Kids Clothing,Winter Jackets,1,424.67,0.15,360.97,54.5,Click and Collect
12232,2021-11-19,2021-11-24,Loyalty Member,Port Elizabeth,Eastern Cape,Kids Clothing,Pyjama Sets,8,209.82,0.3,1174.99,132.1,Standard
12233,2024-04-01,2024-04-03,Regular,Pietermaritzburg,KwaZulu-Natal,Kids Clothing,Pyjama Sets,1,103.02,0,103.02,15.44,Standard
12234,2023-10-08,2023-10-09,Regular,Sandton,Gauteng,Accessories,Belts,7,249.19,0.1,1569.9,281.32,Standard
12235,2024-12-07,2024-12-10,Loyalty Member,Paarl,Western Cape,Kids Clothing,Winter Jackets,3,319.69,0.15,815.21,188.84,Standard
12236,2022-03-08,2022-03-09,Regular,Stellenbosch,Western Cape,Kids Clothing,Casual T-Shirts,8,524.09,0,4192.72,521.02,Standard
12237,2023-09-19,2023-09-25,Regular,Stellenbosch,Western Cape,Kids Clothing,Pyjama Sets,3,482.82,0,1448.46,232.96,Standard
12238,2024-01-23,2024-01-28,Regular,Port Elizabeth,Eastern Cape,Kids Clothing,Denim Jeans,9,238.9,0.1,1935.09,380.48,Express
12239,2024-04-14,2024-04-15,Regular,Soweto,Gauteng,Kids Clothing,Denim Jeans,5,243.4,0,1217.0,101.69,Standard
12240,2023-12-18,2023-12-20,Regular,Soweto,Gauteng,Kids Clothing,Swimwear,8,208.7,0,1669.6,253.86,Standard
12241,2021-02-18,2021-02-19,Loyalty Member,Pietermaritzburg,KwaZulu-Natal,Footwear,School Shoes,5,490.87,0.05,2331.63,561.2,Standard
12242,2024-02-01,2024-02-04,Loyalty Member,Johannesburg,Gauteng,Kids Clothing,Pyjama Sets,2,512.72,0,1025.44,262.59,Express
12243,2024-11-22,2024-11-27,Loyalty Member,Stellenbosch,Western Cape,Kids Clothing,Denim Jeans,4,236.63,0,946.52,125.8,Standard
12244,2021-04-25,2021-04-26,Wholesale,Johannesburg,Gauteng,Accessories,Belts,2,248.15,0.15,421.86,127.06,Express
12245,2022-03-11,2022-03-17,Loyalty Member,Paarl,Western Cape,Kids Clothing,Casual T-Shirts,1,345.19,0.2,276.15,22.18,Express
12246,2021-07-15,2021-07-16,Regular,Soweto,Gauteng,Kids Clothing,Summer Dresses,2,222.96,0.15,379.03,99.72,Standard
12247,2023-08-05,2023-08-12,Loyalty Member,Stellenbosch,Western Cape,Kids Clothing,Winter Jackets,1,321.05,0.1,288.94,25.01,Standard
12248,2024-05-09,2024-05-14,Wholesale,Richards Bay,KwaZulu-Natal,Kids Clothing,School Uniforms,10,569.71,0.05,5412.24,1223.33,Express
12249,2024-12-20,2024-12-23,Regular,Paarl,Western Cape,Kids Clothing,School Uniforms,7,97.63,0,683.41,124.65,Express
12250,2023-04-03,2023-04-09,Regular,Durban,KwaZulu-Natal,Accessories,Hair Accessories,4,133.67,0,534.68,53.2,Click and Collect
12251,2024-11-11,2024-11-14,Regular,Johannesburg,Gauteng,Kids Clothing,School Uniforms,7,563.82,0,3946.74,373.93,Standard
12252,2024-08-20,2024-08-23,Loyalty Member,East London,Eastern Cape,Footwear,Slippers,10,227.53,0.1,2047.77,417.79,Standard
12253,2022-07-26,2022-07-27,Wholesale,Cape Town,Western Cape,Kids Clothing,Casual T-Shirts,1,473.28,0.3,331.3,65.17,Click and Collect
12254,2022-11-16,2022-11-19,Loyalty Member,Sandton,Gauteng,Footwear,School Shoes,8,358.18,0,2865.44,869.89,Standard
12255,2021-10-23,2021-10-28,Wholesale,Johannesburg,Gauteng,Kids Clothing,School Uniforms,3,559.18,0.1,1509.79,224.64,Standard
12256,2023-06-28,2023-06-28,Regular,Sandton,Gauteng,Kids Clothing,Pyjama Sets,9,243.55,0.2,1753.56,554.8,Click and Collect
12257,2023-03-08,2023-03-13,Loyalty Member,Tzaneen,Limpopo,Kids Clothing,Summer Dresses,4,272.7,0,1090.8,316.71,Express
12258,2023-10-23,2023-10-28,Regular,Pretoria,Gauteng,Kids Clothing,Winter Jackets,4,455.86,0,1823.44,564.79,Express
12259,2024-04-04,2024-04-08,Loyalty Member,Paarl,Western Cape,Footwear,Sandals,5,347.35,0,1736.75,526.21,Standard
12260,2023-09-13,2023-09-20,Loyalty Member,Pretoria,Gauteng,Kids Clothing,Casual T-Shirts,7,371.24,0,2598.68,370.54,Standard
12261,2022-05-19,2022-05-21,Wholesale,Pietermaritzburg,KwaZulu-Natal,Kids Clothing,School Uniforms,7,91.99,0.15,547.34,117.25,Standard
12262,2022-06-15,2022-06-20,Regular,Paarl,Western Cape,Kids Clothing,School Uniforms,7,444.72,0.05,2957.39,899.85,Standard
12263,2023-07-10,2023-07-14,Regular,Paarl,Western Cape,Kids Clothing,School Uniforms,2,567.72,0.15,965.12,160.74,Standard
12264,2022-10-23,2022-10-25,Regular,Pretoria,Gauteng,Footwear,School Shoes,9,591.64,0.2,4259.81,1315.87,Standard
12265,2022-06-11,2022-06-13,Regular,Richards Bay,KwaZulu-Natal,Kids Clothing,Summer Dresses,7,591.31,0,4139.17,378.73,Standard
12266,2021-11-25,2021-11-28,Regular,Stellenbosch,Western Cape,Kids Clothing,Swimwear,10,323.43,0.1,2910.87,783.22,Click and Collect
12267,2021-03-03,2021-03-10,Loyalty Member,Cape Town,Western Cape,Kids Clothing,Summer Dresses,4,359.74,0.1,1295.06,310.61,Standard
12268,2021-11-22,2021-11-28,Regular,East London,Eastern Cape,Kids Clothing,Summer Dresses,2,120.29,0.1,216.52,44.82,Standard
12269,2024-11-08,2024-11-14,Wholesale,Tzaneen,Limpopo,Footwear,School Shoes,10,159.64,0,1596.4,423.53,Standard
12270,2022-03-01,2022-03-05,Regular,Cape Town,Western Cape,Accessories,Scarves,2,334.15,0,668.3,155.81,Express
12271,2022-01-05,2022-01-07,Loyalty Member,Johannesburg,Gauteng,Kids Clothing,Summer Dresses,7,347.44,0.15,2067.27,618.39,Express
12272,2021-07-28,2021-07-28,Loyalty Member,Johannesburg,Gauteng,Kids Clothing,Swimwear,10,428.88,0.05,4074.36,969.95,Click and Collect
12273,2022-09-05,2022-09-11,Wholesale,East London,Eastern Cape,Kids Clothing,Denim Jeans,4,324.16,0.1,1166.98,262.81,Express
12274,2023-03-06,2023-03-09,Regular,Paarl,Western Cape,Kids Clothing,Winter Jackets,9,230.99,0.05,1974.96,537.87,Express
12275,2024-12-24,2024-12-28,Loyalty Member,Johannesburg,Gauteng,Accessories,School Bags,5,488.41,0.05,2319.95,308.53,Standard
12276,2021-10-23,2021-10-28,Regular,Paarl,Western Cape,Kids Clothing,Winter Jackets,6,447.27,0,2683.62,711.22,Click and Collect
12277,2022-08-17,2022-08-21,Regular,Polokwane,Limpopo,Kids Clothing,School Uniforms,3,97.06,0.1,262.06,81.0,Click and Collect
12278,2024-03-04,2024-03-08,Wholesale,Paarl,Western Cape,Kids Clothing,School Uniforms,4,163.33,0.15,555.32,112.23,Standard
12279,2021-03-20,2021-03-23,Regular,Soweto,Gauteng,Kids Clothing,Casual T-Shirts,10,188.74,0.15,1604.29,504.42,Click and Collect
12280,2023-06-03,2023-06-08,Regular,Polokwane,Limpopo,Kids Clothing,Pyjama Sets,2,126.48,0.3,177.07,42.87,Click and Collect
12281,2024-01-07,2024-01-13,Wholesale,Pretoria,Gauteng,Kids Clothing,Pyjama Sets,8,529.05,0,4232.4,443.63,Standard
12282,2023-12-28,2023-12-28,Loyalty Member,Cape Town,Western Cape,Kids Clothing,Winter Jackets,7,576.68,0,4036.76,1042.89,Standard
12283,2022-10-06,2022-10-12,Regular,Pretoria,Gauteng,Kids Clothing,Swimwear,3,496.68,0,1490.04,436.75,Express
12284,2022-02-06,2022-02-12,Wholesale,Soweto,Gauteng,Footwear,Sneakers,9,266.96,0,2402.64,193.75,Standard
12285,2021-10-15,2021-10-22,Regular,Stellenbosch,Western Cape,Kids Clothing,Swimwear,2,311.8,0,623.6,123.23,Express
12286,2022-11-13,2022-11-16,Loyalty Member,Paarl,Western Cape,Kids Clothing,Winter Jackets,2,438.06,0,876.12,73.94,Standard
12287,2021-01-17,2021-01-18,Regular,Richards Bay,KwaZulu-Natal,Kids Clothing,Summer Dresses,3,307.93,0,923.79,120.02,Standard
12288,2022-07-01,2022-07-05,Regular,Cape Town,Western Cape,Kids Clothing,Pyjama Sets,9,206.77,0.05,1767.88,425.56,Express
12289,2023-04-15,2023-04-18,Regular,Mthatha,Eastern Cape,Kids Clothing,Denim Jeans,3,522.2,0,1566.6,450.35,Standard
12290,2024-12-13,2024-12-15,Loyalty Member,Stellenbosch,Western Cape,Footwear,Boots,5,93.72,0.05,445.17,127.3,Standard
12291,2023-05-03,2023-05-04,Regular,Soweto,Gauteng,Kids Clothing,School Uniforms,1,438.74,0.1,394.87,59.09,Express
12292,2021-02-11,2021-02-17,Regular,Pietermaritzburg,KwaZulu-Natal,Kids Clothing,Casual T-Shirts,3,352.02,0,1056.06,159.44,Standard
12293,2021-06-27,2021-06-28,Loyalty Member,Pietermaritzburg,KwaZulu-Natal,Accessories,Hair Accessories,2,461.71,0.05,877.25,95.9,Express
12294,2023-06-06,2023-06-12,Regular,Cape Town,Western Cape,Footwear,Slippers,1,254.43,0.05,241.71,76.43,Express
12295,2023-04-12,2023-04-15,Loyalty Member,Richards Bay,KwaZulu-Natal,Kids Clothing,Casual T-Shirts,3,567.59,0.05,1617.63,360.72,Standard
12296,2021-02-04,2021-02-07,Regular,Pietermaritzburg,KwaZulu-Natal,Footwear,Sandals,8,316.11,0,2528.88,446.22,Standard
12297,2024-05-18,2024-05-23,Regular,Cape Town,Western Cape,Accessories,Scarves,9,543.36,0,4890.24,1220.64,Standard
12298,2021-09-14,2021-09-15,Loyalty Member,Pietermaritzburg,KwaZulu-Natal,Kids Clothing,Denim Jeans,4,276.67,0.15,940.68,291.9,Express
12299,2023-10-06,2023-10-07,Loyalty Member,Sandton,Gauteng,Kids Clothing,Casual T-Shirts,8,394.79,0,3158.32,333.75,Standard
12300,2024-10-26,2024-10-28,Regular,Paarl,Western Cape,Kids Clothing,Casual T-Shirts,3,314.5,0.1,849.15,134.19,Click and Collect
12301,2021-02-13,2021-02-14,Wholesale,Sandton,Gauteng,Kids Clothing,School Uniforms,2,536.88,0,1073.76,132.68,Express
12302,2022-07-23,2022-07-28,Regular,Soweto,Gauteng,Accessories,Sun Hats,5,322.84,0,1614.2,179.46,Standard
12303,2022-01-22,2022-01-26,Loyalty Member,Johannesburg,Gauteng,Footwear,Slippers,10,474.1,0.3,3318.7,725.32,Click and Collect
12304,2022-08-04,2022-08-10,Loyalty Member,East London,Eastern Cape,Accessories,Sun Hats,4,354.64,0.3,992.99,257.74,Click and Collect
12305,2023-03-17,2023-03-20,Loyalty Member,Richards Bay,KwaZulu-Natal,Kids Clothing,Denim Jeans,2,367.51,0.1,661.52,176.11,Click and Collect
12306,2024-07-23,2024-07-25,Regular,Paarl,Western Cape,Kids Clothing,Summer Dresses,8,388.57,0.1,2797.7,748.78,Standard
12307,2023-05-09,2023-05-10,Regular,Port Elizabeth,Eastern Cape,Kids Clothing,Swimwear,3,468.35,0,1405.05,242.43,Express
12308,2023-05-21,2023-05-23,Loyalty Member,Soweto,Gauteng,Accessories,School Bags,7,104.81,0.1,660.3,92.36,Standard
12309,2022-10-17,2022-10-20,Loyalty Member,Mokopane,Limpopo,Kids Clothing,School Uniforms,8,503.31,0.2,3221.18,539.0,Click and Collect
12310,2024-09-25,2024-09-27,Regular,Tzaneen,Limpopo,Footwear,Slippers,2,281.99,0.1,507.58,161.94,Standard
12311,2023-11-02,2023-11-06,Regular,Mthatha,Eastern Cape,Accessories,School Bags,8,326.5,0.2,2089.6,214.27,Click and Collect
12312,2022-06-22,2022-06-23,Regular,Durban,KwaZulu-Natal,Kids Clothing,Casual T-Shirts,10,168.93,0.05,1604.84,204.41,Express
12313,2023-05-01,2023-05-03,Loyalty Member,East London,Eastern Cape,Footwear,Sandals,9,258.85,0,2329.65,593.43,Standard
12314,2022-11-26,2022-11-28,Regular,Pretoria,Gauteng,Kids Clothing,Pyjama Sets,6,501.52,0.1,2708.21,621.63,Standard
12315,2021-04-05,2021-04-07,Regular,Stellenbosch,Western Cape,Kids Clothing,Swimwear,10,257.17,0,2571.7,566.9,Express
12316,2023-06-12,2023-06-18,Wholesale,Johannesburg,Gauteng,Kids Clothing,School Uniforms,7,146.91,0.1,925.53,90.4,Standard
12317,2023-05-26,2023-05-28,Loyalty Member,Soweto,Gauteng,Kids Clothing,Summer Dresses,2,370.02,0.05,703.04,212.68,Standard
12318,2022-08-22,2022-08-28,Loyalty Member,Durban,KwaZulu-Natal,Kids Clothing,Casual T-Shirts,7,141.72,0,992.04,119.57,Standard
12319,2022-11-23,2022-11-28,Regular,Stellenbosch,Western Cape,Kids Clothing,Pyjama Sets,6,215.65,0,1293.9,394.43,Standard
12320,2023-06-19,2023-06-22,Regular,Stellenbosch,Western Cape,Kids Clothing,School Uniforms,8,343.19,0.1,2470.97,745.01,Standard
12321,2022-08-14,2022-08-21,Loyalty Member,Mokopane,Limpopo,Kids Clothing,Pyjama Sets,7,107.04,0,749.28,184.79,Express
12322,2024-10-13,2024-10-19,Wholesale,Durban,KwaZulu-Natal,Kids Clothing,Denim Jeans,1,182.71,0,182.71,21.18,Standard
12323,2023-06-22,2023-06-23,Loyalty Member,Soweto,Gauteng,Kids Clothing,Pyjama Sets,8,101.12,0,808.96,250.36,Express
12324,2022-01-02,2022-01-04,Regular,Pretoria,Gauteng,Footwear,Boots,7,394.56,0,2761.92,825.72,Standard
12325,2021-09-21,2021-09-23,Loyalty Member,Richards Bay,KwaZulu-Natal,Kids Clothing,Pyjama Sets,2,466.72,0,933.44,204.16,Standard
12326,2022-02-01,2022-02-08,Regular,Johannesburg,Gauteng,Kids Clothing,Casual T-Shirts,1,530.6,0,530.6,155.08,Standard
12327,2024-08-24,2024-08-27,Regular,Cape Town,Western Cape,Footwear,Sneakers,8,464.02,0.3,2598.51,700.11,Click and Collect
12328,2022-01-13,2022-01-15,Loyalty Member,Paarl,Western Cape,Footwear,School Shoes,2,589.23,0,1178.46,213.46,Standard
12329,2021-05-09,2021-05-13,Regular,Pietermaritzburg,KwaZulu-Natal,Kids Clothing,Pyjama Sets,5,339.45,0,1697.25,479.84,Standard
12330,2021-11-14,2021-11-21,Regular,Tzaneen,Limpopo,Footwear,Sneakers,3,273.51,0.05,779.5,147.12,Standard
12331,2023-08-16,2023-08-21,Regular,East London,Eastern Cape,Kids Clothing,Pyjama Sets,10,228.02,0.15,1938.17,377.66,Standard
12332,2021-07-03,2021-07-05,Regular,Mthatha,Eastern Cape,Kids Clothing,Summer Dresses,9,245.22,0.2,1765.58,362.63,Express
12333,2022-09-26,2022-09-28,Loyalty Member,Mthatha,Eastern Cape,Footwear,Boots,5,149.96,0,749.8,60.22,Standard
12334,2024-02-21,2024-02-26,Regular,Polokwane,Limpopo,Footwear,Boots,9,351.81,0.05,3007.98,294.26,Express
12335,2024-07-10,2024-07-14,Loyalty Member,Mokopane,Limpopo,Footwear,Sandals,8,386.14,0.05,2934.66,866.95,Click and Collect
12336,2023-03-18,2023-03-24,Loyalty Member,Sandton,Gauteng,Kids Clothing,Swimwear,7,492.82,0,3449.74,753.53,Standard
12337,2023-09-01,2023-09-06,Regular,Johannesburg,Gauteng,Footwear,Boots,8,533.83,0,4270.64,717.83,Standard
12338,2024-11-04,2024-11-10,Loyalty Member,Tzaneen,Limpopo,Kids Clothing,Summer Dresses,4,305.57,0.15,1038.94,265.64,Standard
12339,2024-12-05,2024-12-11,Regular,East London,Eastern Cape,Kids Clothing,School Uniforms,2,106.84,0,213.68,19.72,Standard
12340,2021-08-18,2021-08-24,Regular,Pretoria,Gauteng,Kids Clothing,Winter Jackets,5,377.33,0,1886.65,461.59,Click and Collect
12341,2022-12-22,2022-12-27,Regular,Cape Town,Western Cape,Footwear,Slippers,8,274.88,0.3,1539.33,222.54,Standard
12342,2023-11-08,2023-11-15,Loyalty Member,Sandton,Gauteng,Footwear,Boots,5,218.75,0,1093.75,178.47,Standard
12343,2023-11-21,2023-11-23,Regular,Cape Town,Western Cape,Kids Clothing,Swimwear,4,313.81,0,1255.24,383.95,Express
12344,2023-02-07,2023-02-09,Loyalty Member,Pretoria,Gauteng,Footwear,Boots,10,482.44,0.3,3377.08,577.61,Standard
12345,2024-01-27,2024-01-28,Loyalty Member,Soweto,Gauteng,Footwear,Boots,5,394.34,0,1971.7,536.27,Standard
12346,2024-09-17,2024-09-18,Regular,Johannesburg,Gauteng,Kids Clothing,Swimwear,6,345.69,0,2074.14,306.93,Standard
12347,2023-08-09,2023-08-12,Regular,Soweto,Gauteng,Kids Clothing,Swimwear,4,250.84,0.3,702.35,180.36,Standard
12348,2021-02-23,2021-02-24,Regular,Mthatha,Eastern Cape,Footwear,School Shoes,9,216.65,0.2,1559.88,460.63,Express
12349,2023-10-08,2023-10-15,Regular,Cape Town,Western Cape,Kids Clothing,School Uniforms,9,428.66,0,3857.94,1066.71,Standard
12350,2022-11-09,2022-11-15,Regular,Mokopane,Limpopo,Footwear,Sandals,3,423.89,0.2,1017.34,146.02,Standard
12351,2024-11-05,2024-11-06,Regular,Sandton,Gauteng,Footwear,Slippers,9,532.57,0.3,3355.19,1010.36,Standard
12352,2021-12-20,2021-12-22,Regular,Tzaneen,Limpopo,Footwear,Slippers,9,231.82,0.1,1877.74,324.44,Standard
12353,2022-08-04,2022-08-08,Loyalty Member,Pietermaritzburg,KwaZulu-Natal,Accessories,Sun Hats,2,222.75,0,445.5,84.61,Standard
12354,2021-05-12,2021-05-19,Regular,Cape Town,Western Cape,Accessories,Hair Accessories,10,557.94,0.3,3905.58,865.18,Standard
12355,2024-08-11,2024-08-14,Loyalty Member,Sandton,Gauteng,Footwear,School Shoes,4,230.59,0,922.36,277.02,Click and Collect
12356,2022-12-19,2022-12-25,Wholesale,Tzaneen,Limpopo,Accessories,Scarves,10,310.83,0.3,2175.81,347.89,Click and Collect
12357,2022-05-13,2022-05-15,Regular,Johannesburg,Gauteng,Footwear,Slippers,5,490.69,0.3,1717.41,386.37,Standard
12358,2023-07-04,2023-07-05,Loyalty Member,Tzaneen,Limpopo,Kids Clothing,Pyjama Sets,3,446.63,0.05,1272.9,366.94,Standard
12359,2024-01-22,2024-01-26,Regular,Sandton,Gauteng,Accessories,Sun Hats,2,282.17,0,564.34,140.84,Standard
12360,2023-04-08,2023-04-09,Wholesale,Stellenbosch,Western Cape,Kids Clothing,Pyjama Sets,8,123.38,0.2,789.63,183.65,Standard
12361,2023-08-28,2023-08-28,Loyalty Member,Pretoria,Gauteng,Footwear,School Shoes,3,408.03,0.05,1162.89,244.75,Standard
12362,2022-09-16,2022-09-21,Wholesale,Durban,KwaZulu-Natal,Kids Clothing,Winter Jackets,5,265.83,0.15,1129.78,229.64,Standard
12363,2023-07-11,2023-07-17,Regular,Port Elizabeth,Eastern Cape,Kids Clothing,Pyjama Sets,9,436.14,0,3925.26,632.99,Standard
12364,2022-11-17,2022-11-23,Loyalty Member,Soweto,Gauteng,Accessories,Scarves,10,227.98,0.1,2051.82,250.62,Standard
12365,2022-12-27,2022-12-28,Loyalty Member,Tzaneen,Limpopo,Kids Clothing,School Uniforms,4,129.41,0.05,491.76,138.45,Standard
12366,2024-02-26,2024-02-28,Regular,Durban,KwaZulu-Natal,Kids Clothing,School Uniforms,4,531.4,0.2,1700.48,349.46,Click and Collect
12367,2022-08-28,2022-08-28,Regular,Soweto,Gauteng,Accessories,Scarves,3,329.31,0.3,691.55,177.94,Click and Collect
12368,2022-03-01,2022-03-06,Regular,Tzaneen,Limpopo,Kids Clothing,Winter Jackets,8,583.67,0,4669.36,829.32,Express
12369,2022-04-09,2022-04-15,Loyalty Member,Richards Bay,KwaZulu-Natal,Kids Clothing,Winter Jackets,7,177.48,0,1242.36,355.45,Click and Collect
12370,2024-08-21,2024-08-27,Regular,Durban,KwaZulu-Natal,Kids Clothing,Denim Jeans,6,448.92,0.3,1885.46,249.63,Click and Collect
12371,2024-04-24,2024-04-28,Regular,Durban,KwaZulu-Natal,Kids Clothing,Swimwear,8,559.62,0,4476.96,693.58,Standard
12372,2023-01-25,2023-01-28,Regular,Tzaneen,Limpopo,Kids Clothing,Casual T-Shirts,9,396.85,0.05,3393.07,1070.39,Express
12373,2024-11-02,2024-11-05,Regular,Stellenbosch,Western Cape,Kids Clothing,Swimwear,2,272.44,0.2,435.9,101.58,Click and Collect
12374,2024-11-15,2024-11-17,Regular,Sandton,Gauteng,Kids Clothing,Winter Jackets,9,431.31,0.1,3493.61,905.09,Standard
12375,2022-04-06,2022-04-12,Wholesale,Cape Town,Western Cape,Kids Clothing,Denim Jeans,10,257.45,0.3,1802.15,541.23,Standard
12376,2021-11-28,2021-11-28,Loyalty Member,Port Elizabeth,Eastern Cape,Kids Clothing,Winter Jackets,10,517.56,0.1,4658.04,1444.61,Standard
12377,2021-08-14,2021-08-15,Regular,Richards Bay,KwaZulu-Natal,Kids Clothing,Summer Dresses,1,203.95,0.05,193.75,42.28,Standard
12378,2021-04-24,2021-04-28,Regular,Soweto,Gauteng,Kids Clothing,Winter Jackets,7,369.36,0,2585.52,405.7,Click and Collect
12379,2021-01-18,2021-01-24,Regular,Cape Town,Western Cape,Kids Clothing,Casual T-Shirts,5,516.23,0.05,2452.09,388.06,Standard
12380,2022-11-21,2022-11-25,Regular,Soweto,Gauteng,Kids Clothing,Casual T-Shirts,6,399.16,0.15,2035.72,388.91,Click and Collect
12381,2023-06-16,2023-06-19,Wholesale,Sandton,Gauteng,Kids Clothing,Winter Jackets,6,546.24,0.05,3113.57,763.44,Standard
12382,2021-08-04,2021-08-07,Loyalty Member,Sandton,Gauteng,Kids Clothing,Denim Jeans,6,569.45,0.15,2904.2,323.63,Click and Collect
12383,2023-03-26,2023-03-27,Loyalty Member,Mokopane,Limpopo,Footwear,Slippers,3,484.17,0,1452.51,253.67,Standard
12384,2021-10-21,2021-10-27,Loyalty Member,Stellenbosch,Western Cape,Kids Clothing,Winter Jackets,5,252.03,0,1260.15,343.92,Standard
12385,2022-08-21,2022-08-25,Regular,Pietermaritzburg,KwaZulu-Natal,Kids Clothing,Pyjama Sets,9,161.16,0,1450.44,181.67,Express
12386,2022-03-24,2022-03-25,Wholesale,Richards Bay,KwaZulu-Natal,Accessories,Scarves,1,464.76,0,464.76,102.18,Click and Collect
12387,2024-04-10,2024-04-16,Loyalty Member,Port Elizabeth,Eastern Cape,Kids Clothing,Swimwear,2,508.6,0,1017.2,169.68,Express
12388,2022-06-16,2022-06-21,Loyalty Member,Johannesburg,Gauteng,Kids Clothing,Swimwear,8,398.97,0.1,2872.58,290.85,Express
12389,2022-03-11,2022-03-14,Loyalty Member,Johannesburg,Gauteng,Kids Clothing,Swimwear,2,193.01,0.1,347.42,89.58,Express
12390,2022-05-26,2022-05-28,Regular,Pietermaritzburg,KwaZulu-Natal,Kids Clothing,Swimwear,10,309.53,0,3095.3,910.63,Standard
12391,2024-02-06,2024-02-10,Regular,Cape Town,Western Cape,Kids Clothing,School Uniforms,3,404.82,0.05,1153.74,231.44,Click and Collect
12392,2021-02-10,2021-02-15,Regular,Mthatha,Eastern Cape,Footwear,Slippers,1,372.59,0,372.59,81.53,Express
12393,2023-06-06,2023-06-08,Regular,Paarl,Western Cape,Kids Clothing,Denim Jeans,1,350.7,0,350.7,84.51,Standard
12394,2024-09-24,2024-09-28,Regular,Durban,KwaZulu-Natal,Kids Clothing,Swimwear,7,538.31,0.2,3014.54,594.99,Click and Collect
12395,2021-08-03,2021-08-04,Loyalty Member,Port Elizabeth,Eastern Cape,Accessories,School Bags,10,147.73,0.3,1034.11,154.84,Standard
12396,2021-02-08,2021-02-14,Regular,Cape Town,Western Cape,Accessories,Sun Hats,5,574.87,0.1,2586.91,574.77,Standard
12397,2024-02-09,2024-02-14,Regular,Soweto,Gauteng,Footwear,Boots,8,265.84,0,2126.72,352.92,Click and Collect
12398,2024-03-08,2024-03-09,Regular,Mthatha,Eastern Cape,Kids Clothing,Swimwear,4,426.69,0,1706.76,174.56,Click and Collect
12399,2021-06-25,2021-06-28,Wholesale,Durban,KwaZulu-Natal,Footwear,Slippers,10,282.35,0.05,2682.32,253.49,Standard
12400,2024-01-01,2024-01-04,Regular,Sandton,Gauteng,Kids Clothing,Swimwear,7,291.58,0.05,1939.01,555.94,Standard
12401,2022-04-23,2022-04-27,Regular,Stellenbosch,Western Cape,Footwear,Slippers,1,487.49,0.3,341.24,98.28,Standard
12402,2021-09-14,2021-09-16,Regular,Cape Town,Western Cape,Footwear,Boots,6,542.67,0.3,2279.21,342.69,Click and Collect
12403,2022-10-21,2022-10-23,Loyalty Member,Stellenbosch,Western Cape,Kids Clothing,Denim Jeans,8,184.12,0.15,1252.02,374.6,Express
12404,2022-11-12,2022-11-17,Regular,Mokopane,Limpopo,Kids Clothing,Swimwear,2,196.9,0,393.8,116.01,Click and Collect
12405,2021-04-10,2021-04-15,Regular,Port Elizabeth,Eastern Cape,Kids Clothing,Summer Dresses,9,451.32,0.05,3858.79,675.79,Standard
12406,2022-03-08,2022-03-13,Loyalty Member,Stellenbosch,Western Cape,Kids Clothing,Casual T-Shirts,6,353.63,0.2,1697.42,307.34,Express
12407,2024-12-16,2024-12-22,Regular,Soweto,Gauteng,Footwear,Sandals,1,293.17,0,293.17,55.63,Standard
12408,2022-10-15,2022-10-19,Regular,Johannesburg,Gauteng,Kids Clothing,School Uniforms,9,141.75,0.1,1148.17,161.59,Standard
12409,2024-03-18,2024-03-19,Regular,Richards Bay,KwaZulu-Natal,Kids Clothing,School Uniforms,2,300.18,0.2,480.29,52.06,Standard
12410,2021-04-13,2021-04-14,Regular,Paarl,Western Cape,Footwear,School Shoes,6,263.26,0.1,1421.6,243.07,Standard
12411,2023-03-24,2023-03-28,Regular,Pretoria,Gauteng,Footwear,Sandals,8,319.56,0.1,2300.83,629.67,Standard
12412,2023-11-22,2023-11-25,Loyalty Member,Sandton,Gauteng,Kids Clothing,Casual T-Shirts,7,103.62,0.05,689.07,219.26,Click and Collect
12413,2021-10-14,2021-10-20,Regular,Polokwane,Limpopo,Kids Clothing,Summer Dresses,9,280.97,0.3,1770.11,526.97,Express
12414,2021-11-28,2021-11-28,Loyalty Member,Tzaneen,Limpopo,Footwear,Boots,9,207.19,0.15,1585.0,377.15,Click and Collect
12415,2023-11-21,2023-11-25,Regular,Paarl,Western Cape,Kids Clothing,Pyjama Sets,10,381.53,0.2,3052.24,744.48,Click and Collect
12416,2021-09-04,2021-09-05,Loyalty Member,Paarl,Western Cape,Accessories,School Bags,4,229.3,0.1,825.48,177.37,Standard
12417,2024-08-02,2024-08-03,Loyalty Member,Durban,KwaZulu-Natal,Accessories,Scarves,10,260.05,0,2600.5,398.32,Standard
12418,2023-05-10,2023-05-15,Loyalty Member,Pietermaritzburg,KwaZulu-Natal,Kids Clothing,Swimwear,2,589.3,0.3,825.02,232.83,Express
12419,2023-07-05,2023-07-09,Wholesale,Johannesburg,Gauteng,Kids Clothing,Pyjama Sets,2,419.66,0.3,587.52,75.86,Standard
12420,2023-12-25,2023-12-28,Regular,Pretoria,Gauteng,Kids Clothing,Casual T-Shirts,4,369.91,0,1479.64,268.43,Click and Collect
12421,2024-12-03,2024-12-09,Regular,Polokwane,Limpopo,Kids Clothing,Casual T-Shirts,9,581.64,0,5234.76,576.39,Express
12422,2023-11-21,2023-11-24,Loyalty Member,Johannesburg,Gauteng,Kids Clothing,Swimwear,5,534.72,0.1,2406.24,515.57,Standard
12423,2023-03-21,2023-03-27,Regular,Port Elizabeth,Eastern Cape,Kids Clothing,Summer Dresses,9,192.02,0.05,1641.77,321.81,Express
12424,2024-12-12,2024-12-19,Loyalty Member,Soweto,Gauteng,Kids Clothing,Pyjama Sets,4,113.62,0,454.48,81.58,Standard
12425,2023-11-15,2023-11-21,Regular,Johannesburg,Gauteng,Kids Clothing,Pyjama Sets,2,515.25,0.3,721.35,223.87,Express
12426,2023-02-24,2023-02-25,Regular,Johannesburg,Gauteng,Kids Clothing,School Uniforms,5,564.84,0.1,2541.78,358.64,Express
12427,2021-02-19,2021-02-26,Loyalty Member,Johannesburg,Gauteng,Kids Clothing,Swimwear,5,176.96,0.1,796.32,230.58,Standard
12428,2023-12-06,2023-12-08,Wholesale,Soweto,Gauteng,Kids Clothing,Swimwear,8,322.83,0,2582.64,497.16,Standard
12429,2021-11-05,2021-11-08,Wholesale,Stellenbosch,Western Cape,Kids Clothing,Swimwear,9,511.44,0,4602.96,1202.24,Standard
12430,2021-10-14,2021-10-20,Regular,Johannesburg,Gauteng,Kids Clothing,Pyjama Sets,4,369.15,0.05,1402.77,391.3,Express
12431,2023-08-03,2023-08-07,Wholesale,Pretoria,Gauteng,Footwear,School Shoes,1,185.35,0.3,129.74,10.68,Express
12432,2021-08-02,2021-08-09,Loyalty Member,Paarl,Western Cape,Kids Clothing,Denim Jeans,7,557.71,0.2,3123.18,813.12,Click and Collect
12433,2022-03-02,2022-03-06,Regular,Mthatha,Eastern Cape,Accessories,Belts,4,228.21,0.1,821.56,182.82,Express
12434,2024-08-24,2024-08-27,Wholesale,Soweto,Gauteng,Kids Clothing,Casual T-Shirts,6,119.23,0.3,500.77,136.02,Express
12435,2023-06-13,2023-06-16,Regular,Soweto,Gauteng,Kids Clothing,Winter Jackets,2,483.44,0,966.88,193.87,Standard
12436,2023-08-16,2023-08-21,Regular,Johannesburg,Gauteng,Kids Clothing,Summer Dresses,3,120.12,0.2,288.29,90.52,Standard
12437,2022-01-07,2022-01-09,Loyalty Member,East London,Eastern Cape,Accessories,Scarves,3,575.05,0.15,1466.38,452.51,Standard
12438,2021-10-23,2021-10-28,Loyalty Member,Stellenbosch,Western Cape,Footwear,School Shoes,7,204.82,0,1433.74,263.58,Standard
12439,2022-05-15,2022-05-19,Regular,Pietermaritzburg,KwaZulu-Natal,Kids Clothing,Denim Jeans,4,334.92,0,1339.68,127.06,Express
12440,2022-07-24,2022-07-28,Regular,Pretoria,Gauteng,Kids Clothing,Summer Dresses,4,595.38,0,2381.52,275.94,Click and Collect
12441,2024-03-25,2024-03-28,Regular,Soweto,Gauteng,Footwear,Sandals,8,432.83,0,3462.64,557.08,Standard
12442,2021-01-08,2021-01-15,Loyalty Member,Stellenbosch,Western Cape,Footwear,School Shoes,1,366.04,0.1,329.44,37.63,Standard
12443,2021-04-24,2021-04-28,Regular,Cape Town,Western Cape,Accessories,Sun Hats,2,411.45,0.05,781.75,162.61,Standard
12444,2021-03-12,2021-03-18,Regular,Johannesburg,Gauteng,Kids Clothing,School Uniforms,10,356.12,0.15,3027.02,789.02,Express
12445,2021-08-14,2021-08-19,Regular,Richards Bay,KwaZulu-Natal,Accessories,Hair Accessories,5,277.46,0.15,1179.2,181.27,Express
12446,2022-02-12,2022-02-16,Loyalty Member,Richards Bay,KwaZulu-Natal,Kids Clothing,Pyjama Sets,3,310.89,0,932.67,146.96,Express
12447,2024-04-21,2024-04-26,Loyalty Member,Sandton,Gauteng,Kids Clothing,Summer Dresses,9,594.94,0.05,5086.74,1182.96,Standard
12448,2022-10-15,2022-10-20,Wholesale,East London,Eastern Cape,Footwear,Slippers,4,434.64,0,1738.56,428.4,Standard
12449,2022-02-20,2022-02-25,Wholesale,Soweto,Gauteng,Footwear,School Shoes,1,154.16,0,154.16,26.99,Standard
12450,2024-11-22,2024-11-28,Regular,Paarl,Western Cape,Accessories,Hair Accessories,7,329.23,0.1,2074.15,578.52,Standard
12451,2024-04-05,2024-04-10,Loyalty Member,Johannesburg,Gauteng,Kids Clothing,Denim Jeans,6,183.45,0,1100.7,314.32,Standard
12452,2022-02-11,2022-02-14,Regular,Soweto,Gauteng,Footwear,Sneakers,4,381.11,0.2,1219.55,164.25,Express
12453,2023-10-10,2023-10-11,Regular,Paarl,Western Cape,Footwear,Sneakers,7,273.77,0.15,1628.93,207.87,Standard
12454,2024-04-02,2024-04-03,Regular,Cape Town,Western Cape,Kids Clothing,Swimwear,8,568.41,0.2,3637.82,877.28,Standard
12455,2022-06-24,2022-06-28,Regular,Pietermaritzburg,KwaZulu-Natal,Footwear,Sandals,3,572.01,0.05,1630.23,241.96,Standard
12456,2023-10-07,2023-10-12,Loyalty Member,Tzaneen,Limpopo,Kids Clothing,School Uniforms,10,152.16,0,1521.6,232.15,Standard
12457,2024-12-24,2024-12-25,Wholesale,Durban,KwaZulu-Natal,Footwear,Boots,5,244.15,0.3,854.52,227.0,Standard
12458,2022-11-16,2022-11-21,Loyalty Member,Sandton,Gauteng,Kids Clothing,Casual T-Shirts,7,494.43,0,3461.01,774.83,Standard
12459,2024-05-25,2024-05-28,Loyalty Member,Pietermaritzburg,KwaZulu-Natal,Kids Clothing,School Uniforms,5,267.54,0.3,936.39,257.98,Express
12460,2024-07-19,2024-07-26,Loyalty Member,Soweto,Gauteng,Footwear,Sandals,9,313.64,0,2822.76,729.99,Express
12461,2023-03-17,2023-03-22,Regular,Stellenbosch,Western Cape,Kids Clothing,School Uniforms,9,186.61,0.1,1511.54,389.43,Standard
12462,2022-08-09,2022-08-11,Regular,East London,Eastern Cape,Footwear,Slippers,6,404.67,0,2428.02,424.46,Express
12463,2021-03-08,2021-03-09,Regular,Soweto,Gauteng,Footwear,Sandals,5,563.47,0.1,2535.62,674.19,Standard
12464,2023-09-13,2023-09-18,Regular,Johannesburg,Gauteng,Kids Clothing,Winter Jackets,7,105.42,0.05,701.04,140.95,Standard
12465,2021-04-11,2021-04-18,Regular,Sandton,Gauteng,Kids Clothing,Winter Jackets,10,498.21,0.05,4732.99,920.4,Standard
12466,2023-08-14,2023-08-20,Loyalty Member,Port Elizabeth,Eastern Cape,Accessories,Hair Accessories,2,183.99,0,367.98,101.19,Standard
12467,2022-12-19,2022-12-26,Regular,Richards Bay,KwaZulu-Natal,Kids Clothing,Swimwear,7,451.18,0,3158.26,736.61,Click and Collect
12468,2021-01-26,2021-01-28,Regular,Sandton,Gauteng,Kids Clothing,Summer Dresses,6,155.82,0.2,747.94,188.12,Express
12469,2021-02-27,2021-02-28,Loyalty Member,Sandton,Gauteng,Footwear,School Shoes,3,387.92,0.3,814.63,102.91,Standard
12470,2021-01-03,2021-01-05,Loyalty Member,East London,Eastern Cape,Kids Clothing,Denim Jeans,2,553.72,0,1107.44,190.86,Click and Collect
12471,2021-10-10,2021-10-15,Regular,Johannesburg,Gauteng,Kids Clothing,Swimwear,6,107.45,0.15,548.0,88.04,Standard
12472,2022-10-14,2022-10-19,Loyalty Member,Soweto,Gauteng,Kids Clothing,Casual T-Shirts,1,362.5,0.1,326.25,73.89,Standard
12473,2022-12-06,2022-12-13,Wholesale,Mthatha,Eastern Cape,Accessories,Scarves,1,339.1,0,339.1,75.97,Standard
12474,2022-04-27,2022-04-28,Regular,Cape Town,Western Cape,Kids Clothing,Summer Dresses,1,375.89,0.1,338.3,30.42,Standard
12475,2022-08-28,2022-08-28,Regular,Stellenbosch,Western Cape,Kids Clothing,Winter Jackets,7,167.79,0.3,822.17,116.07,Standard
12476,2024-02-03,2024-02-09,Wholesale,Port Elizabeth,Eastern Cape,Footwear,Sandals,1,420.33,0,420.33,133.97,Standard
12477,2023-02-14,2023-02-17,Regular,Johannesburg,Gauteng,Kids Clothing,Casual T-Shirts,1,513.05,0,513.05,107.79,Click and Collect
12478,2022-11-23,2022-11-28,Loyalty Member,Richards Bay,KwaZulu-Natal,Footwear,Sandals,4,119.24,0.15,405.42,67.19,Click and Collect
12479,2024-10-24,2024-10-26,Regular,Cape Town,Western Cape,Footwear,Sneakers,10,308.54,0,3085.4,873.16,Click and Collect
12480,2024-11-04,2024-11-09,Regular,Richards Bay,KwaZulu-Natal,Kids Clothing,School Uniforms,6,172.27,0,1033.62,117.66,Standard
12481,2022-07-01,2022-07-06,Loyalty Member,Stellenbosch,Western Cape,Accessories,Belts,1,218.12,0.2,174.5,49.13,Click and Collect
12482,2021-12-20,2021-12-24,Regular,East London,Eastern Cape,Footwear,Sandals,5,305.67,0.15,1299.1,186.12,Standard
12483,2023-01-27,2023-01-28,Loyalty Member,Paarl,Western Cape,Footwear,Slippers,1,300.13,0,300.13,73.88,Standard
12484,2023-07-14,2023-07-19,Loyalty Member,Sandton,Gauteng,Kids Clothing,Winter Jackets,3,399.28,0.1,1078.06,106.47,Standard
12485,2021-05-20,2021-05-23,Wholesale,Soweto,Gauteng,Kids Clothing,Swimwear,4,432.99,0.1,1558.76,294.6,Express
12486,2021-10-26,2021-10-28,Regular,Cape Town,Western Cape,Accessories,Scarves,8,159.88,0.2,1023.23,112.18,Click and Collect
12487,2024-09-11,2024-09-16,Wholesale,Port Elizabeth,Eastern Cape,Accessories,Hair Accessories,3,399.46,0.3,838.87,259.84,Standard
12488,2024-07-05,2024-07-12,Regular,Pietermaritzburg,KwaZulu-Natal,Footwear,Sneakers,10,355.27,0.1,3197.43,875.77,Standard
12489,2024-08-21,2024-08-22,Regular,Stellenbosch,Western Cape,Footwear,Boots,5,111.85,0,559.25,165.11,Express
12490,2024-03-07,2024-03-08,Regular,Durban,KwaZulu-Natal,Kids Clothing,Summer Dresses,6,166.2,0.2,797.76,222.95,Standard
12491,2023-12-27,2023-12-28,Loyalty Member,East London,Eastern Cape,Accessories,Hair Accessories,3,144.08,0,432.24,69.8,Standard
12492,2023-12-08,2023-12-11,Regular,Cape Town,Western Cape,Kids Clothing,Winter Jackets,6,557.46,0,3344.76,531.99,Click and Collect
12493,2022-05-22,2022-05-24,Loyalty Member,Cape Town,Western Cape,Footwear,School Shoes,10,132.45,0,1324.5,398.84,Standard
12494,2023-12-08,2023-12-14,Wholesale,Stellenbosch,Western Cape,Footwear,School Shoes,5,528.68,0.3,1850.38,375.4,Standard
12495,2022-11-27,2022-11-28,Loyalty Member,Soweto,Gauteng,Kids Clothing,Pyjama Sets,5,112.02,0,560.1,57.8,Standard
12496,2022-04-03,2022-04-05,Regular,Johannesburg,Gauteng,Footwear,School Shoes,10,284.26,0.1,2558.34,304.52,Standard
12497,2024-09-25,2024-09-28,Loyalty Member,Pietermaritzburg,KwaZulu-Natal,Footwear,Sneakers,9,330.47,0.1,2676.81,712.87,Click and Collect
12498,2022-07-07,2022-07-14,Regular,Richards Bay,KwaZulu-Natal,Kids Clothing,Summer Dresses,8,509.22,0,4073.76,633.45,Standard
12499,2022-03-21,2022-03-24,Regular,Cape Town,Western Cape,Kids Clothing,Denim Jeans,9,475.19,0,4276.71,682.0,Click and Collect
